Hostaway Account Id,Hostaway Listing Id,Hostaway Listing Name,Activated For Reporting On,Airbnb Account Email,Airbnb Last Sync Date,Airbnb Listing Active,Airbnb Listing Id,Airbnb Listing Markup,Airbnb Listing Owner Id,Airbnb Listing Owner Name,Airbnb Min Stay Limit,Airbnb Official Account Email,Airbnb Official Approval Status,Airbnb Official Attempt To Publish,Airbnb Official Eligible Cancellation Policies,Airbnb Official Last Sync Date,Airbnb Official Listing Active,Airbnb Official Listing Id,Airbnb Official Listing Id Str,Airbnb Official Listing Markup,Airbnb Official Listing Owner Id,Airbnb Official Sync Category,Airbnb Official Sync Category Control,Airbnb Official User Id,Airbnb User Id,Attachment,Average Nightly Price,Average Review Rating,Booking Com Cancellation Exceptions,Booking Com Checkin Methods,Booking Com Damage Policy,Booking Engine Markup,Booking Engine Sort Order,Bookingcom Content Export Note,Bookingcom Content Export Queue,Bookingcom Hotel Id,Bookingcom Invoice Birth Date,Bookingcom Invoice City,Bookingcom Invoice City Hall Id,Bookingcom Invoice Company Address,Bookingcom Invoice Contact Person,Bookingcom Invoice Country Code,Bookingcom Invoice Email Address,Bookingcom Invoice Land Registration Numbers,Bookingcom Invoice Legal Name,Bookingcom Invoice Notification Channel,Bookingcom Invoice Postal Code,Bookingcom Invoice State,Bookingcom Invoice Tax Number,Bookingcom Invoice Tax Type,Bookingcom Keep Reservations,Bookingcom Last Sync Date,Bookingcom Review Imported On,Bookingcom Room Active,Bookingcom Room Id,Calendar Imported On,Dynamic Pricing,Expedia Hotel Id,Expedia Keep Reservations,Expedia Last Sync Date,Expedia Listing Url,Expedia Max Occupancy,Expedia Room Active,Expedia Room Id,Flipkey Active,Flipkey Content Export Note,Flipkey Content Export Queue,Flipkey Last Sync Date,Gds Hotel Code,Gds Room Code,Google V R Listing Url,Homeaway Api Active,Homeaway Api Content Export Note,Homeaway Api Content Export Queue,Homeaway Api Exported,Homeaway Api Last Activation Date,Homeaway Api Listing Url,Homeaway Api Markup,Homeaway Api Push Disabled,Homeaway Ical,Homeaway Last Sync Date,Homeaway Listing Active,Homeaway Property Id,Inserted On,Is Active,Is Airbnb Export Los Active,Is Complete,Is Google Active,Is Guest Service Fee Included In P B,Is Import In Progress,Is Multi Unit,Is Parent,Is Pricing Channel Active,Is Sensitive Information G P Active,Is Syncing,Is Wp Active,Last Sync Date,Last Vrbo Export Error,Latest Activity On,Listing,Listing Channel Cancellation Policy,Listing Min Night Settings,Listing Owner User Id,Listing Settings,Marriott Listing Hvmi Status,Marriott Listing Id,Marriott Listing Markup,Marriott Listing Status,Parent Id,Parent Listing Name,Parent Unit Id,Partners Listing Markup,Pricing Channel Listing Id,Properly Active,Properly Last Sync Date,Properly Listing Id,Sensitive Information,Sort Order,Special Status,Stripe Account,Stripe Account Id,Stripe Connect Id,Sync Inconsistency Airbnb Official,Trip Advisor Ical,Trip Advisor Ical Active,Trip Advisor Ical Last Sync Date,Updated On,Vrbo Account Id,Vrbo Export Status,Vrbo Ical,Vrbo Ical Active,Vrbo Ical Last Sync,Vrbo Listing Active,Vrbo Listing Active Date,Vrbo Listing Id,Vrbo Listing Url,Wp Sort Order
18629,78819, Seann Gloss 459 (PF) ,,,,False,,1,,,,david832haven@gmail.com, approved ,1,, 2026-08-25 19:31:10 ,True,, 1151807143597215795 ,1.25,279783412, sync_rates_and_availability , onlyHostaway , 279783412 ,,,,8.9,,,,1.03,50,,,5745170,,,,,,,,,,,,,,,,, 2022-09-23 19:31:02 ,True,574517002, 2020-07-30 15:28:57 ,,,,, https://www.expedia.com/Pigeon-Forge-Hotels-Splash-Of-Moonshine-Heated-Indoor-Pool.h41809064.Hotel-Information ,,False,,False,,,,,, https://www.google.com/travel/hotels/entity/CgoQmo-5lsXcwYswEAI=/overview?g2lb=43807868 ,True,,,1, 2020-07-31 13:50:23 , https://www.vrbo.com/1779783?unitId=2341292 ,1.06,,,,False,41809064, 2020-07-30 15:28:27 ,True,False,True,True,1,,,,False,False,True,True,,, 2026-08-11 18:55:11 ,37029,,,,, approved ,40058317,1.2, inactive ,,,,1.05,,False,,,,2,,,,,,,False,, 2020-07-30 15:28:27 ,18629, exported ,,False,,True,True, 1779783 , https://www.vrbo.com/1779783?dateless=true ,
18629,78824, Natasha Ross 2808 (PF) ,,,,False,,1,,,,david832haven@gmail.com, approved ,,, 2026-08-11 20:14:57 ,True, 43389843 , 43389843 ,1.25,279783412, sync_rates_and_availability , onlyHostaway , 279783412 ,,,,9.6,,,,1.03,132,,,6451179,,,,,,,,,,,,,,,,, 2023-09-29 15:01:39 ,True,645117902, 2020-07-30 15:29:23 ,,,,, https://www.expedia.com/Pigeon-Forge-Hotels-Cozy-Smoky-Mountain-Tiny-House.h53308367.Hotel-Information ,,False,,False,,,,,, https://www.google.com/travel/hotels/entity/CgoQi4OpmrKcmsgbEAI=/overview?g2lb=43807868 ,False,,,1, 2020-07-31 13:46:39 , https://www.vrbo.com/1982023?unitId=2546540 ,1.06,,,,False,53308367, 2020-07-30 15:28:53 ,True,False,True,True,1,,,,False,False,True,False,,, 2026-08-11 20:08:12 ,37034,,,,, approved ,40063874,1.2, inactive ,,,,1.05,,False,,,,7,,,,,,,False,, 2020-07-30 15:28:53 ,18629, not_exported ,,False,,False,True, 1982023 , https://www.vrbo.com/1982023?dateless=true ,
18629,79561, Julie Michala 338-101 (BC) ,,,,False,,1,,,,david832haven@gmail.com, approved ,1,, 2026-08-11 20:15:49 ,True, 45485585 , 45485585 ,1.25,279783412, sync_rates_and_availability , onlyHostaway , 279783412 ,,,,9.8,,,,1.03,162,,,6779318,,,,,,,,,,,,,,,,, 2022-03-18 17:41:01 ,True,677931802, 2020-09-18 18:11:50 ,,,,, https://www.expedia.com/Townsend-Hotels-Modern-Cades-Cove-Condo-W-Community-Pool.h58279420.Hotel-Information ,,False,,False,,,,,, https://www.google.com/travel/hotels/entity/CgoQxoLQ5bvDvZtsEAI=/overview?g2lb=43807868 ,True,,,1, 2020-09-23 19:56:35 , https://www.vrbo.com/2075067?unitId=2639600 ,1.06,,,,False,58279420, 2020-09-18 18:11:23 ,True,False,True,True,1,,,,False,False,True,False,,, 2026-08-11 20:08:24 ,37771,,,,, approved ,40063864,1.2, active ,,,,1.05,,False,,,,1,,,,,,,False,, 2020-09-18 18:11:23 ,18629, exported ,,False,,True,True, 2075067 , https://www.vrbo.com/2075067?dateless=true ,
18629,81662, Christine Stowers 3983 (SCounty) ,,,,False,,1,,,,,,,, 2021-05-17 14:56:21 ,False,,,1.25,,, onlyHostaway ,,,,,9.5,,,,1.03,131,,,,,,,,,,,,,,,,,,,,,False,, 2021-01-07 20:11:57 ,,,,, https://www.expedia.com/Sevierville-Hotels-Bear-Creek-Lodge-Hot-Tub.h63112640.Hotel-Information ,,False,,False,,,,,, https://www.google.com/travel/hotels/entity/CgsQksX-vuem7_THARAC/overview?g2lb=43807868 ,False,,,1, 2021-01-09 19:40:28 , https://www.vrbo.com/2170698?unitId=2735234 ,1.06,,,,False,63112640, 2021-01-07 20:11:25 ,True,False,True,True,1,,,,False,False,True,False,,, 2026-01-21 16:50:41 ,39870,,,,, approved ,40058667,1.2, inactive ,,,,1.05,,False,,,,4, archived ,,,,,,False,, 2021-01-07 20:11:25 ,18629, not_exported ,,False,,False,True, 2170698 , https://www.vrbo.com/2170698?dateless=true ,
18629,82620, Chad Williams 326-104 (BC) ,,,,False,,1,,,,david832haven@gmail.com, approved ,1,, 2026-08-11 20:16:49 ,True, 48194098 , 48194098 ,1.18,279783412, sync_rates_and_availability , onlyHostaway , 279783412 ,,,,9.8,,,,1.03,157,,,7129666,,,,,,,,,,,,,,,,, 2023-08-08 13:56:45 ,True,712966602, 2021-02-17 18:27:40 ,,,,, https://www.expedia.com/Townsend-Hotels-Gorgeous-Cades-Cove-Condo-With-Community-Pool.h66120638.Hotel-Information ,,False,,False,,,,,, https://www.google.com/travel/hotels/entity/CgoQhOva9YGVvMQMEAI=/overview?g2lb=43807868 ,True,,,1, 2021-03-17 19:12:31 , https://www.bookabach.co.nz/holiday-accommodation/p2248063vb?uni_id=2812628 ,1.06,,,,False,66120638, 2021-02-17 18:27:08 ,True,False,True,True,1,,,,False,False,True,False,,, 2026-08-11 20:08:36 ,40826,,,,, approved ,40063862,1.2, active ,,,,1.05,,False,,,,3,,,,,,,False,, 2021-02-17 18:27:08 ,18629, exported ,,False,,True,True, 2248063 , https://www.vrbo.com/2248063?dateless=true ,
18629,82621, Chad Williams 223-202 (BC) ,,,,False,,1,,,,david832haven@gmail.com, approved ,1,, 2026-08-11 20:15:13 ,True, 48193245 , 48193245 ,1.18,279783412, sync_rates_and_availability , onlyHostaway , 279783412 ,,,,9.7,,,,1.03,158,,,7129669,,,,,,,,,,,,,,,,, 2023-09-13 04:25:59 ,True,712966902, 2021-02-17 18:27:54 ,,,,, https://www.expedia.com/Townsend-Hotels-Elegant-Cades-Cove-Condo-With-Community-Pool.h66120640.Hotel-Information ,,False,,False,,,,,, https://www.google.com/travel/hotels/entity/CgoQ3rmk_6yviN9iEAI=/overview?g2lb=43807868 ,True,,,1, 2021-03-17 19:12:02 , https://www.vrbo.com/2248064?unitId=2812629 ,1.06,,,,False,66120640, 2021-02-17 18:27:23 ,True,False,True,True,1,,,,False,False,True,False,,, 2026-08-11 20:08:48 ,40827,,,,, approved ,40058271,1.2, active ,,,,1.05,,False,,,,5,,,,,,,False,, 2021-02-17 18:27:23 ,18629, exported ,,False,,True,True, 2248064 , https://www.vrbo.com/2248064?dateless=true ,
18629,83048, Brett Dickinson 338-203 (BC) ,,,,False,,1,,,,,,,, 2026-04-16 14:13:47 ,False,,,1.25,,, onlyHostaway ,,,,,9.6,,,,1.03,161,,,,,,,,,,,,,,,,,,,, 2023-11-01 18:06:58 ,False,, 2021-03-04 23:12:20 ,,,,, https://www.expedia.com/Townsend-Hotels-Cozy-Cades-Cove-Condo-With-Community-Pool.h66283568.Hotel-Information ,,False,,False,,,,,, https://www.google.com/travel/hotels/entity/CgsQt_ruwtf36Nf5ARAC/overview?g2lb=43807868 ,False,,,1, 2021-03-25 18:34:01 , https://www.vrbo.com/2256784?unitId=2821350 ,1.06,,,,False,66283568, 2021-03-04 23:11:51 ,True,False,True,False,1,,,,False,False,True,False,,, 2026-01-21 16:51:51 ,41240,,,,, approved ,40058293,1.2, inactive ,,,,1.05,,False,,,,6, archived ,,,,,,False,, 2021-03-04 23:11:51 ,18629, not_exported ,,False,,False,True, 2256784 , https://www.vrbo.com/2256784?dateless=true ,
18629,83165, Josef Wankerl 1030 (GAT) ,,,,False,,1,,,,,,,, 2021-05-18 12:03:20 ,False,,,1.25,,, onlyHostaway ,,,,,8.9,,,,1,172,,,7379618,,,,,,,,,,,,,,,,, 2023-10-06 15:41:05 ,True,737961802, 2021-03-11 19:29:07 ,,,,, https://www.expedia.com/Gatlinburg-Hotels-Bear-View-Chalet-Hot-Tub.h67334747.Hotel-Information ,,False,,False,,,,,, https://www.google.com/travel/hotels/entity/CgoQ1t_rrIqIkaNsEAI=/overview?g2lb=43807868 ,True,,,1, 2021-05-04 07:02:57 , https://www.vrbo.com/2298653?unitId=2864714 ,1,,,,False,67334747, 2021-03-11 19:28:34 ,True,False,True,True,1,,,,False,False,True,False,,, 2026-08-11 20:09:06 ,41357,,,,, rejected ,40063880,1.2, active ,,,,1.1,,False,,,,8,,,,,,,False,, 2021-03-11 19:28:34 ,18629, exported ,,False,,True,True, 2298653 , https://www.vrbo.com/2298653?dateless=true ,
18629,84093, Chuane Li 1483 (SCounty) ,,,,False,,1,,,,david832haven@gmail.com, approved ,1,, 2026-08-20 13:24:48 ,True, 49318725 , 49318725 ,1.25,279783412, sync_rates_and_availability , onlyHostaway , 279783412 ,,,,9.4,,,,1.03,171,,,7379789,,,,,,,,,,,,,,,,, 2021-10-25 21:46:24 ,True,737978902, 2021-04-21 19:14:52 ,,,,, https://www.expedia.com/Sevierville-Hotels-Bear-Claw-Cove-Hot-Tub.h68216800.Hotel-Information ,,False,,False,,,,,, https://www.google.com/travel/hotels/entity/CgoQte3HwJ7PgbQDEAI=/overview?g2lb=43807868 ,True,,,1, 2021-05-31 22:30:30 , https://www.vrbo.com/2334080?unitId=2900402 ,1.06,,,,False,68216800, 2021-04-21 19:14:21 ,True,False,True,True,1,,,,False,False,True,False,,, 2026-08-20 13:19:41 ,42285,,,,, approved ,40059205,1.2, active ,,,,1.05,,False,,,,9,,,,,,,False,, 2021-04-21 19:14:21 ,18629, exported ,,False,,True,True, 2334080 , https://www.vrbo.com/2334080?dateless=true ,
18629,84139, Cari Wilber 923 (SCounty) ,,,,False,,1,,,,,,,, 2021-05-18 10:32:46 ,False,,,1.25,,, onlyHostaway ,,,,,9.5,,,,1.03,145,,,,,,,,,,,,,,,,,,,,,False,, 2021-04-22 19:29:04 ,,,,, https://www.expedia.com/Gatlinburg-Hotels-HotTub-CommunityPool.h70128550.Hotel-Information ,,False,,False,,,,,, https://www.google.com/travel/hotels/entity/CgoQtePV3PG_kPwUEAI=/overview?g2lb=43807868 ,False,,,1, 2021-08-05 01:15:44 , https://ws.homeaway.com/public/listing?id=2416830vb ,1,,,,False,, 2021-04-22 19:28:37 ,True,False,True,True,1,,,,False,False,True,False,,, 2026-04-28 14:12:03 ,42331,,,,, rejected ,40058269,1.2, active ,,,,1.05,,False,,,,10, archived ,,,,,,False,, 2021-04-22 19:28:37 ,, not_exported ,,False,,False,False,,,
18629,84248, Carl Chadwell 116-206 (KCity) ,,,,False,,1,,,,, approved ,1,, 2026-08-11 20:15:07 ,True, 33966749 , 33966749 ,1.155,100290800, sync_rates_and_availability , onlyHostaway , 100290800 ,,,,9.5,,,,1.03,197,,,5242646,,,,,,,,,,,,,,,,,,True,524264602, 2021-04-27 13:18:21 ,,,,, https://www.expedia.com/Knoxville-Hotels-Historic-Sterchi-Loft-On-Gay-St.h67334751.Hotel-Information ,,False,,False,,,,,, https://www.google.com/travel/hotels/entity/CgoQpbjg3f7f1YQWEAI=/overview?g2lb=43807868 ,True,,,1, 2021-05-04 04:40:41 , https://www.vrbo.com/2298656?unitId=2864717 ,1.06,,,,False,67334751, 2021-04-27 13:17:41 ,True,False,True,True,1,,,,False,False,True,False,,, 2026-08-11 20:09:30 ,42440,,,,, approved ,40051705,1.2, active ,,,,1.05,,False,,,,11,,,,,,,False,, 2021-04-27 13:17:41 ,18629, exported ,,False,,True,True, 2298656 , https://www.vrbo.com/2298656?dateless=true ,
18629,84250, Dylan Robinson 116-203 (KCity) ,,,,False,,1,,,,, approved ,1,, 2026-08-11 20:14:03 ,True, 17525438 , 17525438 ,1.155,100290800, sync_rates_and_availability , onlyHostaway , 100290800 ,,,,9.4,,,,1.03,199,,,5242640,,,,,,,,,,,,,,,,,,True,524264002, 2021-04-27 13:18:33 ,,,,, https://www.expedia.com/Knoxville-Hotels-City-Loft-W-View-Of-Gay-St.h67334759.Hotel-Information ,,False,,False,,,,,, https://www.google.com/travel/hotels/entity/CgsQ7vb9zbi92-DoARAC/overview?g2lb=43807868 ,True,,,1, 2021-05-04 04:40:54 , https://www.vrbo.com/2298659?unitId=2864720 ,1.06,,,,False,67334759, 2021-04-27 13:17:49 ,True,False,True,True,1,,,,False,False,True,False,,, 2026-08-11 20:09:41 ,42442,,,,, approved ,40051715,1.2, active ,,,,1.05,,False,,,,12,,,,,,,False,, 2021-04-27 13:17:49 ,18629, exported ,,False,,True,True, 2298659 , https://www.vrbo.com/2298659?dateless=true ,
18629,84251, Dylan Robinson 3115 (KCity) ,,,,False,,1,,,,, approved ,1,, 2026-08-11 20:16:38 ,True,, 1593573554661842805 ,1.155,100290800, sync_rates_and_availability , onlyHostaway , 100290800 ,,,,9.1,,,,1.03,188,,,5242674,,,,,,,,,,,,,,,,, 2023-04-16 02:55:52 ,True,524267402, 2021-04-27 13:18:38 ,,,,, https://www.expedia.com/Knoxville-Hotels-1940s-Bungalow-Near-Downtown-UT-Campus.h67334763.Hotel-Information ,,False,,False,,,,,, https://www.google.com/travel/hotels/entity/CgsQqNH66rjQmJ7kARAC/overview?g2lb=43807868 ,True,,,1, 2021-05-04 04:40:58 , https://www.vrbo.com/2298662?unitId=2864723 ,1.06,,,,False,67334763, 2021-04-27 13:17:53 ,True,False,True,True,1,,,,False,False,True,False,,, 2026-08-29 03:00:46 ,42443,,,,, rejected ,40058281,1.2, active ,,,,1.05,,False,,,,14,,,,,,,False,, 2021-04-27 13:17:53 ,18629, exported ,,False,,True,True, 2298662 , https://www.vrbo.com/2298662?dateless=true ,
18629,84252, Kirk Kelso 116-102 (KCity) ,,,,False,,1,,,,, approved ,1,, 2026-08-11 20:17:26 ,True, 38405093 , 38405093 ,1.155,100290800, sync_rates_and_availability , onlyHostaway , 100290800 ,,,,9.4,,,,1.03,194,,,5688767,,,,,,,,,,,,,,,,, 2022-08-16 06:55:58 ,True,568876702, 2021-04-27 13:20:31 ,,,,, https://www.expedia.com/Knoxville-Hotels-Modern-Downtown-Loft-On-Gay-St.h67334769.Hotel-Information ,,False,,False,,,,,, https://www.google.com/travel/hotels/entity/CgoQm_HenMKyzN5BEAI=/overview?g2lb=43807868 ,True,,,1, 2021-05-04 04:41:09 , https://www.vrbo.com/2298663?unitId=2864724 ,1.06,,,,False,67334769, 2021-04-27 13:19:45 ,True,False,True,True,1,,,,False,False,True,False,,, 2026-08-11 20:10:11 ,42444,,,,, rejected ,40059207,1.2, new ,,,,1.05,,False,,,,13,,,,,,,False,, 2021-04-27 13:19:45 ,18629, exported ,,False,,True,True, 2298663 , https://www.vrbo.com/2298663?dateless=true ,
18629,84254, Dylan Robinson 116-106 (KCity) ,,,,False,,1,,,,, approved ,1,, 2026-08-11 20:18:31 ,True, 16546834 , 16546834 ,1.155,100290800, sync_rates_and_availability , onlyHostaway , 100290800 ,,,,9.5,,,,1.03,196,,,5242650,,,,,,,,,,,,,,,,,,True,524265002, 2021-04-27 13:20:38 ,,,,, https://www.expedia.com/Knoxville-Hotels-Modern-Gay-St-Loft-W-View.h67334772.Hotel-Information ,,False,,False,,,,,, https://www.google.com/travel/hotels/entity/CgoQsovLqIXDh849EAI=/overview?g2lb=43807868 ,True,,,1, 2021-05-04 04:41:20 , https://www.vrbo.com/2298665?unitId=2864726 ,1.06,,,,False,67334772, 2021-04-27 13:19:50 ,True,False,True,True,1,,,,False,False,True,False,,, 2026-08-11 20:10:23 ,42446,,,,, approved ,40051711,1.2, active ,,,,1.05,,False,,,,15,,,,,,,False,, 2021-04-27 13:19:50 ,18629, exported ,,False,,True,True, 2298665 , https://www.vrbo.com/2298665?dateless=true ,
18629,84255, Brad Johnson 116-207 (KCity) ,,,,False,,1,,,,, approved ,1,, 2026-08-11 20:16:03 ,True, 38291398 , 38291398 ,1.155,100290800, sync_rates_and_availability , onlyHostaway , 100290800 ,,,,9.6,,,,1.03,184,,,5575091,,,,,,,,,,,,,,,,, 2022-01-24 03:45:44 ,True,557509102, 2021-04-27 13:20:44 ,,,,, https://www.expedia.com/Knoxville-Hotels-Sunny-Sterchi-Loft-W-View.h67334776.Hotel-Information ,,False,,False,,,,,, https://www.google.com/travel/hotels/entity/CgsQyYyi2Zvx56flARAC/overview?g2lb=43807868 ,True,,,1, 2021-05-04 04:40:13 , https://www.vrbo.com/2298666?unitId=2864727 ,1.06,,,,False,67334776, 2021-04-27 13:19:53 ,True,False,True,True,1,,,,False,False,True,False,,, 2026-08-11 20:10:35 ,42447,,,,, approved ,40056630,1.2, active ,,,,1.05,,False,,,,16,,,,,,,False,, 2021-04-27 13:19:53 ,18629, exported ,,False,,True,True, 2298666 , https://www.vrbo.com/2298666?dateless=true ,
18629,84256, Spike McCamy 116-202 (KCity) ,,,,False,,1,,,,, approved ,1,, 2021-05-17 12:35:42 ,False,,,1.25,,, onlyHostaway ,,,,,9.5,,,,1.03,200,,,,,,,,,,,,,,,,,,,, 2021-05-09 13:25:49 ,False,, 2021-04-27 13:20:48 ,,,,, https://www.expedia.com/Knoxville-Hotels-Sunny-Gay-St-Loft-In-Sterchi.h67334779.Hotel-Information ,,False,,False,,,,,, https://www.google.com/travel/hotels/entity/CgoQjsHc6ePr8YN8EAI=/overview?g2lb=43807868 ,False,,,1, 2021-05-04 04:40:08 , https://www.vrbo.com/2298667?unitId=2864728 ,1.06,,,,False,67334779, 2021-04-27 13:19:57 ,True,False,True,True,1,,,,False,False,True,False,,, 2026-01-21 17:02:33 ,42448,,,,, approved ,40051709,1.2, inactive ,,,,1.05,,False,,,,17, archived ,,,,,,False,, 2021-04-27 13:19:57 ,18629, not_exported ,,False,,False,True, 2298667 , https://www.vrbo.com/2298667?dateless=true ,
18629,84257, Dylan Robinson 116-204 (KCity) ,,,,False,,1,,,,, approved ,1,, 2026-08-11 20:17:51 ,True, 36975992 , 36975992 ,1.155,100290800, sync_rates_and_availability , onlyHostaway , 100290800 ,,,,9.6,,,,1.03,198,,,5489643,,,,,,,,,,,,,,,,, 2021-05-13 15:40:59 ,True,548964302, 2021-04-27 13:20:42 ,,,,, https://www.expedia.com/Knoxville-Hotels-Sunny-Loft-W-View-Of-Gay-St.h67334780.Hotel-Information ,,False,,False,,,,,, https://www.google.com/travel/hotels/entity/CgsQipq_75Xm1NHwARAC/overview?g2lb=43807868 ,True,,,1, 2021-05-04 04:39:58 , https://www.vrbo.com/2298668?unitId=2864729 ,1.06,,,,False,67334780, 2021-04-27 13:20:02 ,True,False,True,True,1,,,,False,False,True,False,,, 2026-08-11 20:10:54 ,42449,,,,, approved ,40051713,1.2, active ,,,,1.05,,False,,,,18,,,,,,,False,, 2021-04-27 13:20:02 ,18629, exported ,,False,,True,True, 2298668 , https://www.vrbo.com/2298668?dateless=true ,
18629,84258, Spike McCamy 141 (KCity) ,,,,False,,1,,,,, approved ,1,, 2021-05-19 01:01:10 ,False,,,1.25,,, onlyHostaway ,,,,,9.6,,,,1.03,195,,,,,,,,,,,,,,,,,,,, 2022-01-23 14:16:01 ,False,, 2021-04-27 13:20:56 ,,,,, https://www.expedia.com/Knoxville-Hotels-Cru-Loft-In-The-Heart-Of-Downtown-Knox.h67334784.Hotel-Information ,,False,,False,,,,,, https://www.google.com/travel/hotels/entity/CgoQqavIwYWy6cYzEAI=/overview?g2lb=43807868 ,False,,,1, 2021-05-04 04:39:49 , https://www.vrbo.com/2298670?unitId=2864731 ,1.06,,,,False,67334784, 2021-04-27 13:20:07 ,True,False,True,True,1,,,,False,False,True,False,,, 2026-01-21 17:03:07 ,42450,,,,, approved ,40056628,1.2, inactive ,,,,1.05,,False,,,,19, archived ,,,,,,False,, 2021-04-27 13:20:07 ,18629, not_exported ,,False,,False,True, 2298670 , https://www.vrbo.com/2298670?dateless=true ,
18629,84259, Spike & Nadim 507 (KCity) ,,,,False,,1,,,,, approved ,1,, 2026-08-11 20:17:14 ,True, 48444452 , 48444452 ,1.155,100290800, sync_rates_and_availability , onlyHostaway , 100290800 ,,,,9.5,,,,1.03,191,,,7267184,,,,,,,,,,,,,,,,,,True,726718402, 2021-04-27 13:20:50 ,,,,, https://www.expedia.com/Knoxville-Hotels-Historic-1900s-Townhome-With-A-Modern-Flair.h67334786.Hotel-Information ,,False,,False,,,,,, https://www.google.com/travel/hotels/entity/CgoQ9KSKpsKU5e0KEAI=/overview?g2lb=43807868 ,True,,,1, 2021-05-04 04:39:43 , https://www.vrbo.com/2298671?unitId=2864732 ,1.06,,,,False,67334786, 2021-04-27 13:20:10 ,True,False,True,True,1,,,,False,False,True,False,,, 2026-08-11 20:11:06 ,42451,,,,, approved ,40051707,1.2, active ,,,,1.05,,False,,,,20,,,,,,,False,, 2021-04-27 13:20:10 ,18629, exported ,,False,,True,True, 2298671 , https://www.vrbo.com/2298671?dateless=true ,
18629,84261, Sandra Hill 116-101 (KCity) ,,,,False,,1,,,,, approved ,1,, 2026-08-11 20:15:23 ,True, 40704073 , 40704073 ,1.155,100290800, sync_rates_and_availability , onlyHostaway , 100290800 ,,,,9.5,,,,1.03,193,,,5935698,,,,,,,,,,,,,,,,, 2023-10-27 17:14:25 ,True,593569802, 2021-04-27 13:21:03 ,,,,, https://www.expedia.com/Knoxville-Hotels-Cozy-Downtown-Loft-On-Gay-St.h67334791.Hotel-Information ,,False,,False,,,,,, https://www.google.com/travel/hotels/entity/CgsQwNHMr7n4ktHLARAC/overview?g2lb=43807868 ,True,,,1, 2021-05-04 04:39:26 , https://www.vrbo.com/2298673?unitId=2864734 ,1.06,,,,False,67334791, 2021-04-27 13:20:17 ,True,False,True,True,1,,,,False,False,True,False,,, 2026-08-11 20:11:18 ,42453,,,,, approved ,40058313,1.2, active ,,,,1.05,,False,,,,21,,,,,,,False,, 2021-04-27 13:20:17 ,18629, exported ,,False,,True,True, 2298673 , https://www.vrbo.com/2298673?dateless=true ,
18629,84290, Michael Rohwer 2455 (SCounty) ,,,,False,,1,,,,david832haven@gmail.com, approved ,1,, 2026-08-11 20:16:52 ,True, 49444164 , 49444164 ,1.25,279783412, sync_rates_and_availability , onlyHostaway , 279783412 ,,,,9.4,,,,1.03,148,,,7379619,,,,,,,,,,,,,,,,,,True,737961902, 2021-04-27 18:31:34 ,,,,, https://www.expedia.com/Sevierville-Hotels-Cabin-In-The-Woods-With-Hot-Tub.h68216809.Hotel-Information ,,False,,False,,,,,, https://www.google.com/travel/hotels/entity/CgsQnOeSl9Ww-5-hARAC/overview?g2lb=43807868 ,True,,,1, 2021-05-31 21:55:35 , https://www.vrbo.com/2334082?unitId=2900404 ,1.06,,,,False,68216809, 2021-04-27 18:31:05 ,True,False,True,True,1,,,,False,False,True,False,,, 2026-08-24 18:31:38 ,42482,,,,, rejected ,40058315,1.2, active ,,,,1.05,,False,,,,22,,,,,,,False,, 2021-04-27 18:31:05 ,18629, exported ,,False,,True,True, 2334082 , https://www.vrbo.com/2334082?dateless=true ,
18629,84459, Gary Tabor 458 (SCity) ,,,,False,,1,,,,,,,, 2021-06-22 02:26:20 ,False,,,1.25,,, onlyHostaway ,,,,,9.6,,,,1.03,146,,,,,,,,,,,,,,,,,,1,, 2022-02-21 04:30:48 ,False,, 2021-05-04 22:40:17 ,,,,, https://www.expedia.com/Sevierville-Hotels-Marys-Dream-Mountain-Views-Community-Pool.h70128564.Hotel-Information ,,False,,False,,,,,, https://www.google.com/travel/hotels/entity/CgsQ2_njwf-YsKebARAC/overview?g2lb=43807868 ,False,,,1, 2021-08-04 23:57:12 , https://www.vrbo.com/2416833?unitId=2984542 ,1.06,,,,False,70128564, 2021-05-04 22:39:48 ,True,False,True,True,1,,,,False,False,True,False,,, 2026-01-21 17:07:10 ,42651,,,,, approved ,40058285,1.2, inactive ,,,,1.05,,False,,,,23, archived ,,,,,,False,, 2021-05-04 22:39:48 ,18629, not_exported ,,False,,False,False, 2416833 , https://www.vrbo.com/2416833?dateless=true ,
18629,85745, David Holland 1645 (SCounty) ,,,,False,,1,,,,david832haven@gmail.com, approved ,1,, 2026-08-11 20:21:19 ,True,, 50258612 ,1.25,279783412, sync_rates_and_availability , onlyHostaway , 279783412 ,,,,9.5,,,,1.03,168,,,7662000,,,,,,,,,,,,,,,1,,,True,766200002, 2021-06-08 13:17:39 ,,,,, https://www.expedia.com/Sevierville-Hotels-Romantic-Mountain-Shanty-Hot-Tub-Fireplace.h70128573.Hotel-Information ,,False,,False,,,,,, https://www.google.com/travel/hotels/entity/CgsQ29yUo__wpZzjARAC/overview?g2lb=43807868 ,True,,,1, 2021-08-04 23:55:52 , https://www.vrbo.com/2416836?unitId=2984545 ,1.06,,,,False,70128573, 2021-06-08 13:17:02 ,True,False,True,True,1,,,,False,False,True,False,,, 2026-08-11 20:11:49 ,43935,,,,, rejected ,40058275,1.2, active ,,,,1.05,,False,,,,24,,,,,,,False,, 2021-06-08 13:17:02 ,18629, exported ,,False,,True,True, 2416836 , https://www.vrbo.com/2416836?dateless=true ,
18629,85795, Kirk Kumagai 2022 (PF) ,,,,False,,1,,,,,,,, 2021-08-06 22:05:11 ,False,,,1.25,,, onlyHostaway ,,,,,9.7,,,,1.03,153, BUG Ticket- 4239 ,,,,,,,,,,,,,,,,,,, 2022-07-23 05:35:58 ,False,, 2021-06-09 22:19:36 ,,,,,,,False,,False,,,,,, https://www.google.com/travel/hotels/entity/CgoQ-cjhwM3FjO0vEAI=/overview?g2lb=43807868 ,False,,,1, 2021-08-30 17:12:36 , https://www.vrbo.com/2449133?unitId=3017602 ,1.06,,,,False,70891572, 2021-06-09 22:19:00 ,True,False,True,False,1,,,,False,False,True,False,,, 2026-01-21 17:07:46 ,43985,,,,,,,1,,,,,1.05,,False,,,,25, archived ,,,,,,False,, 2021-06-09 22:19:00 ,18629, not_exported ,,False,,False,True, 2449133 , https://www.vrbo.com/2449133?dateless=true ,
18629,86231, Philip Graves 527 (PF) ,,,,False,,1,,,,david832haven@gmail.com, approved ,1,, 2026-08-11 20:18:05 ,True,, 50488573 ,1.25,279783412, sync_rates_and_availability , onlyHostaway , 279783412 ,,,,9.8,,,,1.03,155,,,7620277,,,,,,,,,,,,,,,,,,True,762027702, 2021-06-18 23:31:32 ,,,,, https://www.expedia.com/Pigeon-Forge-Hotels-BRAND-NEW-Bearly-Out-Of-Bounds-W-Fire-Pit.h70128579.Hotel-Information ,,False,,False,,,,,, https://www.google.com/travel/hotels/entity/CgoQr4Klhb3o34VjEAI=/overview?g2lb=43807868 ,True,,,1, 2021-08-04 23:55:02 , https://www.vrbo.com/2416838?unitId=2984547 ,1.06,,,,False,70128579, 2021-06-18 23:31:02 ,True,False,True,True,1,,,,False,False,True,False,,, 2026-08-11 20:12:01 ,44421,,,,, approved ,40058309,1.2, active ,,,,1.05,,False,,,,27,,,,,,,False,, 2021-06-18 23:31:02 ,18629, exported ,,False,,True,True, 2416838 , https://www.vrbo.com/2416838?dateless=true ,
18629,86393, Leigh Anne Chong 2021 (SCounty) ,,,,False,,1,,,,david832haven@gmail.com, approved ,1,, 2026-08-11 20:19:16 ,True,, 831938837413472455 ,1.25,279783412, sync_rates_and_availability , onlyHostaway , 279783412 ,,,,9.2,,,,1.03,122,,,7570829,,,,,,,,,,,,,,,,,,True,757082902, 2021-06-23 20:13:02 ,,,,, https://www.expedia.com/Sevierville-Hotels-Peaks-Of-Blue-View.h69795067.Hotel-Information ,,False,,False,,,,,, https://www.google.com/travel/hotels/entity/CgoQjvWL56aRtrA2EAI=/overview?g2lb=43807868 ,True,,,1, 2021-07-20 13:27:47 , https://www.vrbo.com/2397792?unitId=2965418 ,1.06,,,,False,69795067, 2021-06-23 20:12:31 ,True,False,True,True,1,,,,False,False,True,False,,, 2026-08-11 20:12:14 ,44583,,,,, approved ,40063890,1.2, active ,,,,1.05,,False,,,,26,,,,,,,False,, 2021-06-23 20:12:31 ,18629, exported ,,False,,True,True, 2397792 , https://www.vrbo.com/2397792?dateless=true ,
18629,86963, Adrian Smith 2220 (SCounty) ,,,,False,,1,,,,,,,, 2021-08-05 23:06:50 ,False,,,1.25,,, onlyHostaway ,,,,,9.4,,,,1.03,124,,,,,,,,,,,,,,,,,,1,,,False,, 2021-07-05 22:46:32 ,,,,, https://www.expedia.com/Sevierville-Hotels-Above-It-All-Hot-Tub-SunriseSunset-360-Views.h70128583.Hotel-Information ,,False,,False,,,,,, https://www.google.com/travel/hotels/entity/CgoQnOeH7IORta1yEAI=/overview?g2lb=43807868 ,False,,,1, 2021-08-04 23:54:14 , https://www.vrbo.com/2416840?unitId=2984549 ,1.06,,,,False,70128583, 2021-07-05 22:45:59 ,True,False,True,False,1,,,,False,False,True,False,,, 2026-01-21 17:08:40 ,45153,,,,, rejected ,40065984,1.2, new ,,,,1.05,,False,,,,28, archived ,,,,,,False,, 2021-07-05 22:45:59 ,18629, not_exported ,,False,,False,True, 2416840 , https://www.vrbo.com/2416840?dateless=true ,
18629,89008, Brad Spurgin 1410 (SCounty) ,,,,False,,1,,,,david832haven@gmail.com, approved ,,, 2026-08-11 20:21:59 ,True,, 51750147 ,1.25,279783412, sync_rates_and_availability , onlyHostaway , 279783412 ,,,,9.2,,,,1.03,142,,,7946189,,,,,,,,,,,,,,,,,,True,794618902, 2021-08-20 18:00:58 ,,,,, https://www.expedia.com/Sevierville-Hotels-Papa-Bear-Private-W-Hot-Tub.h72622478.Hotel-Information ,,False,,False,,,,,, https://www.google.com/travel/hotels/entity/CgsQidiDnPPIoKCZARAC/overview?g2lb=43807868 ,False,,,1, 2021-11-10 19:49:33 , https://www.vrbo.com/2541705?unitId=3111764 ,1.06,,,,False,72622478, 2021-08-20 18:00:17 ,True,False,True,True,1,,,,False,False,True,False,,, 2026-08-11 20:12:26 ,47196,,,,, rejected ,40063860,1.2, active ,,,,1.05,,False,,,,29,,,,,,,False,, 2021-08-20 18:00:17 ,18629, not_exported ,,False,,False,True, 2541705 , https://www.vrbo.com/2541705?dateless=true ,
18629,90024, Donnie Rath 748 (PF) ,,,,False,,1,,,,david832haven@gmail.com, approved ,1,, 2026-08-11 20:21:34 ,True,, 52258916 ,1.25,279783412, sync_rates_and_availability , onlyHostaway , 279783412 ,,,,9.6,,,,1.03,177,,,7936025,,,,,,,,,,,,,,,,, 2022-07-25 05:40:58 ,True,793602502, 2021-09-15 16:39:52 ,,,,, https://www.expedia.com/Pigeon-Forge-Hotels-Stairway-To-Heaven-Hot-Tub.h72622487.Hotel-Information ,,False,,False,,,,,, https://www.google.com/travel/hotels/entity/CgoQwriQ74qh3_pHEAI=/overview?g2lb=43807868 ,True,,,1, 2021-11-10 19:39:39 , https://www.vrbo.com/2541706?unitId=3111765 ,1.06,,,,False,72622487, 2021-09-15 16:39:17 ,True,False,True,True,1,,,,False,False,True,False,,, 2026-08-11 20:12:44 ,48212,,,,, rejected ,40063866,1.2, active ,,,,1.05,,False,,,,30,,,,,,,False,, 2021-09-15 16:39:17 ,18629, exported ,,False,,True,True, 2541706 , https://www.vrbo.com/2541706?dateless=true ,
18629,90093, Leo Shum 4150 (SCounty) ,,,,False,,1,,,,,,,, 2024-10-21 16:00:26 ,False,,,1.3,,, onlyHostaway ,,,,,8.8,,,,1.03,26,,,8056130,,,,,,,,,,,,,,,,, 2022-04-24 15:01:23 ,True,805613002, 2021-09-17 06:21:35 ,,,,,,,False,,False,,,,,, https://www.google.com/travel/hotels/entity/CgoQqvj3t7WPzsh0EAI=/overview?g2lb=43807868 ,True,,,1, 2021-12-20 22:23:53 , https://www.vrbo.com/2590827?unitId=3161222 ,1.15,,,,False,74056595, 2021-09-17 06:21:01 ,True,False,True,True,1,,,,False,False,True,False,,, 2026-08-11 20:12:56 ,48281,,,,, rejected ,40070955,1.2, active ,,,,1.05,,False,,,,31,,,,,,,False,, 2021-09-17 06:21:01 ,18629, exported ,,False,,False,True, 2590827 , https://www.vrbo.com/2590827?dateless=true ,
18629,90247, Ed Zorn 1109 (JC) ,,,,False,,1,,,,,,,, 2021-09-21 21:43:47 ,False,,,1.25,,, onlyHostaway ,,,,,9.1,,,,1.03,123,,,,,,,,,,,,,,,,,,,,,False,, 2021-09-21 21:43:40 ,,,,, https://www.expedia.com/Dandridge-Hotels-Lake-It-Inn-Lake-View.h71726897.Hotel-Information ,,False,,False,,,,,, https://www.google.com/travel/hotels/entity/CgsQkOmmwrPjy6GhARAC/overview?g2lb=43807868 ,False,,,1, 2021-10-09 23:44:57 , https://www.vrbo.com/2498460?unitId=3068228 ,1.06,,,,False,71726897, 2021-09-21 21:43:02 ,True,False,True,True,1,,,,False,False,True,False,,, 2026-01-21 17:10:28 ,48435,,,,, approved ,40051701,1, inactive ,,,,1.05,,False,,,,32, archived ,,,,,,False,, 2021-09-21 21:43:02 ,18629, not_exported ,,False,,False,True, 2498460 , https://www.vrbo.com/2498460?dateless=true ,
18629,90258, Wah Shum 4160 (SCounty) ,,,,False,,1,,,,david832haven@gmail.com, approved ,1,, 2026-08-11 20:22:59 ,True,, 1272477338264615269 ,1.25,279783412, sync_rates_and_availability , onlyHostaway , 279783412 ,,,,9.3,,,,1.03,25,,,8056132,,,,,,,,,,,,,,,,, 2022-03-27 05:15:54 ,True,805613202, 2021-09-22 03:57:01 ,,,,, https://www.expedia.com/Wears-Valley-Sevierville-Hotels.0-n553248629421310819-0.Travel-Guide-Filter-Hotels ,,False,,False,,,,,, https://www.google.com/travel/hotels/entity/CgoQ9MP7v6bTs8sJEAI=/overview?g2lb=43807868 ,True,,,1, 2021-12-20 22:27:02 , https://www.vrbo.com/2590828?unitId=3161223 ,1.06,,,,False,74056597, 2021-09-22 03:56:24 ,True,False,True,True,1,,,,False,False,True,False,,, 2026-08-11 20:13:08 ,48446,,,,, approved ,40070957,1, active ,,,,1.05,,False,,,,33,,,,,,,False,, 2021-09-22 03:56:24 ,18629, exported ,,False,,True,True, 2590828 , https://www.vrbo.com/2590828?dateless=true ,
18629,90666, Stephen Su 641 (SCounty) ,,,,False,,1,,,,david832haven@gmail.com, approved ,1,, 2026-08-11 20:18:15 ,True,, 640684599621098935 ,1.25,279783412, sync_rates_and_availability , onlyHostaway , 279783412 ,,,,9.3,,,,1.03,167,,,7860330,,,,,,,,,,,,,,,,, 2022-10-22 06:20:54 ,True,786033002, 2021-10-01 04:26:54 ,,,,, https://www.expedia.com/Sevierville-Hotels-Sweet-Dreams-Romantic.h71942753.Hotel-Information ,,False,,False,,,,,, https://www.google.com/travel/hotels/entity/CgoQlrCew8CU64kGEAI=/overview?g2lb=43807868 ,True,,,1, 2021-10-18 12:57:11 , https://www.vrbo.com/2507870?unitId=3077715 ,1.06,,,,False,71942753, 2021-10-01 04:26:14 ,True,False,True,True,1,,,,False,False,True,False,,, 2026-08-11 20:13:20 ,48854,,,,, rejected ,40058319,1.2, active ,,,,1.05,,False,,,,34,,,,,,,False,, 2021-10-01 04:26:14 ,18629, exported ,,False,,True,True, 2507870 , https://www.vrbo.com/2507870?dateless=true ,
18629,90930, Stephen Su 637 (SCounty) ,,,,False,,1,,,,david832haven@gmail.com, approved ,1,, 2026-08-11 20:18:28 ,True,, 52626784 ,1.25,279783412, sync_rates_and_availability , onlyHostaway , 279783412 ,,,,9.6,,,,1.03,166,,,7860335,,,,,,,,,,,,,,,,, 2023-06-20 04:16:01 ,True,786033502, 2021-10-06 03:55:44 ,,,,, https://www.expedia.com/Sevierville-Hotels-Peekaboo-Hot-Tub.h71942766.Hotel-Information ,,False,,False,,,,,, https://www.google.com/travel/hotels/entity/CgsQ3vecyKqJq4CfARAC/overview?g2lb=43807868 ,True,,,1, 2021-10-18 12:33:54 , https://www.vrbo.com/2507871?unitId=3077716 ,1.06,,,,False,71942766, 2021-10-06 03:55:04 ,True,False,True,True,1,,,,False,False,True,False,,, 2026-08-11 20:13:38 ,49118,,,,, rejected ,40077220,1.2, new ,,,,1.05,,False,,,,35,,,,,,,False,, 2021-10-06 03:55:04 ,18629, exported ,,False,,True,True, 2507871 , https://www.vrbo.com/2507871?dateless=true ,
18629,91281, Lisa Collier 333 (BC) ,,,,False,,1,,,,,,,, 2025-04-09 17:10:42 ,False,,,1.25,,, onlyHostaway ,,,,,9.2,,,,1.03,150,,,7946191,,,,,,,,,,,,,,,,, 2023-07-02 15:36:22 ,True,794619102, 2021-10-15 06:11:47 ,,,,, https://www.expedia.com/Townsend-Hotels-Beary-Relaxing-Cabin-Rustic-W-Outdoor-Patio.h72689875.Hotel-Information ,,False,,False,,,,,, https://www.google.com/travel/hotels/entity/CgoQ98LjmMXMvK9uEAI=/overview?g2lb=43807868 ,True,,,1, 2024-07-02 13:22:48 , https://www.vrbo.com/2544118?unitId=3114190 ,1.06,,,,False,72689875, 2021-10-15 06:10:52 ,True,False,True,True,1,,,,False,False,True,False,,, 2026-08-19 02:32:17 ,49469,,,,, approved ,40058273,1.2, inactive ,,,,1.05,,False,,,,36,,,,,,,False,, 2021-10-15 06:10:52 ,18629, exported ,,False,,True,True, 2544118 , https://www.vrbo.com/2544118?dateless=true ,
18629,92158, Ashley May 2935 (SCounty) ,,,,False,,1,,,,david832haven@gmail.com, approved ,1,, 2026-07-21 10:48:09 ,True,, 1118069037040344018 ,1.3,279783412, sync_rates_and_availability , onlyHostaway , 279783412 ,,,,8.9,,,,1.03,121,,,8008002,,,,,,,,,,,,,,,,, 2023-02-13 16:56:07 ,True,800800202, 2021-10-31 04:19:51 ,,,,, https://www.expedia.com/Sevierville-Hotels-Endless-Mountain-Views-Hot-Tub-Fireplace.h73529036.Hotel-Information ,,False,,False,,,,,, https://www.google.com/travel/hotels/entity/CgoQj52dxYTA59NWEAI=/overview?g2lb=43807868 ,True,,,1, 2021-12-07 17:00:43 , https://ws.homeaway.com/public/listing?id=2575184vb ,1.2,,,,False,73529036, 2021-10-31 04:19:09 ,True,False,True,True,1,,,,False,False,True,False,,, 2026-08-11 20:14:02 ,50345,,,,, approved ,40065986,1.2, active ,,,,1.05,,False,,,,37,,,,,,,False,, 2021-10-31 04:19:09 ,18629, exported ,,False,,True,True, 2575184 , https://www.vrbo.com/2575184?dateless=true ,
18629,92981, Mike Martin 2939 (SCounty) ,,,,False,,1,,,,, approved ,1,, 2026-07-02 17:09:51 ,False,, 658598671549174856 ,1.25,279783412, sync_rates_and_availability , onlyHostaway , 279783412 ,,,,9.1,,,,1.03,152,,,8057825,,,,,,,,,,,,,,,,,,True,805782502, 2021-11-10 20:27:01 ,,,,, https://www.expedia.com/Sevierville-Hotels-Crestview-Retreat-Mountain-View.h74094190.Hotel-Information ,,False,,False,,,,,, https://www.google.com/travel/hotels/entity/CgsQl7TJjpyFxOXFARAC/overview?g2lb=43807868 ,True,,,1, 2021-12-22 18:19:31 , https://www.vrbo.com/2593347?unitId=3163751 ,1.06,,,,False,74094190, 2021-11-10 20:26:13 ,True,False,True,True,1,,,,False,False,True,False,,, 2026-08-11 20:14:13 ,51164,,,,, rejected ,40077230,1.2, active ,,,,1.05,,False,,,,38,,,,,,,False,, 2021-11-10 20:26:13 ,18629, exported ,,False,,True,True, 2593347 , https://www.vrbo.com/2593347?dateless=true ,
18629,93319, Brian Hopp 649 (GAT) ,,,,False,,1,,,,david832havenb@gmail.com, approved ,1,, 2026-08-11 20:19:25 ,True,, 975955749551154782 ,1.25,465913042, sync_rates_and_availability , onlyHostaway , 465913042 ,,,,8.9,,,,1.03,149,,,8034562,,,,,,,,,,,,,,,,, 2022-07-08 23:17:09 ,True,803456202, 2021-11-16 02:35:12 ,,,,, https://www.expedia.com/Gatlinburg-Hotels-City-Hideaway-Hot-Tub.h73755626.Hotel-Information ,,False,,False,,,,,, https://www.google.com/travel/hotels/entity/CgoQ7dLRiZT1xrp3EAI=/overview?g2lb=43807868 ,True,,,1, 2021-12-15 16:00:53 , https://www.vrbo.com/2585150?unitId=3155500 ,1.06,,,,False,73755626, 2021-11-16 02:34:26 ,True,False,True,True,1,,,,False,False,True,False,,, 2026-08-11 20:14:31 ,51502,,,,, rejected ,40065988,1.2, new ,,,,1.05,,False,,,,39,,,,,,,False,, 2021-11-16 02:34:26 ,18629, exported ,,False,,True,True, 2585150 , https://www.vrbo.com/2585150?dateless=true ,
18629,93418, Tom Blohm 624 (PF) ,,,,False,,1,,,,,,,, 2021-11-16 19:12:06 ,False,,,1.25,,, onlyHostaway ,,,,,9.4,,,,1.03,144,,,,,,,,,,,,,,,,,,,,,False,, 2021-11-16 19:11:59 ,,,,, https://www.expedia.com/Pigeon-Forge-Hotels-Robins-Nest-WC-Accessible.h74056600.Hotel-Information ,,False,,False,,,,,, https://www.google.com/travel/hotels/entity/CgoQxcnc9IHTt714EAI=/overview?g2lb=43807868 ,False,,,1, 2021-12-20 20:26:59 , https://www.vrbo.com/2590829?unitId=3161224 ,1,,,,False,, 2021-11-16 19:11:16 ,True,False,True,False,1,,,,False,False,True,False,,, 2026-04-28 14:25:25 ,51601,,,,, approved ,40077288,1.2, inactive ,,,,1.05,,False,,,,40, archived ,,,,,,False,, 2021-11-16 19:11:16 ,, not_exported ,,False,,False,False,,,
18629,93532, Brian Hopp 7646 (BC) ,,,,False,,1,,,,david832haven@gmail.com, approved ,1,, 2026-08-11 20:20:18 ,True,, 53359277 ,1.25,279783412, sync_rates_and_availability , onlyHostaway , 279783412 ,,,,9.4,,,,1.03,169,,,7994947,,,,,,,,,,,,,,,,, 2022-09-03 16:26:24 ,True,799494702, 2021-11-18 18:54:23 ,,,,, https://www.expedia.com/Townsend-Hotels-Evergreen-Getaway-Fire-Pit-And-Wood-Fireplace.h73410133.Hotel-Information ,,False,,False,,,,,, https://www.google.com/travel/hotels/entity/CgoQnrLGu4OBv8h4EAI=/overview?g2lb=43807868 ,True,,,1, 2021-12-02 18:21:11 , https://www.vrbo.com/2568808?unitId=3139079 ,1.06,,,,False,73410133, 2021-11-18 18:53:39 ,True,False,True,True,1,,,,False,False,True,False,,, 2026-08-11 20:14:43 ,51715,,,,, approved ,40060123,1.2, active ,,,,1.05,,False,,,,41,,,,,,,False,, 2021-11-18 18:53:39 ,18629, exported ,,False,,True,True, 2568808 , https://www.vrbo.com/2568808?dateless=true ,
18629,94054, Kirk Kumagai 1012 (SCounty) ,,,,False,,1,,,,,,,, 2021-11-29 00:28:51 ,False,,,1.25,,, onlyHostaway ,,,,,9.7,,,,1.03,151,,,,,,,,,,,,,,,,,,,, 2023-07-02 03:50:54 ,False,, 2021-11-29 00:28:45 ,,,,, https://www.expedia.com/Gatlinburg-Hotels-Constellation-Station-View.h77866959.Hotel-Information ,,False,,False,,,,,, https://www.google.com/travel/hotels/entity/CgoQzo-z7rDbx51UEAI=/overview?g2lb=43807868 ,False,,,1, 2022-04-22 20:37:14 , https://www.vrbo.com/2771688?unitId=3343618 ,1.06,,,,False,77866959, 2021-11-29 00:28:00 ,True,False,True,False,1,,,,False,False,True,False,,, 2025-12-17 18:23:58 ,52237,,,,, approved ,40081353,1.2, inactive ,,,,1.05,,False,,,,42, archived ,,,,,,False,, 2021-11-29 00:28:00 ,18629, not_exported ,,False,,False,True, 2771688 , https://www.vrbo.com/2771688?dateless=true ,
18629,94762, Cheryl Draper 723 (SCounty) ,,,,False,,1,,,,david832haven@gmail.com, approved ,1,, 2026-08-11 20:24:45 ,True,, 53658447 ,1.25,279783412, sync_rates_and_availability , onlyHostaway , 279783412 ,,,,9.6,,,,1.03,119,,,8050844,,,,,,,,,,,,,,,,,,True,805084402, 2021-12-03 18:56:09 ,,,,, https://www.expedia.com/Gatlinburg-Hotels-Sky-Ridge-Mt-View.h74056602.Hotel-Information ,,False,,False,,,,,, https://www.google.com/travel/hotels/entity/CgsQ8tz34Ku78fCSARAC/overview?g2lb=43807868 ,True,,,1, 2021-12-20 20:11:31 , https://www.vrbo.com/2590830?unitId=3161225 ,1.06,,,,False,74056602, 2021-12-03 18:55:15 ,True,False,True,True,1,,,,False,False,True,False,,, 2026-08-11 20:14:55 ,52945,,,,, approved ,40065982,1.2, active ,,,,1.05,,False,,,,43,,,,,,,False,, 2021-12-03 18:55:15 ,18629, exported ,,False,,True,True, 2590830 , https://www.vrbo.com/2590830?dateless=true ,
18629,95208, Leigh Burch 116-108 (KCity) ,,,,False,,1,,,,, approved ,1,, 2026-08-14 19:59:05 ,True,, 53749198 ,1.155,100290800, sync_rates_and_availability , onlyHostaway , 100290800 ,,,,9.2,,,,1.03,186,,,8233666,,,,,,,,,,,,,,,,, 2024-01-12 23:01:14 ,True,823366602, 2021-12-09 19:04:26 ,,,,, https://www.expedia.com/Knoxville-Hotels-Sterchi-Lofts-Getaway-Downtown-Knoxville.h75807605.Hotel-Information ,,False,,False,,,,,, https://www.google.com/travel/hotels/entity/CgoQ3e-a6r2fz9kVEAI=/overview?g2lb=43807868 ,True,,,1, 2022-02-19 01:56:29 , https://www.vrbo.com/2674088?unitId=3244811 ,1.06,,,,False,75807605, 2021-12-09 19:03:48 ,True,False,True,True,1,,,,False,False,True,False,,, 2026-08-11 20:15:08 ,53391,,,,, approved ,40070959,1.2, active ,,,,1.05,,False,,,,44,,,,,,,False,, 2021-12-09 19:03:48 ,18629, exported ,,False,,True,True, 2674088 , https://www.vrbo.com/2674088?dateless=true ,
18629,95211, Karim Boghani 118-4 (KCity) ,,,,False,,1,,,,,,,, 2022-11-21 20:02:13 ,False,,,1.155,,, onlyHostaway ,,,,,8.8,,,,1.03,179,,,8088820,,,,,,,,,,,,,,,,,,True,808882002, 2021-12-09 19:31:29 ,,,,, https://www.expedia.com/Knoxville-Hotels-Unique-Old-City-Loft-Minutes-From-Market-Square.h74260962.Hotel-Information ,,False,,False,,,,,, https://www.google.com/travel/hotels/entity/CgoQ3fHij4j5lKMaEAI=/overview?g2lb=43807868 ,True,,,1, 2022-01-03 20:40:06 , https://www.vrbo.com/2606656?unitId=3177134 ,1.06,,,,False,74260962, 2021-12-09 19:30:44 ,True,False,True,True,1,,,,False,False,True,False,,, 2026-08-11 20:15:27 ,53394,,,,, approved ,40060283,1.2, active ,,,,1.05,,False,,,,45,,,,,,,False,, 2021-12-09 19:30:44 ,18629, exported ,,False,,True,True, 2606656 , https://www.vrbo.com/2606656?dateless=true ,
18629,95292, Karim Boghani 112-3 (KCity) ,,,,False,,1,,,,david832havenb@gmail.com, approved ,1,, 2026-08-11 20:25:51 ,True,, 680440772497983955 ,1.155,465913042, sync_rates_and_availability , onlyHostaway , 465913042 ,,,,9.1,,,,1.03,187,,,8197859,,,,,,,,,,,,,,,,,,True,819785902, 2021-12-11 02:42:43 ,,,,, https://www.expedia.com/Knoxville-Hotels-Elegant-Old-City-Loft-Downtown.h75233047.Hotel-Information ,,False,,False,,,,,, https://www.google.com/travel/hotels/entity/CgsQxremxqS42JesARAC/overview?g2lb=43807868 ,True,,,1, 2022-02-07 20:59:09 , https://www.vrbo.com/2657807?unitId=3228468 ,1.06,,,,False,75233047, 2021-12-11 02:42:01 ,True,False,True,True,1,,,,False,False,True,False,,, 2026-08-11 20:15:39 ,53475,,,,, approved ,40070965,1.2, active ,,,,1.05,,False,,,,46,,,,,,,False,, 2021-12-11 02:42:01 ,18629, exported ,,False,,True,True, 2657807 , https://www.vrbo.com/2657807?dateless=true ,
18629,95305, Karim Boghani 118-2 (KCity) ,,,,False,,1,,,,, approved ,1,, 2026-08-11 20:21:51 ,True,, 640782730184571196 ,1.25,100290800, sync_rates_and_availability , onlyHostaway , 100290800 ,,,,9,,,,1.03,181,,,8080991,,,,,,,,,,,,,,,,, 2022-08-23 17:06:22 ,True,808099102, 2021-12-11 17:15:07 ,,,,, https://www.expedia.com/Knoxville-Hotels-Spacious-Old-City-Loft.h74213844.Hotel-Information ,,False,,False,,,,,, https://www.google.com/travel/hotels/entity/CgsQ_8Df59T8tZabARAC/overview?g2lb=43807868 ,True,,,1, 2021-12-30 20:34:48 , https://ws.homeaway.com/public/listing?id=2602341vb ,1.06,,,,False,74213844, 2021-12-11 17:14:20 ,True,False,True,True,1,,,,False,False,True,False,,, 2026-08-11 20:15:51 ,53488,,,,, rejected ,40077212,1.2, active ,,,,1.05,,False,,,,47,,,,,,,False,, 2021-12-11 17:14:20 ,18629, exported ,,False,,True,True, 2602341 , https://www.vrbo.com/2602341?dateless=true ,
18629,95422, Karim Boghani 118-1 (KCity) ,,,,False,,1,,,,,,,, 2022-06-03 19:41:46 ,False,,,1.155,,, onlyHostaway ,,,,,9.3,,,,1.03,180,,,8080992,,,,,,,,,,,,,,,,,,True,808099202, 2021-12-13 16:56:49 ,,,,, https://www.expedia.com/Knoxville-Hotels-Modern-Old-City-Loft-Downtown-Knoxville.h74213846.Hotel-Information ,,False,,False,,,,,, https://www.google.com/travel/hotels/entity/CgoQiazbjs228aBZEAI=/overview?g2lb=43807868 ,True,,,1, 2021-12-30 19:13:36 , https://www.vrbo.com/2602342?unitId=3172808 ,1.06,,,,False,74213846, 2021-12-13 16:56:12 ,True,False,True,True,1,,,,False,False,True,False,,, 2026-08-11 20:16:02 ,53605,,,,, rejected ,40077214,1.2, new ,,,,1.05,,False,,,,48,,,,,,,False,, 2021-12-13 16:56:12 ,18629, exported ,,False,,True,True, 2602342 , https://www.vrbo.com/2602342?dateless=true ,
18629,95464, Karim Boghani 118-3 (KCity) ,,,,False,,1,,,,, approved ,1,, 2026-08-11 20:24:14 ,False,, 641187062249969624 ,1.155,100290800, sync_rates_and_availability , onlyHostaway , 100290800 ,,,,9.1,,,,1.03,178,,,8080993,,,,,,,,,,,,,,,,, 2023-02-15 16:56:05 ,True,808099302, 2021-12-13 22:01:31 ,,,,, https://www.expedia.com/Knoxville-Hotels-Heart-Of-The-Old-City-Minutes-From-Market-Square.h74213849.Hotel-Information ,,False,,False,,,,,, https://www.google.com/travel/hotels/entity/CgoQxZWct8DhkIoHEAI=/overview?g2lb=43807868 ,True,,,1, 2021-12-30 16:22:55 , https://www.vrbo.com/2602343?unitId=3172809 ,1.06,,,,False,74213849, 2021-12-13 22:00:47 ,True,False,True,True,1,,,,False,False,True,False,,, 2026-08-11 20:16:20 ,53647,,,,, approved ,40077200,1.2, active ,,,,1.05,,False,,,,49,,,,,,,False,, 2021-12-13 22:00:47 ,18629, exported ,,False,,True,True, 2602343 , https://www.vrbo.com/2602343?dateless=true ,
18629,95465, Karim Boghani 110-1 (KCity) ,,,,False,,1,,,,, approved ,1,, 2023-10-05 14:42:13 ,False,,,1.25,,, onlyHostaway ,,,,,8.9,,,,1.03,183,,,,,,,,,,,,,,,,,,,, 2023-11-11 15:41:31 ,False,, 2021-12-13 22:03:50 ,,,,, https://www.expedia.com/Knoxville-Hotels-Cozy-Old-City-Loft-Minutes-From-Market-Square.h75233102.Hotel-Information ,,False,,False,,,,,, https://www.google.com/travel/hotels/entity/CgsQ2sbC5-7ok_fTARAC/overview?g2lb=43807868 ,False,,,1, 2022-02-07 20:43:44 , https://www.vrbo.com/2657808?unitId=3228469 ,1.06,,,,False,75233102, 2021-12-13 22:03:12 ,True,False,True,True,1,,,,False,False,True,False,,, 2025-12-17 18:25:39 ,53648,,,,, approved ,40077216,1.2, inactive ,,,,1.05,,False,,,,50, archived ,,,,,,False,, 2021-12-13 22:03:12 ,18629, not_exported ,,False,,False,False, 2657808 , https://www.vrbo.com/2657808?dateless=true ,
18629,95675, Karim Boghani 110-2 (KCity) ,,,,False,,1,,,,, approved ,1,, 2023-06-19 18:47:17 ,False,,,1.25,,, onlyHostaway ,,,,,8.7,,,,1.03,185,,,,,,,,,,,,,,,,,,,, 2023-03-12 17:20:58 ,False,, 2021-12-14 22:57:06 ,,,,, https://www.expedia.com/Knoxville-Hotels-Bright-Old-City-Loft.h75233134.Hotel-Information ,,False,,False,,,,,, https://www.google.com/travel/hotels/entity/CgoQ1oK4vemr1-4sEAI=/overview?g2lb=43807868 ,False,,,1, 2022-02-07 20:45:21 , https://www.vrbo.com/2657809?unitId=3228470 ,1.06,,,,False,75233134, 2021-12-14 22:56:26 ,True,False,True,True,1,,,,False,False,True,False,,, 2026-01-21 18:37:46 ,53858,,,,, approved ,40077198,1.2, inactive ,,,,1.05,,False,,,,51, archived ,,,,,,False,, 2021-12-14 22:56:26 ,18629, not_exported ,,False,,False,False, 2657809 , https://www.vrbo.com/2657809?dateless=true ,
18629,96375, Donnie Riddle 223-203 (BC) ,,,,False,,1,,,,david832haven@gmail.com, approved ,1,, 2026-08-11 20:27:41 ,True,, 53955810 ,1.18,279783412, sync_rates_and_availability , onlyHostaway , 279783412 ,,,,9.8,,,,1.03,164,,,8179428,,,,,,,,,,,,,,,,, 2022-10-08 14:21:02 ,True,817942802, 2021-12-23 02:22:49 ,,,,, https://www.expedia.com/Townsend-Hotels-Abrams-Retreat-At-Cades-Cove-W-Mountain-Views.h75020424.Hotel-Information ,,False,,False,,,,,, https://www.google.com/travel/hotels/entity/CgsQnN_9jJWlx5T4ARAC/overview?g2lb=43807868 ,True,,,1, 2022-01-31 21:01:52 , https://www.vrbo.com/2650094?unitId=3220731 ,1.06,,,,False,75020424, 2021-12-23 02:22:05 ,True,False,True,True,1,,,,False,False,True,False,,, 2026-08-11 20:16:33 ,54558,,,,, approved ,40070953,1.2, active ,,,,1.05,,False,,,,52,,,,,,,False,, 2021-12-23 02:22:05 ,18629, exported ,,False,,True,True, 2650094 , https://www.vrbo.com/2650094?dateless=true ,
18629,96720, Brendan Smith 4386 (SCounty) ,,,,False,,1,,,,david832haven@gmail.com, approved ,1,, 2026-08-11 20:22:40 ,True,, 54067468 ,1.25,279783412, sync_rates_and_availability , onlyHostaway , 279783412 ,,,,9.5,,,,1.03,140,,,8152243,,,,,,,,,,,,,,,,,,True,815224302, 2021-12-31 18:00:20 ,,,,, https://www.expedia.com/Sevierville-Hotels-Bella-Yani-Hot-Tub.h74729336.Hotel-Information ,,False,,False,,,,,, https://www.google.com/travel/hotels/entity/CgoQzsOsvP-k_N8dEAI=/overview?g2lb=43807868 ,True,,,1, 2022-01-21 21:50:32 , https://www.vrbo.com/2632237?unitId=3202832 ,1.06,,,,False,74729336, 2021-12-31 17:59:35 ,True,False,True,True,1,,,,False,False,True,False,,, 2026-08-11 20:16:45 ,54891,,,,, rejected ,40070951,1.2, active ,,,,1.05,,False,,,,53,,,,,,,False,, 2021-12-31 17:59:35 ,18629, exported ,,False,,True,True, 2632237 , https://www.vrbo.com/2632237?dateless=true ,
18629,99129, Ramsey Hanna 1804 (SCounty) ,,,,False,,1,,,,,,,, 2025-01-14 13:49:52 ,False,,,1.25,,, onlyHostaway ,,,,,8.5,,,,1.03,137,,,,,,,,,,,,,,,,,,,,,False,, 2022-02-01 01:50:56 ,,,,, https://www.expedia.com/Sevierville-Hotels-Family-Mountain-Lodge-Arcade-Games-Jacuzzi-Tub.h76524874.Hotel-Information ,,False,,False,,,,,, https://www.google.com/travel/hotels/entity/CgsQ1Zi6_sCu0sDDARAC/overview?g2lb=43807868 ,False,,,1, 2022-03-17 22:30:06 , https://www.vrbo.com/2715063?unitId=3285887 ,1,,,,False,76524874, 2022-02-01 01:50:07 ,True,False,True,False,1,,,,False,False,True,False,,, 2026-01-30 13:14:44 ,57288,,,,, approved ,40070945,1.2, inactive ,,,,1.05,,False,,,,54, archived ,,,,,,False,, 2022-02-01 01:50:07 ,18629, not_exported ,,False,,False,True, 2715063 , https://www.vrbo.com/2715063?dateless=true ,
18629,99669, Lily Phillips 305 (PF) ,,,,False,,1,,,,,,,, 2022-02-07 14:09:55 ,False,,,1.25,,, onlyHostaway ,,,,,9.4,,,,1.03,39,,,,,,,,,,,,,,,,,,,, 2022-07-31 17:26:37 ,False,, 2022-02-07 14:09:48 ,,,,,,,False,,False,,,,,, https://www.google.com/travel/hotels/entity/CgsQlurMy4KbzeK5ARAC/overview?g2lb=43807868 ,False,,,1, 2022-02-14 17:57:04 , https://www.vrbo.com/2667659?unitId=3238347 ,1.06,,,,False,75684656, 2022-02-07 14:08:57 ,True,False,True,False,1,,,,False,False,True,False,,, 2025-12-17 18:29:07 ,57828,,,,,,,1.2,,,,,1.05,,False,,,,55, archived ,,,,,,False,, 2022-02-07 14:08:57 ,18629, not_exported ,,False,,False,True, 2667659 , https://www.vrbo.com/2667659?dateless=true ,
18629,99671, Lily Phillips 308 (PF) ,,,,False,,1,,,,,,,, 2024-04-30 07:24:01 ,False,,,1.25,,, onlyHostaway ,,,,,8.9,,,,1.03,40,,,,,,,,,,,,,,,,,,,,,False,, 2022-02-07 14:20:00 ,,,,,,,False,,False,,,,,, https://www.google.com/travel/hotels/entity/CgsQ-6fqxp7Gn9zPARAC/overview?g2lb=43807868 ,False,,,1, 2022-02-17 15:52:11 , https://www.vrbo.com/2672876?unitId=3243592 ,1.06,,,,False,75785723, 2022-02-07 14:19:09 ,True,False,True,False,1,,,,False,False,True,False,,, 2026-01-21 18:46:53 ,57830,,,,, approved ,40077178,1.2, inactive ,,,,1.05,,False,,,,56, archived ,,,,,,False,, 2022-02-07 14:19:09 ,18629, not_exported ,,False,,False,True, 2672876 , https://www.vrbo.com/2672876?dateless=true ,
18629,99867, Lily Phillips 1130 (SCounty) ,,,,False,,1,,,,,,,, 2023-06-02 16:54:23 ,False,,,1.25,,, onlyHostaway ,,,,,9.3,,,,1.03,128,,,,,,,,,,,,,,,,,,,, 2022-06-27 16:26:17 ,False,, 2022-02-08 19:43:01 ,,,,, https://www.expedia.com/Sevierville-Hotels.d6814.Travel-Guide-Hotels ,,False,,False,,,,,, https://www.google.com/travel/hotels/entity/CgsQwYnv5YGJzdvoARAC/overview?g2lb=43807868 ,False,,,1, 2022-02-19 02:40:49 , https://www.vrbo.com/2674092?unitId=3244815 ,1.06,,,,False,75807617, 2022-02-08 19:42:08 ,True,False,True,True,1,,,,False,False,True,False,,, 2026-01-21 18:39:44 ,58026,,,,, rejected ,40077176,1.2, active ,,,,1.05,,False,,,,57, archived ,,,,,,False,, 2022-02-08 19:42:08 ,18629, not_exported ,,False,,False,True, 2674092 , https://www.vrbo.com/2674092?dateless=true ,
18629,100830, Wayne Flatt 536 (GAT) ,,,,False,,1,,,,,,,, 2026-05-08 16:58:25 ,False,,,1.25,,, onlyHostaway ,,,,,9.7,,,,1.03,120,,,8241189,,,,,,,,,,,,,,,,, 2022-06-07 05:56:36 ,True,824118902, 2022-02-18 00:44:39 ,,,,, https://www.expedia.com/Gatlinburg-Hotels-Whisk-A-Way-Hot-Tub.h75861879.Hotel-Information ,,False,,False,,,,,, https://www.google.com/travel/hotels/entity/CgoQy4W48aHKnc0tEAI=/overview?g2lb=43807868 ,False,,,1, 2022-02-21 19:33:04 , https://www.vrbo.com/2677977?unitId=3248700 ,1.06,,,,False,75861879, 2022-02-18 00:43:38 ,True,False,True,True,1,,,,False,False,True,False,,, 2026-08-11 20:17:03 ,58987,,,,, approved ,40070937,1.2, inactive ,,,,1.05,,False,,,,58,,,,,,,False,, 2022-02-18 00:43:38 ,18629, not_exported ,,False,,False,True, 2677977 , https://www.vrbo.com/2677977?dateless=true ,
18629,101822, Erin Thrasher 379 (JC) ,,,,False,,1,,,,david832haven@gmail.com, approved ,1,, 2026-08-11 20:25:47 ,True,, 572542572513976867 ,1.18,279783412, sync_rates_and_availability , onlyHostaway , 279783412 ,,,,9.2,,,,1.03,203,,,8316700,,,,,,,,,,,,,,,,, 2022-08-21 15:22:01 ,True,831670002, 2022-03-01 19:57:29 ,,,,, https://www.expedia.com/Dandridge-Hotels-The-Lookout-Lake-View.h76483357.Hotel-Information ,,False,,False,,,,,, https://www.google.com/travel/hotels/entity/CgoQ78e0mti_kYcfEAI=/overview?g2lb=43807868 ,True,,,1, 2022-03-15 20:20:19 , https://www.vrbo.com/2711855?unitId=3282671 ,1,,,,False,76483357, 2022-03-01 19:56:38 ,True,False,True,True,1,,,,False,False,True,False,,, 2026-08-11 20:17:22 ,59961,,,,, rejected ,40070933,1.2, active ,,,,1.05,,False,,,,59,,,,,,,False,, 2022-03-01 19:56:38 ,18629, exported ,,False,,True,True, 2711855 , https://www.vrbo.com/2711855?dateless=true ,
18629,101823, Sue Landis 410-3002 (PF) ,,,,False,,1,,,,david832haven@gmail.com, approved ,1,, 2026-08-11 20:28:11 ,True,, 572702808972132577 ,1.18,279783412, sync_rates_and_availability , onlyHostaway , 279783412 ,,,,9.7,,,,1.03,206,,,8366790,,,,,,,,,,,,,,,,, 2022-04-16 03:56:00 ,True,836679002, 2022-03-01 19:59:26 ,,,,, https://www.expedia.com/Pigeon-Forge-Hotels-A-View-To-Remember-Jacuzzi-Tub-Community-Pools.h76732966.Hotel-Information ,,False,,False,,,,,, https://www.google.com/travel/hotels/entity/CgsQ2cSN8cuIoIeoARAC/overview?g2lb=43807868 ,True,,,1, 2022-03-31 05:20:54 , https://www.vrbo.com/2735263?unitId=3306113 ,1.06,,,,False,76732966, 2022-03-01 19:58:41 ,True,False,True,True,1,,,,False,False,True,False,,, 2026-08-11 20:17:35 ,59962,,,,, approved ,40083044,1.2, active ,,,,1.05,,False,,,,60,,,,,,,False,, 2022-03-01 19:58:41 ,18629, exported ,,False,,True,True, 2735263 , https://www.vrbo.com/2735263?dateless=true ,
18629,102072, Leigh Burch 116-103 (KCity) ,,,,False,,1,,,,david832haven@gmail.com, approved ,1,, 2026-08-11 20:24:34 ,True,, 575263426878532612 ,1.155,279783412, sync_rates_and_availability , onlyHostaway , 279783412 ,,,,9.5,,,,1.03,204,,,8363232,,,,,,,,,,,,,,,,, 2023-05-18 14:10:53 ,True,836323202, 2022-03-04 18:23:26 ,,,,, https://www.expedia.com/Knoxville-Hotels-Urban-Sterchi-Lofts-Downtown-Knoxville.h76714761.Hotel-Information ,,False,,False,,,,,, https://www.google.com/travel/hotels/entity/CgoQhPz9mpOCiapnEAI=/overview?g2lb=43807868 ,True,,,1, 2022-03-30 08:36:19 , https://www.vrbo.com/2733380?unitId=3304230 ,1.06,,,,False,76714761, 2022-03-04 18:22:34 ,True,False,True,True,1,,,,False,False,True,False,,, 2026-08-11 20:17:47 ,60211,,,,, approved ,40077221,1.2, active ,,,,1.05,,False,,,,61,,,,,,,False,, 2022-03-04 18:22:34 ,18629, exported ,,False,,True,True, 2733380 , https://www.vrbo.com/2733380?dateless=true ,
18629,102378, Cheryl Yohannan 1115 (SCounty) ,,,,False,,1,,,,,,,, 2024-04-22 16:07:02 ,False,,,1.25,,, onlyHostaway ,,,,,9.1,,,,1.03,100,,,,,,,,,,,,,,,,,,,, 2022-09-30 20:36:15 ,False,, 2022-03-08 15:26:22 ,,,,,,,False,,False,,,,,, https://www.google.com/travel/hotels/entity/CgoQ0YCB__6Dn_hsEAI=/overview?g2lb=43807868 ,False,,,1, 2022-03-15 21:49:34 , https://www.vrbo.com/2711856?unitId=3282672 ,1.06,,,,False,76483359, 2022-03-08 15:25:30 ,True,False,True,False,1,,,,False,False,True,False,,, 2026-01-21 18:41:56 ,60517,,,,, approved ,40079780,1.2, inactive ,,,,1.05,,False,,,,62, archived ,,,,,,False,, 2022-03-08 15:25:30 ,18629, not_exported ,,False,,False,True, 2711856 , https://www.vrbo.com/2711856?dateless=true ,
18629,102943, Valerie Knowles 4840 (SCounty) ,,,,False,,1,,,,,,,, 2022-03-15 16:12:14 ,False,,,1.25,,, onlyHostaway ,,,,,9.6,,,,1.03,70,,,,,,,,,,,,,,,,,,,, 2023-09-25 16:51:09 ,False,, 2022-03-15 16:12:07 ,,,,,,,False,,False,,,,,, https://www.google.com/travel/hotels/entity/CgoQ7faMjLLO_NhlEAI=/overview?g2lb=43807868 ,False,,,1, 2022-05-03 14:20:06 , https://www.vrbo.com/2789251?unitId=3361207 ,1.06,,,,False,78112470, 2022-03-15 16:11:07 ,True,False,True,False,1,,,,False,False,True,False,,, 2026-01-21 18:45:31 ,61074,,,,, approved ,40088980,1.2, inactive ,,,,1.05,,False,,,,63, archived ,,,,,,False,, 2022-03-15 16:11:07 ,18629, not_exported ,,False,,False,True, 2789251 , https://www.vrbo.com/2789251?dateless=true ,
18629,104011, Spike & Nadim 813-3 (KCity) ,,,,False,,1,,,,,,,, 2024-04-02 16:08:58 ,False,,,1.25,,, onlyHostaway ,,,,,8.7,,,,1.03,79,,,,,,,,,,,,,,,,,,,,,False,, 2022-03-25 13:17:15 ,,,,, https://www.expedia.com/Knoxville-Hotels-Hall-Of-Fame-Downtown-Knoxville.h77811817.Hotel-Information ,,False,,False,,,,,, https://www.google.com/travel/hotels/entity/CgsQtsbzvd-C3feAARAC/overview?g2lb=43807868 ,False,,,1, 2022-04-20 15:46:10 , https://www.vrbo.com/2768256?unitId=3340174 ,1.06,,,,False,, 2022-03-25 13:16:27 ,True,False,True,True,1,,,,False,False,True,False,,, 2026-04-28 14:34:02 ,62138,,,,, rejected ,40086904,1, new ,,,,1.05,,False,,,,64, archived ,,,,,,False,, 2022-03-25 13:16:27 ,, not_exported ,,False,,False,False,,,
18629,104542, Terry Reeves 830 (PF) ,,,,False,,1,,,,david832haven@gmail.com, approved ,1,, 2026-08-11 20:27:50 ,True,, 593994119955883135 ,1.25,279783412, sync_rates_and_availability , onlyHostaway , 279783412 ,,,,9.3,,,,1.03,83,,,8549147,,,,,,,,,,,,,,,,,,True,854914702, 2022-03-30 16:52:36 ,,,,, https://www.expedia.com/Pigeon-Forge-Hotels-Higher-Ground-Condo-W-Mountain-Golf-View.h78441086.Hotel-Information ,,False,,False,,,,,, https://www.google.com/travel/hotels/entity/CgsQ64mX_-qZ-bfzARAC/overview?g2lb=43807868 ,True,,,1, 2022-05-19 15:05:59 , https://www.vrbo.com/2818060?unitId=3390060 ,1.06,,,,False,78441086, 2022-03-30 16:51:43 ,True,False,True,True,1,,,,False,False,True,False,,, 2026-08-11 20:17:59 ,62669,,,,, approved ,40095695,1.2, active ,,,,1.05,,False,,,,65,,,,,,,False,, 2022-03-30 16:51:43 ,18629, exported ,,False,,True,True, 2818060 , https://www.vrbo.com/2818060?dateless=true ,
18629,104714, James Urban 3030 (SCounty) ,,,,False,,1,,,,,,,, 2024-02-23 19:04:01 ,False,,,1.25,,, onlyHostaway ,,,,,8.8,,,,1.03,29,,,,,,,,,,,,,,,,,,,,,False,, 2022-03-31 17:35:55 ,,,,,,,False,,False,,,,,, https://www.google.com/travel/hotels/entity/CgsQsY223tu_xb3rARAC/overview?g2lb=43807868 ,False,,,1, 2022-04-22 22:03:32 , https://www.vrbo.com/2771691?unitId=3343621 ,1.06,,,,False,77866974, 2022-03-31 17:35:02 ,True,False,True,False,1,,,,False,False,True,False,,, 2025-12-17 18:28:34 ,62841,,,,, rejected ,40087734,1.2, active ,,,,1.05,,False,,,,66, archived ,,,,,,False,, 2022-03-31 17:35:02 ,18629, not_exported ,,False,,False,True, 2771691 , https://www.vrbo.com/2771691?dateless=true ,
18629,105239, Vicki Allbert 410-2003 (PF) ,,,,False,,1,,,,david832haven@gmail.com, approved ,1,, 2026-08-11 20:23:01 ,True,, 598320720257107278 ,1.25,279783412, sync_rates_and_availability , onlyHostaway , 279783412 ,,,,9.7,,,,1.03,69,,,8436374,,,,,,,,,,,,,,,,, 2023-04-17 21:47:44 ,True,843637402, 2022-04-05 14:38:32 ,,,,, https://www.expedia.com/Pigeon-Forge-Hotels-The-Bear-Paw-Palace-Mtn-View-Community-Pools.h77165262.Hotel-Information ,,False,,False,,,,,, https://www.google.com/travel/hotels/entity/CgoQ5_KF-rrh8eRQEAI=/overview?g2lb=43807868 ,True,,,1, 2022-04-20 12:19:08 , https://www.vrbo.com/2766254?unitId=3338170 ,1.06,,,,False,77165262, 2022-04-05 14:37:31 ,True,False,True,True,1,,,,False,False,True,False,,, 2026-08-11 20:18:17 ,63359,,,,, approved ,40086884,1.2, active ,,,,1.05,,False,,,,67,,,,,,,False,, 2022-04-05 14:37:31 ,18629, exported ,,False,,True,True, 2766254 , https://www.vrbo.com/2766254?dateless=true ,
18629,106587, Lily Phillips Combo 305/308 (PF) ,,,,False,,1,,,,,,,, 2022-04-15 18:34:48 ,False,,,1.25,,, onlyHostaway ,,,,,9.2,,,,1.03,43,,,,,,,,,,,,,,,,,,,,,False,, 2022-04-15 18:34:42 ,,,,,,,False,,False,,,,,, https://www.google.com/travel/hotels/entity/CgsQgtqz3dqKtpqnARAC/overview?g2lb=43807868 ,False,,,1, 2022-04-28 17:49:39 , https://www.vrbo.com/2781617?unitId=3353560 ,1.06,,,,False,78005823, 2022-04-15 18:33:43 ,True,False,True,False,1,,,,False,False,True,False,,, 2025-12-17 18:28:54 ,64703,,,,, approved ,40088552,1.2, inactive ,,,,1.05,,False,,,,68, archived ,,,,,,False,, 2022-04-15 18:33:43 ,18629, not_exported ,,False,,False,True, 2781617 , https://www.vrbo.com/2781617?dateless=true ,
18629,106774, Stephen Fu 225 (PF) ,,,,False,,1,,,,david832haven@gmail.com, approved ,1,, 2026-08-11 20:25:19 ,True,, 605602484398867221 ,1.25,279783412, sync_rates_and_availability , onlyHostaway , 279783412 ,,,,9.6,,,,1.03,68,,,8549143,,,,,,,,,,,,,,,,,,True,854914302, 2022-04-18 17:51:06 ,,,,, https://www.expedia.com/Pigeon-Forge-Hotels-Bear-Hugs-Hot-Tub.h78441116.Hotel-Information ,,False,,False,,,,,, https://www.google.com/travel/hotels/entity/CgoQ_4W_4s3IsLthEAI=/overview?g2lb=43807868 ,True,,,1, 2022-05-19 15:52:34 , https://www.vrbo.com/2818062?unitId=3390062 ,1.06,,,,False,78441116, 2022-04-18 17:50:10 ,True,False,True,True,1,,,,False,False,True,False,,, 2026-08-11 20:18:29 ,64889,,,,, approved ,40103216,1.2, active ,,,,1.05,,False,,,,69,,,,,,,False,, 2022-04-18 17:50:10 ,18629, exported ,,False,,True,True, 2818062 , https://www.vrbo.com/2818062?dateless=true ,
18629,107045, Rob Hart 1141 (SCounty) ,,,,False,,1,,,,david832haven@gmail.com, approved ,1,, 2026-08-11 20:30:55 ,True,, 609235049069628443 ,1.25,279783412, sync_rates_and_availability , onlyHostaway , 279783412 ,,,,9.5,,,,1.03,72,,,8549132,,,,,,,,,,,,,,,,,,True,854913202, 2022-04-20 18:41:36 ,,,,, https://www.expedia.com/Sevierville-Hotels-The-Hartland-Hot-Tub.h78441118.Hotel-Information ,,False,,False,,,,,, https://www.google.com/travel/hotels/entity/CgoQ2fuBuuT9-rA7EAI=/overview?g2lb=43807868 ,True,,,1, 2022-05-19 17:34:58 , https://www.vrbo.com/2818063?unitId=3390063 ,1.06,,,,False,78441118, 2022-04-20 18:40:44 ,True,False,True,True,1,,,,False,False,True,False,,, 2026-08-11 20:18:41 ,65156,,,,, rejected ,40103316,1.2, new ,,,,1.05,,False,,,,70,,,,,,,False,, 2022-04-20 18:40:44 ,18629, exported ,,False,,True,True, 2818063 , https://www.vrbo.com/2818063?dateless=true ,
18629,109599, Brian Albaum 442 (SCity) ,,,,False,,1,,,,david832haven@gmail.com, approved ,1,, 2026-08-11 20:28:05 ,True,, 872433458193846020 ,1.25,279783412, sync_rates_and_availability , onlyHostaway , 279783412 ,,,,9.2,,,,1.03,71,,,14851982,,,,,,,,,,,,,,,1,, 2022-08-25 12:41:27 ,True,1485198201, 2022-05-11 02:17:28 ,,,,, https://www.expedia.com/Sevierville-Hotels-Fishin-N-Wishin-CatchRelease.h78757343.Hotel-Information ,,False,,False,,,,,, https://www.google.com/travel/hotels/entity/CgoQ57KUv5uM5fImEAI=/overview?g2lb=43807868 ,True,,,1, 2022-06-01 17:37:56 , https://www.vrbo.com/2840379?unitId=3412398 ,1.06,,,,False,78757343, 2022-05-11 02:16:28 ,True,False,True,True,1,,,,False,False,True,False,,, 2026-08-11 20:18:53 ,67702,,,,, rejected ,40098539,1.2, active ,,,,1.05,,False,,,,71,,,,,,,False,, 2022-05-11 02:16:28 ,18629, exported ,,False,,True,True, 2840379 , https://www.vrbo.com/2840379?dateless=true ,
18629,109941, Kelly Laquet 518 (SCounty) ,,,,False,,1,,,,,,,, 2026-02-19 20:24:48 ,False,,,1.25,,, onlyHostaway ,,,,,9.3,,,,1.03,87,,,,,,,,,,,,,,,,,,,, 2023-05-24 15:36:52 ,False,, 2022-05-13 05:23:12 ,,,,, https://www.expedia.com/Gatlinburg-Hotels-Little-Cub-Cottage-Mtn-Views-Community-Pools.h81497618.Hotel-Information ,,False,,False,,,,,, https://www.google.com/travel/hotels/entity/CgoQnvn2lsyH2pYZEAI=/overview?g2lb=43807868 ,False,,,1, 2022-06-14 16:35:22 , https://www.vrbo.com/2861990?unitId=3434027 ,1.06,,,,False,81497618, 2022-05-13 05:22:15 ,True,False,True,False,1,,,,False,False,True,False,,, 2026-02-19 20:17:12 ,68044,,,,, rejected ,40107594,1.2, new ,,,,1.05,,False,,,,72, archived ,,,,,,False,, 2022-05-13 05:22:15 ,18629, not_exported ,,False,,False,True, 2861990 , https://www.vrbo.com/2861990?dateless=true ,
18629,110662, Jen Winters 526 (BC) ,,,,False,,1,,,,,,,, 2022-05-19 16:53:09 ,False,,,1.25,,, onlyHostaway ,,,,,9.8,,,,1.03,77,,,,,,,,,,,,,,,,,,,, 2023-08-18 05:10:48 ,False,, 2022-05-19 16:53:03 ,,,,,,,False,,False,,,,,, https://www.google.com/travel/hotels/entity/CgkQx-zqw-C5okoQAg==/overview?g2lb=43807868 ,False,,,1, 2022-09-19 19:38:56 , https://www.vrbo.com/3019410?unitId=3591454 ,1.06,,,,False,87365273, 2022-05-19 16:52:03 ,True,False,True,False,1,,,,False,False,True,False,,, 2025-12-17 18:30:10 ,68765,,,,, approved ,40117997,1.2, inactive ,,,,1.05,,False,,,,73, archived ,,,,,,False,, 2022-05-19 16:52:03 ,18629, not_exported ,,False,,False,True, 3019410 , https://www.vrbo.com/3019410?dateless=true ,
18629,111312, Jay Hwang 936 (SCounty) ,,,,False,,1,,,,david832haven@gmail.com, approved ,1,, 2026-08-11 20:28:58 ,True,, 635390943310998557 ,1.25,279783412, sync_rates_and_availability , onlyHostaway , 279783412 ,,,,9.6,,,,1.03,32,,,8669376,,,,,,,,,,,,,,,,, 2023-07-24 20:16:30 ,True,866937602, 2022-05-26 17:06:24 ,,,,, https://www.expedia.com/Sevierville-Hotels-Sunset-In-The-Smokies-Hot-Tub-Game-Room.h81723130.Hotel-Information ,,False,,False,,,,,, https://www.google.com/travel/hotels/entity/CgsQ9-iRiZy09tOQARAC/overview?g2lb=43807868 ,True,,,1, 2022-06-15 14:43:08 , https://www.vrbo.com/2863793?unitId=3435830 ,1.06,,,,False,81723130, 2022-05-26 17:05:14 ,True,False,True,True,1,,,,False,False,True,False,,, 2026-08-11 20:19:12 ,69410,,,,, approved ,40100215,1.2, active ,,,,1.05,,False,,,,75,,,,,,,False,, 2022-05-26 17:05:14 ,18629, exported ,,False,,True,True, 2863793 , https://www.vrbo.com/2863793?dateless=true ,
18629,111417, Barbara Dorr 229-203 (BC) ,,,,False,,1,,,,david832haven@gmail.com, approved ,1,, 2026-08-11 20:25:30 ,True,, 636017841824178324 ,1.25,279783412, sync_rates_and_availability , onlyHostaway , 279783412 ,,,,9.9,,,,1.03,113,,,8698875,,,,,,,,,,,,,,,,, 2022-10-02 04:00:51 ,True,869887502, 2022-05-27 14:13:34 ,,,,, https://www.expedia.com/Townsend-Hotels-Charming-Cades-Cove-Condo-Community-Amenities.h82653822.Hotel-Information ,,False,,False,,,,,, https://www.google.com/travel/hotels/entity/CgoQzbHhqorf6rxXEAI=/overview?g2lb=43807868 ,True,,,1, 2022-06-21 18:55:21 , https://www.vrbo.com/2873095?unitId=3445132 ,1.06,,,,False,82653822, 2022-05-27 14:12:18 ,True,False,True,True,1,,,,False,False,True,False,,, 2026-08-11 20:19:25 ,69515,,,,, approved ,40101343,1.2, active ,,,,1.05,,False,,,,76,,,,,,,False,, 2022-05-27 14:12:18 ,18629, exported ,,False,,True,True, 2873095 , https://www.vrbo.com/2873095?dateless=true ,
18629,111550, Heidi Hutchinson 4514 (SCounty) ,,,,False,,1,,,,,,,, 2022-05-30 14:42:52 ,False,,,1.25,,, onlyHostaway ,,,,,9.6,,,,1.03,99,,,,,,,,,,,,,,,,,,,, 2023-11-06 03:11:05 ,False,, 2022-05-30 14:42:46 ,,,,, https://www.expedia.com/Pigeon-Forge-Hotels-Rocky-Retreat-Mtn-View.h81497751.Hotel-Information ,,False,,False,,,,,, https://www.google.com/travel/hotels/entity/CgoQlo-XtOzF1cYOEAI=/overview?g2lb=43807868 ,False,,,1, 2022-06-14 17:12:48 , https://www.vrbo.com/2861994?unitId=3434031 ,1.06,,,,False,81497751, 2022-05-30 14:41:37 ,True,False,True,True,1,,,,False,False,True,False,,, 2026-01-21 18:48:49 ,69646,,,,, approved ,40107596,1.2, inactive ,,,,1.05,,False,,,,78, archived ,,,,,,False,, 2022-05-30 14:41:37 ,18629, not_exported ,,False,,False,True, 2861994 , https://www.vrbo.com/2861994?dateless=true ,
18629,111715, Ed Zorn 1531 (SCounty) ,,,,False,,1,,,,,,,, 2022-05-31 15:11:18 ,False,,,1.25,,, onlyHostaway ,,,,,8.5,,,,1.03,86,,,,,,,,,,,,,,,,,,,,,False,, 2022-05-31 15:11:11 ,,,,, https://www.expedia.com/Sevierville-Hotels-Bear-Creek-Cabin-Mtn-View.h81876053.Hotel-Information ,,False,,False,,,,,, https://www.google.com/travel/hotels/entity/CgoQ5ISr5KG-6IY1EAI=/overview?g2lb=43807868 ,False,,,1, 2022-06-16 16:09:09 , https://www.vrbo.com/2865703?unitId=3437740 ,1,,,,False,81876053, 2022-05-31 15:10:23 ,True,False,True,True,1,,,,False,False,True,False,,, 2026-03-27 13:16:17 ,69811,,,,, approved ,40107794,1.2, inactive ,,,,1.05,,False,,,,81, archived ,,,,,,False,, 2022-05-31 15:10:23 ,18629, not_exported ,,False,,False,True, 2865703 , https://www.vrbo.com/2865703?dateless=true ,
18629,111957, Jay Hwang 920 (SCounty) ,,,,False,,1,,,,david832haven@gmail.com, approved ,1,, 2026-08-11 20:32:22 ,True,, 640441012930392789 ,1.25,279783412, sync_rates_and_availability , onlyHostaway , 279783412 ,,,,9.3,,,,1.03,30,,,8676099,,,,,,,,,,,,,,,,,,True,867609902, 2022-06-02 18:05:23 ,,,,, https://www.expedia.com/Sevierville-Hotels-Falcons-Lodge-Mtn-View.h81876076.Hotel-Information ,,False,,False,,,,,, https://www.google.com/travel/hotels/entity/CgsQqpeFiuK-kKuHARAC/overview?g2lb=43807868 ,True,,,1, 2022-06-16 17:37:02 , https://www.vrbo.com/2865704?unitId=3437741 ,1.06,,,,False,81876076, 2022-06-02 18:04:31 ,True,False,True,True,1,,,,False,False,True,False,,, 2026-08-11 20:19:38 ,70053,,,,, rejected ,40100419,1.2, active ,,,,1.05,,False,,,,74,,,,,,,False,, 2022-06-02 18:04:31 ,18629, exported ,,False,,True,True, 2865704 , https://www.vrbo.com/2865704?dateless=true ,
18629,112729, Dylan Robinson 3741 (PF) ,,,,False,,1,,,,,,,, 2022-06-10 15:47:59 ,False,,,1.25,,, onlyHostaway ,,,,,9.6,,,,1.03,34,,,,,,,,,,,,,,,,,,1,,,False,, 2022-06-10 15:47:53 ,,,,, https://www.expedia.com/Pigeon-Forge-Hotels-Sweet-Tea-Timber-Indoor-Pool-Hot-Tub.h83328470.Hotel-Information ,,False,,False,,,,,, https://www.google.com/travel/hotels/entity/CgoQwN-VlsyPk990EAI=/overview?g2lb=43807868 ,False,,,1, 2022-07-21 18:58:02 , https://www.vrbo.com/2923705?unitId=3495745 ,1.06,,,,False,83328470, 2022-06-10 15:47:04 ,True,False,True,True,1,,,,False,False,True,False,,, 2026-08-11 20:19:48 ,70824,,,,, approved ,40114606,1.2, inactive ,,,,1.05,,False,,,,77,,,,,,,False,, 2022-06-10 15:47:04 ,18629, not_exported ,,False,,False,True, 2923705 , https://www.vrbo.com/2923705?dateless=true ,
18629,113089, Nadim Jubran 813-2 (KCity) ,,,,False,,1,,,,,,,, 2023-08-03 16:43:59 ,False,,,1.25,,, onlyHostaway ,,,,,9.3,,,,1.03,102,,,,,,,,,,,,,,,,,,,,,False,, 2022-06-14 15:38:55 ,,,,, https://www.expedia.com/Knoxville-Hotels-Historic-Loft-5-Minutes-To-Downtown.h83163583.Hotel-Information ,,False,,False,,,,,, https://www.google.com/travel/hotels/entity/CgoQ8ZP-rsvhgZR1EAI=/overview?g2lb=43807868 ,False,,,1, 2022-07-12 16:39:15 , https://www.vrbo.com/2908480?unitId=3480520 ,1.06,,,,False,, 2022-06-14 15:38:02 ,True,False,True,True,1,,,,False,False,True,False,,, 2026-04-28 14:48:00 ,71181,,,,, rejected ,40105555,1.2, new ,,,,1.05,,False,,,,79, archived ,,,,,,False,, 2022-06-14 15:38:02 ,, not_exported ,,False,,False,False,,,
18629,113415, Lewis Anderson 2691 (SCounty) ,,,,False,,1,,,,david832haven@gmail.com, approved ,1,, 2026-08-11 20:34:17 ,True,, 650538691117041252 ,1.25,279783412, sync_rates_and_availability , onlyHostaway , 279783412 ,,,,9.6,,,,1.03,65,,,8911495,,,,,,,,,,,,,,,,, 2023-03-10 20:33:47 ,True,891149502, 2022-06-16 16:11:56 ,,,,, https://www.expedia.com/Sevierville-Hotels-Sevierville-Tiny-Home-W-Hot-Tub.h83669192.Hotel-Information ,,False,,False,,,,,, https://www.google.com/travel/hotels/entity/CgsQoaTB4ZacpOvSARAC/overview?g2lb=43807868 ,True,,,1, 2022-08-09 15:46:35 , https://ws.homeaway.com/public/listing?id=2953739vb ,1.06,,,,False,83669192, 2022-06-16 16:11:00 ,True,False,True,True,1,,,,False,False,True,False,,, 2026-08-11 20:20:49 ,71507,,,,, rejected ,40112297,1.2, new ,,,,1.05,,False,,,,80,,,,,,,False,, 2022-06-16 16:11:00 ,18629, exported ,,False,,True,True, 2953739 , https://www.vrbo.com/2953739?dateless=true ,
18629,113999, Gregg VanHorn 4783 (BC) ,,,,False,,1,,,,,,,, 2022-06-23 15:44:09 ,False,,,1.25,,, onlyHostaway ,,,,,9.3,,,,1.03,80,,,8750293,,,,,,,,,,,,,,,,,,True,875029302, 2022-06-23 15:44:01 ,,,,, https://www.expedia.com/Walland-Hotels-Quietside-Cabin-Grill.h82898394.Hotel-Information ,,False,,False,,,,,, https://www.google.com/travel/hotels/entity/CgsQ5d_fqLr3g6HAARAC/overview?g2lb=43807868 ,True,,,1, 2022-06-29 17:06:39 , https://www.vrbo.com/2886635?unitId=3458672 ,1,,,,False,82898394, 2022-06-23 15:43:06 ,True,False,True,True,1,,,,False,False,True,False,,, 2026-08-11 20:21:00 ,72072,,,,, approved ,40102961,1.2, active ,,,,1.05,,False,,,,82,,,,,,,False,, 2022-06-23 15:43:06 ,18629, exported ,,False,,True,True, 2886635 , https://www.vrbo.com/2886635?dateless=true ,
18629,114808, Cindy Standsberry 2572 (PF) ,,,,False,,1,,,,,,,, 2022-08-16 15:58:03 ,False,,,1.25,,, onlyHostaway ,,,,,9.5,,,,1.03,88,,,,,,,,,,,,,,,,,,,,,False,, 2022-06-30 17:11:08 ,,,,, https://www.expedia.com/Pigeon-Forge-Hotels-Highland-Forest-Cabins-Duo-Cabin-Retreat.h84077832.Hotel-Information ,,False,,False,,,,,, https://www.google.com/travel/hotels/entity/CgsQ39mshvbHgMPcARAC/overview?g2lb=43807868 ,False,,,1, 2022-08-26 18:05:22 , https://www.vrbo.com/2982881?unitId=3554921 ,1.06,,,,False,84077832, 2022-06-30 17:10:19 ,True,False,True,True,1,,,,False,False,True,False,,, 2026-07-20 12:06:51 ,72876,,,,, approved ,40113765,1.2, inactive ,,,,1.05,,False,,,,83, archived ,,,,,,False,, 2022-06-30 17:10:19 ,18629, not_exported ,,False,,False,True, 2982881 , https://www.vrbo.com/2982881?dateless=true ,
18629,114919, Stephen Fu 2107 (GAT) ,,,,False,,1,,,,,,,, 2022-07-01 16:21:22 ,False,,,1.25,,, onlyHostaway ,,,,,8.9,,,,1.03,109,,,8966878,,,,,,,,,,,,,,,,,,True,896687802, 2022-07-01 16:21:15 ,,,,, https://www.expedia.com/Gatlinburg-Hotels-Serenity-View-FirePit.h83921595.Hotel-Information ,,False,,False,,,,,, https://www.google.com/travel/hotels/entity/CgsQiO2yrM3P-afvARAC/overview?g2lb=43807868 ,True,,,1, 2022-08-18 16:42:25 , https://ws.homeaway.com/public/listing?id=2969342vb ,1,,,,False,83921595, 2022-07-01 16:20:10 ,True,False,True,True,1,,,,False,False,True,False,,, 2026-08-19 07:21:27 ,72987,,,,, approved ,40113231,1.2, active ,,,,1.05,,False,,,,84,,,,,,,False,, 2022-07-01 16:20:10 ,18629, exported ,,False,,True,True, 2969342 , https://www.vrbo.com/2969342?dateless=true ,
18629,115442, Ricky Garcia 2755 (JC) ,,,,False,,1,,,,,,,, 2022-07-15 19:39:27 ,False,,,1.25,,, onlyHostaway ,,,,,9.4,,,,1.03,115,,,,,,,,,,,,,,,,,,,,,False,, 2022-07-06 16:39:40 ,,,,, https://www.expedia.com/Dandridge-Hotels-Enchanted-Forest-Retreat-Secluded-W-Fire-Pit.h83515716.Hotel-Information ,,False,,False,,,,,, https://www.google.com/travel/hotels/entity/CgoQvJLTztT564R9EAI=/overview?g2lb=43807868 ,False,,,1, 2022-08-01 17:14:07 , https://www.vrbo.com/2940432?unitId=3512472 ,1.06,,,,False,83515716, 2022-07-06 16:38:48 ,True,False,True,False,1,,,,False,False,True,False,,, 2026-01-22 16:35:13 ,73503,,,,, rejected ,40109669,1, active ,,,,1.05,,False,,,,85, archived ,,,,,,False,, 2022-07-06 16:38:48 ,18629, not_exported ,,False,,False,True, 2940432 , https://www.vrbo.com/2940432?dateless=true ,
18629,118033, Praveen Raghavan 1120 (GAT) ,,,,False,,1,,,,,,,, 2022-07-29 16:40:52 ,False,,,1.25,,, onlyHostaway ,,,,,9.7,,,,1.03,23,,,,,,,,,,,,,,,,,,,,,False,, 2022-07-29 16:40:46 ,,,,, https://www.expedia.com/Gatlinburg-Hotels-The-Sundrop-Hot-Tub.h83707557.Hotel-Information ,,False,,False,,,,,, https://www.google.com/travel/hotels/entity/CgoQtZDAkb3d27lGEAI=/overview?g2lb=43807868 ,False,,,1, 2022-08-12 13:50:05 , https://www.vrbo.com/2957452?unitId=3529492 ,1.06,,,,False,83707557, 2022-07-29 16:39:44 ,True,False,True,True,1,,,,False,False,True,False,,, 2026-01-22 16:35:32 ,76085,,,,, approved ,40202521,1.2, inactive ,,,,1.05,,False,,,,86, archived ,,,,,,False,, 2022-07-29 16:39:44 ,18629, not_exported ,,False,,False,True, 2957452 , https://www.vrbo.com/2957452?dateless=true ,
18629,118217, Brian Hopp 3163 (SCounty) ,,,,False,,1,,,,david832havenb@gmail.com, approved ,1,, 2026-08-11 20:35:29 ,True,, 985391061442240020 ,1.25,465913042, sync_rates_and_availability , onlyHostaway , 465913042 ,,,,8.9,,,,1.03,56,,,8966849,,,,,,,,,,,,,,,,,,True,896684902, 2022-08-01 15:55:16 ,,,,, https://www.expedia.com/Sevierville-Hotels-Hopp-On-Inn-Secluded-3BR-Home.h83981344.Hotel-Information ,,False,,False,,,,,, https://www.google.com/travel/hotels/entity/CgoQzOanveuT-54XEAI=/overview?g2lb=43807868 ,True,,,1, 2022-08-22 17:34:50 , https://www.vrbo.com/2974987?unitId=3547027 ,1.06,,,,False,83981344, 2022-08-01 15:54:19 ,True,False,True,True,1,,,,False,False,True,False,,, 2026-08-11 20:21:23 ,76269,,,,, approved ,40113429,1, active ,,,,1.05,,False,,,,87,,,,,,,False,, 2022-08-01 15:54:19 ,18629, exported ,,False,,True,True, 2974987 , https://www.vrbo.com/2974987?dateless=true ,
18629,122798, Larry Burton 725 (SCounty) ,,,,False,,1,,,,david832haven@gmail.com, approved ,1,, 2026-08-11 20:37:35 ,True,, 714369328514475453 ,1.25,279783412, sync_rates_and_availability , onlyHostaway , 279783412 ,,,,9.1,,,,1.03,62,,,9084043,,,,,,,,,,,,,,,,,,True,908404302, 2022-09-12 17:17:19 ,,,,, https://www.expedia.com/Pigeon-Forge-Hotels-Forest-Home-Hot-Tub.h87703390.Hotel-Information ,,False,,False,,,,,, https://www.google.com/travel/hotels/entity/CgsQ4pvV5frso5qOARAC/overview?g2lb=43807868 ,True,,,1, 2022-09-27 17:27:03 , https://www.vrbo.com/3032568?unitId=3604612 ,1.06,,,,False,87703390, 2022-09-12 17:16:25 ,True,False,True,True,1,,,,False,False,True,False,,, 2026-08-11 20:21:43 ,80845,,,,, approved ,40131336,1.2, active ,,,,1.05,,False,,,,88,,,,,,,False,, 2022-09-12 17:16:25 ,18629, exported ,,False,,True,True, 3032568 , https://www.vrbo.com/3032568?dateless=true ,
18629,122943, Jana Baumann 2613 (SCounty) ,,,,False,,1,,,,david832haven@gmail.com, approved ,1,, 2026-08-11 20:29:08 ,True,, 715138922022989022 ,1.25,279783412, sync_rates_and_availability , onlyHostaway , 279783412 ,,,,9.7,,,,1.03,45,,,9180785,,,,,,,,,,,,,,,,,,True,918078502, 2022-09-13 18:17:34 ,,,,, https://www.expedia.com/Sevierville-Hotels-Double-Level-Deck-Cabin-W-Hot-Tub-Outdoor-Fun-In-Smokies.h86514706.Hotel-Information ,,False,,False,,,,,, https://www.google.com/travel/hotels/entity/CgoQwf-c7pq98dlSEAI=/overview?g2lb=43807868 ,True,,,1, 2022-09-13 19:13:47 , https://www.vrbo.com/3010992?unitId=3583036 ,1.06,,,,False,86514706, 2022-09-13 18:16:32 ,True,False,True,True,1,,,,False,False,True,False,,, 2026-08-11 20:21:56 ,80990,,,,, approved ,40131071,1.2, active ,,,,1.05,,False,,,,89,,,,,,,False,, 2022-09-13 18:16:32 ,18629, exported ,,False,,True,True, 3010992 , https://www.vrbo.com/3010992?dateless=true ,
18629,125166, Eric Adams 814 (SCounty) ,,,,False,,1,,,,david832haven@gmail.com, approved ,1,, 2026-08-11 20:28:02 ,True,, 1115808723347563707 ,1.25,279783412, sync_rates_and_availability , onlyHostaway , 279783412 ,,,,9.1,,,,1.03,58,,,9153354,,,,,,,,,,,,,,,,,,True,915335402, 2022-09-28 15:23:44 ,,,,, https://www.expedia.com/Sevierville-Hotels-Smoky-Mountain-Sunset-Hot-Tub.h87831403.Hotel-Information ,,False,,False,,,,,, https://www.google.com/travel/hotels/entity/CgsQ2f3rzdeFvKjjARAC/overview?g2lb=43807868 ,True,,,1, 2022-10-04 13:51:24 , https://www.vrbo.com/3042527?unitId=3614571 ,1.06,,,,False,87831403, 2022-09-28 15:22:47 ,True,False,True,True,1,,,,False,False,True,False,,, 2026-08-11 20:22:08 ,83199,,,,, approved ,40132546,1.2, active ,,,,1.05,,False,,,,92,,,,,,,False,, 2022-09-28 15:22:47 ,18629, exported ,,False,,True,True, 3042527 , https://www.vrbo.com/3042527?dateless=true ,
18629,129364, Spike McCamy 133 (KCity) ,,,,False,,1,,,,, approved ,1,, 2023-03-02 16:38:31 ,False,,,1.25,,, onlyHostaway ,,,,,9.2,,,,1.03,49,,,,,,,,,,,,,,,,,,,, 2023-09-14 04:35:55 ,False,, 2022-10-27 19:32:28 ,,,,, https://www.expedia.com/Knoxville-Hotels-Pruett-Place-Downtown-Home.h89537571.Hotel-Information ,,False,,False,,,,,, https://www.google.com/travel/hotels/entity/CgsQ57CZ-Ozro_LKARAC/overview?g2lb=43807868 ,False,,,1, 2022-11-28 14:02:36 , https://www.vrbo.com/3129294?unitId=3702385 ,1.06,,,,False,, 2022-10-27 19:31:09 ,True,False,True,True,1,,,,False,False,True,False,,, 2026-04-28 14:58:03 ,87348,,,,, approved ,40193702,1.2, inactive ,,,,1.05,,False,,,,93, archived ,,,,,,False,, 2022-10-27 19:31:09 ,, not_exported ,,False,,False,False,,,
18629,130957, Joey Henshaw 2420 (SCounty) ,,,,False,,1,,,,havensuperhost@gmail.com, approved ,1,, 2026-08-13 18:55:12 ,True,, 934721359395176379 ,1.25,490316100, sync_rates_and_availability , onlyHostaway , 490316100 ,,,,9.8,,,,1.03,16,,,9791232,,,,,,,,,,,,,,,,, 2023-05-01 15:01:35 ,True,979123202, 2022-11-08 15:43:15 ,,,,, https://www.expedia.com/Sevierville-Hotels-A-Shining-Starr-Beautiful-MTN-Views-Hot-Tub.h92197540.Hotel-Information ,,False,,False,,,,,, https://www.google.com/travel/hotels/entity/CgoQif2Z88ucotNZEAI=/overview?g2lb=43807868 ,True,,,1, 2023-03-22 15:32:05 , https://www.vrbo.com/3317592?unitId=3890710 ,1.06,,,,False,92197540, 2022-11-08 15:42:13 ,True,False,True,True,1,,,,False,False,True,False,,, 2026-08-13 18:45:49 ,88939,,,,, approved ,40199391,1.2, active ,,,,1.05,,False,,,,91,,,,,,,False,, 2022-11-08 15:42:13 ,18629, exported ,,False,,True,True, 3317592 , https://www.vrbo.com/3317592?dateless=true ,
18629,133425, Mary Bierds 3215-503 (PF) ,,,,False,,1,,,,david832haven@gmail.com, approved ,1,, 2026-08-11 20:36:02 ,True,, 766554142815397774 ,1.25,279783412, sync_rates_and_availability , onlyHostaway , 279783412 ,,,,9.2,,,,1.03,5,,,9368476,,,,,,,,,,,,,,,,, 2024-01-02 19:36:14 ,True,936847602, 2022-11-23 16:16:11 ,,,,, https://www.expedia.com/Pigeon-Forge-Hotels-Dolly-Dreams-Fireplace.h89862848.Hotel-Information ,,False,,False,,,,,, https://www.google.com/travel/hotels/entity/CgsQiYyliuOfj4iaARAC/overview?g2lb=43807868 ,True,,,1, 2022-12-13 20:26:52 , https://ws.homeaway.com/public/listing?id=3155578vb ,1.06,,,,False,89862848, 2022-11-23 16:14:48 ,True,False,True,True,1,,,,False,False,True,False,,, 2026-08-11 20:22:40 ,91395,,,,, rejected ,40167247,1.2, active ,,,,1.05,,False,,,,90,,,,,,,False,, 2022-11-23 16:14:48 ,18629, exported ,,False,,True,True, 3155578 , https://www.vrbo.com/3155578?dateless=true ,
18629,134846, Christine Stowers 645 (SCounty) ,,,,False,,1,,,,,,,, 2023-03-07 17:52:46 ,False,,,1.25,,, onlyHostaway ,,,,,9.8,,,,1.03,21,,,,,,,,,,,,,,,,,,,,,False,, 2022-12-02 19:46:01 ,,,,, https://www.expedia.com/Sevierville-Hotels-Sweet-Mountain-Escape-View.h91947534.Hotel-Information ,,False,,False,,,,,, https://www.google.com/travel/hotels/entity/CgoQ9bCdlNrq7JF5EAI=/overview?g2lb=43807868 ,False,,,1, 2023-03-13 19:35:17 , https://www.vrbo.com/3298959?unitId=3872058 ,1.06,,,,False,91947534, 2022-12-02 19:44:42 ,True,False,True,False,1,,,,False,False,True,False,,, 2026-01-22 16:37:53 ,92813,,,,,,,1.2,,,,,1.05,,False,,,,94, archived ,,,,,,False,, 2022-12-02 19:44:42 ,18629, not_exported ,,False,,False,True, 3298959 , https://www.vrbo.com/3298959?dateless=true ,
18629,139937, Dylan Robinson 3734 (PF) ,,,,False,,1,,,,havensuperhost@gmail.com, approved ,,, 2026-08-11 20:36:10 ,True,, 838321119954708594 ,1.25,490316100, sync_rates_and_availability , onlyHostaway , 490316100 ,,,,9.8,,,,1.03,3,,,9712371,,,,,,,,,,,,,,,,,,True,971237102, 2023-01-05 17:56:25 ,,,,, https://www.expedia.com/Pigeon-Forge-Hotels-Honeycomb-Hollow-View.h91742468.Hotel-Information ,,False,,False,,,,,, https://www.google.com/travel/hotels/entity/CgsQhu2N1PHN-4KJARAC/overview?g2lb=43807868 ,False,,,1, 2023-03-03 21:02:06 , https://www.vrbo.com/3283706?unitId=3856802 ,1.06,,,,False,91742468, 2023-01-05 17:54:54 ,True,False,True,True,1,,,,False,False,True,False,,, 2026-08-11 20:22:52 ,97887,,,,, approved ,40193161,1.2, inactive ,,,,1.05,,False,,,,95,,,,,,,False,, 2023-01-05 17:54:54 ,18629, not_exported ,,False,,False,True, 3283706 , https://www.vrbo.com/3283706?dateless=true ,
18629,139943, Dylan Robinson 3738 (PF) ,,,,False,,1,,,,,,,, 2026-02-10 18:53:10 ,False,,,1.25,,, onlyHostaway ,,,,,9.6,,,,1.03,2,,,,,,,,,,,,,,,,,,1,,,False,, 2023-01-05 19:02:40 ,,,,, https://www.expedia.com/Pigeon-Forge-Hotels-Timber-Haven-Hideaway-View.h91742472.Hotel-Information ,,False,,False,,,,,, https://www.google.com/travel/hotels/entity/CgoQq9KhzNzxhMZgEAI=/overview?g2lb=43807868 ,False,,,1, 2023-03-03 21:02:37 , https://www.vrbo.com/3283707?unitId=3856803 ,1.06,,,,False,91742472, 2023-01-05 19:01:19 ,True,False,True,True,1,,,,False,False,True,False,,, 2026-08-11 20:23:04 ,97893,,,,, approved ,40193159,1.2, inactive ,,,,1.05,,False,,,,96,,,,,,,False,, 2023-01-05 19:01:19 ,18629, not_exported ,,False,,False,True, 3283707 , https://www.vrbo.com/3283707?dateless=true ,
18629,141714, Chris Elkendier 1622 (SCounty) ,,,,False,,1,,,,david832haven@gmail.com, approved ,1,, 2026-08-11 20:31:57 ,True,, 807159669639907523 ,1.25,279783412, sync_rates_and_availability , onlyHostaway , 279783412 ,,,,9.7,,,,1.03,,,,9668861,,,,,,,,,,,,,,,,, 2024-02-29 04:05:58 ,True,966886102, 2023-01-18 18:08:04 ,,,,, https://www.expedia.com/Sevierville-Hotels-3-Pines-Lodges-Luxury.h91554126.Hotel-Information ,,False,,False,,,,,, https://www.google.com/travel/hotels/entity/CgoQyabkvNHz8cA2EAI=/overview?g2lb=43807868 ,True,,,1, 2023-02-22 15:11:26 , https://www.vrbo.com/3268539?unitId=3841634 ,1.06,,,,False,91554126, 2023-01-18 18:05:22 ,True,False,True,True,1,,,,False,False,True,False,,, 2026-08-13 14:49:10 ,99662,,,,, approved ,40191691,1.2, active ,,,,1.05,,False,,,,97,,,,,,,False,, 2023-01-18 18:05:22 ,18629, exported ,,False,,True,True, 3268539 , https://www.vrbo.com/3268539?dateless=true ,
18629,141926, Sarka Cernosek 326-101 (BC) ,,,,False,,1,,,,,,,, 2023-01-19 17:48:17 ,False,,,1.25,,, onlyHostaway ,,,,,9.8,,,,1.03,,,,,,,,,,,,,,,,,,,,, 2023-06-18 23:51:28 ,False,, 2023-01-19 17:48:10 ,,,,, https://www.expedia.com/Townsend-Hotels-The-Shooting-Star-Townsend-Condo.h91385922.Hotel-Information ,,False,,False,,,,,, https://www.google.com/travel/hotels/entity/CgsQ_s-Ul6yInIHEARAC/overview?g2lb=43807868 ,False,,,1, 2023-02-17 20:19:40 , https://www.vrbo.com/3260402?unitId=3833497 ,1.06,,,,False,91385922, 2023-01-19 17:45:33 ,True,False,True,True,1,,,,False,False,True,False,,, 2026-01-22 16:38:22 ,99874,,,,, approved ,40190925,1.2, inactive ,,,,1.05,,False,,,,98, archived ,,,,,,False,, 2023-01-19 17:45:33 ,18629, not_exported ,,False,,False,True, 3260402 , https://www.vrbo.com/3260402?dateless=true ,
18629,142112, Ashley May 1619 (SCounty) ,,,,False,,1,,,,david832haven@gmail.com, approved ,1,, 2026-08-11 20:32:18 ,True,, 808637287041917616 ,1.25,279783412, sync_rates_and_availability , onlyHostaway , 279783412 ,,,,9.5,,,,1.03,,,,9576476,,,,,,,,,,,,,,,,,,True,957647602, 2023-01-20 21:03:57 ,,,,, https://www.expedia.com/Sevierville-Hotels-Home-Sweet-Hideaway-Retreat-Near-Pigeon-Forge.h91091322.Hotel-Information ,,False,,False,,,,,, https://www.google.com/travel/hotels/entity/CgoQ37Om4_OFn-oLEAI=/overview?g2lb=43807868 ,True,,,1, 2023-02-01 15:17:49 , https://www.vrbo.com/3234991?unitId=3808086 ,1.06,,,,False,91091322, 2023-01-20 21:01:34 ,True,False,True,True,1,,,,False,False,True,False,,, 2026-08-11 20:23:37 ,100060,,,,, approved ,40209942,1.2, active ,,,,1.05,,False,,,,99,,,,,,,False,, 2023-01-20 21:01:34 ,18629, exported ,,False,,True,True, 3234991 , https://www.vrbo.com/3234991?dateless=true ,
18629,142770, Hali Hoag 435 (KCity) ,,,,False,,1,,,,, approved ,1,, 2026-08-11 20:28:41 ,True,, 812357148328407464 ,1.155,100290800, sync_rates_and_availability , onlyHostaway , 100290800 ,,,,9.7,,,,1.03,,,,9623038,,,,,,,,,,,,,,,,,,True,962303802, 2023-01-25 20:27:37 ,,,,, https://www.expedia.com/Knoxville-Hotels-Blue-Valley-Inn-Hot-Tub-Spacious-Play-Area.h91298405.Hotel-Information ,,False,,False,,,,,, https://www.google.com/travel/hotels/entity/CgsQzOKXnqDfjqqPARAC/overview?g2lb=43807868 ,True,,,1, 2023-02-13 20:25:58 , https://www.vrbo.com/3253856?unitId=3826951 ,1.06,,,,False,91298405, 2023-01-25 20:24:44 ,True,False,True,True,1,,,,False,False,True,False,,, 2026-08-11 20:23:49 ,100712,,,,, approved ,40214276,1.2, active ,,,,1.05,,False,,,,100,,,,,,,False,, 2023-01-25 20:24:44 ,18629, exported ,,False,,True,True, 3253856 , https://www.vrbo.com/3253856?dateless=true ,
18629,143901, Susan Seaman 2943 (KCounty) ,,,,False,,1,,,,,,,, 2023-02-01 20:38:24 ,False,,,1.25,,, onlyHostaway ,,,,,9.7,,,,1.03,,,,,,,,,,,,,,,,,,,,,,False,, 2023-02-01 20:38:16 ,,,,, https://www.expedia.com/Knoxville-Hotels-Lakeside-Retreat-Private-Lake-Access.h91676809.Hotel-Information ,,False,,False,,,,,, https://www.google.com/travel/hotels/entity/CgsQoOqa_uTKy_mWARAC/overview?g2lb=43807868 ,False,,,1, 2023-03-01 11:11:42 , https://www.vrbo.com/3278314?unitId=3851410 ,1.06,,,,False,91676809, 2023-02-01 20:35:54 ,True,False,True,False,1,,,,False,False,True,False,,, 2026-01-22 16:39:11 ,101836,,,,, approved ,40222298,1.2, inactive ,,,,1.05,,False,,,,101, archived ,,,,,,False,, 2023-02-01 20:35:54 ,18629, not_exported ,,False,,False,True, 3278314 , https://www.vrbo.com/3278314?dateless=true ,
18629,146019, John Bryan 4144 (SCounty) ,,,,False,,1,,,,david832haven@gmail.com, approved ,1,, 2026-08-11 20:05:14 ,True,, 825945963142008441 ,1.3,279783412, sync_rates_and_availability , onlyHostaway , 279783412 ,,,,9.7,,,,1.03,,,,9894440,,,,,,,,,,,,,,,,,,True,989444002, 2023-02-13 14:28:56 ,,,,, https://www.expedia.com/Sevierville-Hotels-Grands-Mountain-House-New-Build-W-Private-Pool.h92744957.Hotel-Information ,,False,,False,,,,,, https://www.google.com/travel/hotels/entity/CgoQobaNrKb95tR9EAI=/overview?g2lb=43807868 ,True,,,1, 2023-04-10 11:48:13 , https://www.vrbo.com/3345421?unitId=3918546 ,1.2,,,,False,92744957, 2023-02-13 14:26:01 ,True,False,True,True,1,,,,False,False,True,False,,, 2026-08-11 19:58:42 ,103944,,,,, approved ,40203471,1.2, active ,,,,1.05,,False,,,,102,,,,,,,False,, 2023-02-13 14:26:01 ,18629, exported ,,False,,True,True, 3345421 , https://www.vrbo.com/3345421?dateless=true ,
18629,146058, Lindsey Hatcher 129 (KCity) ,,,,False,,1,,,,david832haven@gmail.com, approved ,1,, 2026-08-11 20:14:50 ,True,, 902083538627159806 ,1.155,279783412, sync_rates_and_availability , onlyHostaway , 279783412 ,,,,9.8,,,,1.03,,,,9803503,,,,,,,,,,,,,,,,, 2023-09-14 07:11:07 ,True,980350302, 2023-02-13 19:23:08 ,,,,, https://www.expedia.com/Knoxville-Hotels-Jackson-Jewel-Downtown-Suite.h92309965.Hotel-Information ,,False,,False,,,,,, https://www.google.com/travel/hotels/entity/CgsQ-_Xm1u7IxfX8ARAC/overview?g2lb=43807868 ,True,,,1, 2023-03-24 16:29:25 , https://www.vrbo.com/3320748?unitId=3893873 ,1.06,,,,False,92309965, 2023-02-13 19:20:47 ,True,False,True,True,1,,,,False,False,True,False,,, 2026-08-11 19:58:55 ,103983,,,,, approved ,40199927,1.2, active ,,,,1.05,,False,,,,103,,,,,,,False,, 2023-02-13 19:20:47 ,18629, exported ,,False,,True,True, 3320748 , https://www.vrbo.com/3320748?dateless=true ,
18629,146538, Bruce Bicknell 409 (SCounty) ,,,,False,,1,,,,,,,, 2023-04-27 17:40:48 ,False,,,1.25,,, onlyHostaway ,,,,,9.3,,,,1.03,,,,,,,,,,,,,,,,,,,,,,False,, 2023-02-15 20:09:30 ,,,,,,,False,,False,,,,,, https://www.google.com/travel/hotels/entity/CgoQ2JGo8emTxqQNEAI=/overview?g2lb=43807868 ,False,,,1, 2023-03-13 19:36:59 , https://www.vrbo.com/3298963?unitId=3872062 ,1.06,,,,False,91947560, 2023-02-15 20:06:14 ,True,False,True,True,1,,,,False,False,True,False,,, 2026-01-22 16:40:02 ,104462,,,,, approved ,40195641,1.2, inactive ,,,,1.05,,False,,,,104, archived ,,,,,,False,, 2023-02-15 20:06:14 ,18629, not_exported ,,False,,False,True, 3298963 , https://www.vrbo.com/3298963?dateless=true ,
18629,146815, Jay Hwang 3708 (SCounty) ,,,,False,,1,,,,david832haven@gmail.com, approved ,1,, 2026-08-11 20:07:15 ,True,, 1091259539950120730 ,1.3,279783412, sync_rates_and_availability , onlyHostaway , 279783412 ,,,,8.8,,,,1.03,,,,9754463,,,,,,,,,,,,,,,,,,True,975446302, 2023-02-17 16:08:56 ,,,,, https://www.expedia.com/Sevierville-Hotels-Serenity-At-Hillside-Haven-MTN-View-Indoor-Pool.h91947565.Hotel-Information ,,False,,False,,,,,, https://www.google.com/travel/hotels/entity/CgoQ4YPz8uj1v8lGEAI=/overview?g2lb=43807868 ,True,,,1, 2023-03-13 19:36:22 , https://www.vrbo.com/3298964?unitId=3872063 ,1.2,,,,False,91947565, 2023-02-17 16:04:20 ,True,False,True,True,1,,,,False,False,True,False,,, 2026-08-17 02:16:07 ,104734,,,,, rejected ,40549350,1.2, new ,,,,1.05,,False,,,,105,,,,,,,False,, 2023-02-17 16:04:20 ,18629, exported ,,False,,True,True, 3298964 , https://www.vrbo.com/3298964?dateless=true ,
18629,147152, Kathleen Atkins 123 (SCounty) ,,,,False,,1,,,,david832haven@gmail.com, approved ,1,, 2026-08-11 20:13:27 ,True,, 831080266731261958 ,1.25,279783412, sync_rates_and_availability , onlyHostaway , 279783412 ,,,,9.8,,,,1.03,,,,9725064,,,,,,,,,,,,,,,,,,True,972506402, 2023-02-20 16:43:20 ,,,,, https://www.expedia.com/Seymour-Hotels-Smokys-Landing-Disc-Golf.h91838288.Hotel-Information ,,False,,False,,,,,, https://www.google.com/travel/hotels/entity/CgoQk_uW2LTl06ohEAI=/overview?g2lb=43807868 ,True,,,1, 2023-03-08 17:24:00 , https://www.vrbo.com/3291741?unitId=3864837 ,1.06,,,,False,91838288, 2023-02-20 16:40:44 ,True,False,True,True,1,,,,False,False,True,False,,, 2026-08-11 19:59:18 ,105071,,,,, approved ,40194233,1.2, active ,,,,1.05,,False,,,,106,,,,,,,False,, 2023-02-20 16:40:44 ,18629, exported ,,False,,True,True, 3291741 , https://www.vrbo.com/3291741?dateless=true ,
18629,147906, Jason Barnes 212 (BC) ,,,,False,,1,,,,,,,, 2026-01-27 14:26:52 ,False,,,1.25,,, onlyHostaway ,,,,,9.5,,,,1.03,,,,,,,,,,,,,,,,,,,,, 2023-07-07 00:50:53 ,False,, 2023-02-23 17:53:06 ,,,,, https://www.expedia.com/Townsend-Hotels-Genesis-MTN-View.h93153342.Hotel-Information ,,False,,False,,,,,, https://www.google.com/travel/hotels/entity/CgoQ5f2Tp-_35J0tEAI=/overview?g2lb=43807868 ,False,,,1, 2023-04-25 16:28:07 , https://www.vrbo.com/3372560?unitId=3945685 ,1.06,,,,False,93153342, 2023-02-23 17:50:38 ,True,False,True,False,1,,,,False,False,True,False,,, 2026-01-27 14:21:49 ,105825,,,,, approved ,40238514,1.2, inactive ,,,,1.05,,False,,,,107, archived ,,,,,,False,, 2023-02-23 17:50:38 ,18629, not_exported ,,False,,False,True, 3372560 , https://www.vrbo.com/3372560?dateless=true ,
18629,147920, Jason Barnes 216 (BC) ,,,,False,,1,,,,,,,, 2026-01-27 14:25:39 ,False,,,1.25,,, onlyHostaway ,,,,,9.6,,,,1.03,,,,,,,,,,,,,,,,,,,,, 2024-02-06 04:45:58 ,False,, 2023-02-23 18:17:36 ,,,,, https://www.expedia.com/Townsend-Hotels-Refuge-Riverfront.h93153344.Hotel-Information ,,False,,False,,,,,, https://www.google.com/travel/hotels/entity/CgoQrZjprK2HwuANEAI=/overview?g2lb=43807868 ,False,,,1, 2023-04-25 16:28:15 , https://www.vrbo.com/3372561?unitId=3945686 ,1.06,,,,False,93153344, 2023-02-23 18:15:14 ,True,False,True,True,1,,,,False,False,True,False,,, 2026-01-27 14:22:04 ,105839,,,,, rejected ,40207269,1.2, new ,,,,1.05,,False,,,,108, archived ,,,,,,False,, 2023-02-23 18:15:14 ,18629, not_exported ,,False,,False,True, 3372561 , https://www.vrbo.com/3372561?dateless=true ,
18629,149252, Lily Phillips 970 (SCounty) ,,,,False,,1,,,,,,,, 2026-01-27 14:27:47 ,False,,,1.25,,, onlyHostaway ,,,,,9.3,,,,1.03,,,,,,,,,,,,,,,,,,,,, 2023-08-15 17:11:52 ,False,, 2023-03-02 15:27:06 ,,,,,,,False,,False,,,,,, https://www.google.com/travel/hotels/entity/CgoQnZezpLTi5INxEAI=/overview?g2lb=43807868 ,False,,,1, 2023-05-08 15:31:00 , https://www.vrbo.com/3395730?unitId=3968858 ,1.06,,,,False,93511128, 2023-03-02 15:24:51 ,True,False,True,False,1,,,,False,False,True,False,,, 2026-01-27 14:22:20 ,107156,,,,, approved ,40210015,1.2, inactive ,,,,1.05,,False,,,,109, archived ,,,,,,False,, 2023-03-02 15:24:51 ,18629, not_exported ,,False,,False,True, 3395730 , https://www.vrbo.com/3395730?dateless=true ,
18629,151631, Leigh Burch 116-105 (KCity) ,,,,False,,1,,,,, approved ,1,, 2026-08-11 20:09:11 ,True,, 918790291148170789 ,1.155,100290800, sync_rates_and_availability , onlyHostaway , 100290800 ,,,,9.8,,,,1.03,,,,9967040,,,,,,,,,,,,,,,,,,True,996704002, 2023-03-15 17:50:41 ,,,,, https://www.expedia.com/Knoxville-Hotels-Historic-Downtown-Loft-With-Modern-Flare.h93123704.Hotel-Information ,,False,,False,,,,,, https://www.google.com/travel/hotels/entity/CgsQoZPlqpu4vauRARAC/overview?g2lb=43807868 ,True,,,1, 2023-04-24 17:01:17 , https://www.vrbo.com/3370367?unitId=3943492 ,1.06,,,,False,93123704, 2023-03-15 17:39:56 ,True,False,True,True,1,,,,False,False,True,False,,, 2026-08-11 19:59:36 ,109399,,,,, approved ,40237982,1.2, active ,,,,1.05,,False,,,,110,,,,,,,False,, 2023-03-15 17:39:56 ,18629, exported ,,False,,True,True, 3370367 , https://www.vrbo.com/3370367?dateless=true ,
18629,151677, Heidi Hutchinson 124-1104 (PF) ,,,,False,,1,,,,,,,, 2026-03-13 08:05:00 ,False,,,1.25,,, onlyHostaway ,,,,,9.4,,,,1.03,,,,,,,,,,,,,,,,,,,,,,False,, 2023-03-15 19:27:04 ,,,,, https://www.expedia.com/Pigeon-Forge-Hotels-Mountain-Retreat-Condo-View-Community-Amenities.h93322474.Hotel-Information ,,False,,False,,,,,, https://www.google.com/travel/hotels/entity/CgoQidTJje383pEFEAI=/overview?g2lb=43807868 ,False,,,1, 2023-05-01 16:59:55 , https://www.vrbo.com/3383423?unitId=3956551 ,1.06,,,,False,93322474, 2023-03-15 19:24:46 ,True,False,True,False,1,,,,False,False,True,False,,, 2026-03-30 14:30:23 ,109442,,,,, approved ,40239654,1.2, inactive ,,,,1.05,,False,,,,111, archived ,,,,,,False,, 2023-03-15 19:24:46 ,18629, not_exported ,,False,,False,True, 3383423 , https://www.vrbo.com/3383423?dateless=true ,
18629,153098, Craig Sims 196 (BC) ,,,,False,,1,,,,david832haven@gmail.com, approved ,1,, 2026-08-11 20:11:30 ,True,, 852844338903011004 ,1.25,279783412, sync_rates_and_availability , onlyHostaway , 279783412 ,,,,9.9,,,,1.03,,,,10172140,,,,,,,,,,,,,,,,,,True,1017214002, 2023-03-22 17:07:20 ,,,,, https://www.expedia.com/Townsend-Hotels-The-Peaceful-Perch-Fireplace-Community-Amenities.h94990668.Hotel-Information ,,False,,False,,,,,, https://www.google.com/travel/hotels/entity/CgoQ2973marZt9sKEAI=/overview?g2lb=43807868 ,True,,,1, 2023-06-01 12:06:39 , https://www.vrbo.com/3436663?unitId=4009794 ,1.06,,,,False,94990668, 2023-03-22 17:04:39 ,True,False,True,True,1,,,,False,False,True,False,,, 2026-08-11 19:59:48 ,110852,,,,, approved ,40219581,1.2, active ,,,,1.05,,False,,,,112,,,,,,,False,, 2023-03-22 17:04:39 ,18629, exported ,,False,,True,True, 3436663 , https://www.vrbo.com/3436663?dateless=true ,
18629,153105, David Karns 3941 (SCounty) ,,,,False,,1,,,,,,,, 2026-01-27 14:30:22 ,False,,,1.25,,, onlyHostaway ,,,,,9.9,,,,1.03,,,,,,,,,,,,,,,,,,,,,,False,, 2023-03-22 17:44:35 ,,,,, https://www.expedia.com/Sevierville-Hotels-Coyote-Crossing-Hot-Tub-Arcade-Games.h93446515.Hotel-Information ,,False,,False,,,,,, https://www.google.com/travel/hotels/entity/CgoQorSP-9rf2r0cEAI=/overview?g2lb=43807868 ,False,,,1, 2023-05-04 14:20:28 , https://www.vrbo.com/3390029?unitId=3963157 ,1.06,,,,False,93446515, 2023-03-22 17:41:58 ,True,False,True,True,1,,,,False,False,True,False,,, 2026-01-27 14:23:39 ,110859,,,,, approved ,40240306,1.2, inactive ,,,,1.05,,False,,,,113, archived ,,,,,,False,, 2023-03-22 17:41:58 ,18629, not_exported ,,False,,False,True, 3390029 , https://www.vrbo.com/3390029?dateless=true ,
18629,155448, Josh Walker 429 (SCounty) ,,,,False,,1,,,,,,,, 2026-01-27 14:30:13 ,False,,,1.25,,, onlyHostaway ,,,,,9.3,,,,1.03,,,,,,,,,,,,,,,,,,,,,,False,, 2023-03-29 17:43:51 ,,,,, https://www.expedia.com/Gatlinburg-Hotels-Serene-Escape-View.h93446518.Hotel-Information ,,False,,False,,,,,, https://www.google.com/travel/hotels/entity/CgsQlPKo0abHvpSKARAC/overview?g2lb=43807868 ,False,,,1, 2023-05-04 14:51:12 , https://www.vrbo.com/en-gb/p3390030vb?uni_id=3963158 ,1.06,,,,False,93446518, 2023-03-29 17:41:19 ,True,False,True,True,1,,,,False,False,True,False,,, 2026-01-27 14:23:58 ,113093,,,,, approved ,40240310,1.2, inactive ,,,,1.05,,False,,,,114, archived ,,,,,,False,, 2023-03-29 17:41:19 ,18629, not_exported ,,False,,False,False, 3390030 , https://www.vrbo.com/3390030?dateless=true ,
18629,162886, Mehrnaz Mortazavi 1909 (SCounty) ,,,,False,,1,,,,david832haven@gmail.com, approved ,1,, 2026-08-11 20:13:00 ,True,, 879527491565453660 ,1.25,279783412, sync_rates_and_availability , onlyHostaway , 279783412 ,,,,9.4,,,,1.03,,,,10051662,,,,,,,,,,,,,,,,,,True,1005166202, 2023-04-28 12:45:19 ,,,,, https://www.expedia.com/Sevierville-Hotels-Sweet-Honey-Lodge-Newly-Built-Luxury-Escape.h93703735.Hotel-Information ,,False,,False,,,,,, https://www.google.com/travel/hotels/entity/CgoQ7LjFgLbLhMFPEAI=/overview?g2lb=43807868 ,True,,,1, 2023-05-11 19:10:03 , https://www.vrbo.com/3402341?unitId=3975469 ,1.06,,,,False,93703735, 2023-04-28 12:44:43 ,True,False,True,True,1,,,,False,False,True,False,,, 2026-08-11 20:00:00 ,120462,,,,, approved ,40242052,1.2, active ,,,,1.05,,False,,,,115,,,,,,,False,, 2023-04-28 12:44:43 ,18629, exported ,,False,,True,True, 3402341 , https://www.vrbo.com/3402341?dateless=true ,
18629,164434, Mike Griffith 1036 (SCounty) ,,,,False,,1,,,,david832haven@gmail.com, approved ,1,, 2026-08-11 20:15:50 ,True,, 884631884483500663 ,1.25,279783412, sync_rates_and_availability , onlyHostaway , 279783412 ,,,,9.8,,,,1.03,,,,14536300,,,,,,,,,,,,,,,1,,,True,1453630002, 2023-05-05 13:42:04 ,,,,, https://www.expedia.com/Sevierville-Hotels-Timber-Woods-Lodge-View.h94859077.Hotel-Information ,,False,,False,,,,,, https://www.google.com/travel/hotels/entity/CgoQkcLIn5DMo9IOEAI=/overview?g2lb=43807868 ,True,,,1, 2023-05-26 15:39:20 , https://www.vrbo.com/3428578?unitId=4001706 ,1.06,,,,False,94859077, 2023-05-05 13:41:27 ,True,False,True,True,1,,,,False,False,True,False,,, 2026-08-11 20:00:12 ,121997,,,,, approved ,40217781,1.2, active ,,,,1.05,,False,,,,116,,,,,,,False,, 2023-05-05 13:41:27 ,18629, exported ,,False,,True,True, 3428578 , https://www.vrbo.com/3428578?dateless=true ,
18629,164443, Sherry White 2048 (JC) ,,,,False,,1,,,,,,,, 2026-01-27 14:30:32 ,False,,,1.25,,, onlyHostaway ,,,,,9.5,,,,1.03,,,,,,,,,,,,,,,,,,,,,,False,, 2023-05-05 14:03:19 ,,,,, https://www.expedia.com/Sevierville-Hotels-Mountain-Memories-Hot-Tub-Life-Size-Games.h94665248.Hotel-Information ,,False,,False,,,,,, https://www.google.com/travel/hotels/entity/CgsQ5Jvk483sp-j1ARAC/overview?g2lb=43807868 ,False,,,1, 2023-05-18 14:24:26 , https://www.vrbo.com/3413689?unitId=3986817 ,1.06,,,,False,94665248, 2023-05-05 14:02:35 ,True,False,True,False,1,,,,False,False,True,False,,, 2026-01-27 14:24:55 ,122006,,,,, approved ,40212547,1.2, inactive ,,,,1.05,,False,,,,117, archived ,,,,,,False,, 2023-05-05 14:02:35 ,18629, not_exported ,,False,,False,True, 3413689 , https://www.vrbo.com/3413689?dateless=true ,
18629,165386, KC Sunder 2508 (SCounty) ,,,,False,,1,,,,,,,, 2026-01-27 14:32:04 ,False,,,1.25,,, onlyHostaway ,,,,,9.6,,,,1.03,,,,,,,,,,,,,,,,,,,,,,False,, 2023-05-09 17:20:03 ,,,,,,,False,,False,,,,,, https://www.google.com/travel/hotels/entity/CgoQ3NPL7Nadp8UyEAI=/overview?g2lb=43807868 ,False,,,1, 2023-07-06 16:34:33 , https://www.vrbo.com/3497083?unitId=4070229 ,1.06,,,,False,95915664, 2023-05-09 17:19:20 ,True,False,True,False,1,,,,False,False,True,False,,, 2026-01-27 14:25:11 ,122947,,,,, approved ,40281378,1.2, inactive ,,,,1.05,,False,,,,119, archived ,,,,,,False,, 2023-05-09 17:19:20 ,18629, not_exported ,,False,,False,True, 3497083 , https://www.vrbo.com/3497083?dateless=true ,
18629,166224, Corby Leach 1547 (SCounty) ,,,,False,,1,,,,david832haven@gmail.com, approved ,1,, 2026-08-11 20:05:58 ,True,, 889719978078676353 ,1.25,279783412, sync_rates_and_availability , onlyHostaway , 279783412 ,,,,9.8,,,,1.03,,,,10172147,,,,,,,,,,,,,,,,,,True,1017214702, 2023-05-12 14:19:04 ,,,,, https://www.expedia.com/Sevierville-Hotels-Above-It-All-MTN-View.h94990678.Hotel-Information ,,False,,False,,,,,, https://www.google.com/travel/hotels/entity/CgsQg6rGyM7ggbGUARAC/overview?g2lb=43807868 ,True,,,1, 2023-06-01 12:07:01 , https://www.vrbo.com/3436665?unitId=4009796 ,1.06,,,,False,94990678, 2023-05-12 14:18:22 ,True,False,True,True,1,,,,False,False,True,False,,, 2026-08-11 20:00:33 ,123784,,,,, approved ,40219583,1.2, active ,,,,1.05,,False,,,,118,,,,,,,False,, 2023-05-12 14:18:22 ,18629, exported ,,False,,True,True, 3436665 , https://www.vrbo.com/3436665?dateless=true ,
18629,168111, Sunil Jaiswal 811 (GAT) ,,,,False,,1,,,,,,,, 2026-01-27 14:34:45 ,False,,,1.25,,, onlyHostaway ,,,,,9.9,,,,1.03,,,,,,,,,,,,,,,,,,,,,,False,, 2023-05-19 18:07:51 ,,,,,,,False,,False,,,,,, https://www.google.com/travel/hotels/entity/CgsQ0q-JnaHs8frYARAC/overview?g2lb=43807868 ,False,,,1, 2023-06-23 19:13:24 , https://www.vrbo.com/3476312?unitId=4049443 ,1.06,,,,False,95624272, 2023-05-19 18:07:12 ,True,False,True,True,1,,,,False,False,True,False,,, 2026-01-27 14:25:41 ,125662,,,,,,,1.2, exportFail ,,,,1.05,,False,,,,120, archived ,,,,,,False,, 2023-05-19 18:07:12 ,18629, not_exported ,,False,,False,True, 3476312 , https://www.vrbo.com/3476312?dateless=true ,
18629,169738, Earl Hodges 513-1 (GAT) ,,,,False,,1,,,,david832haven@gmail.com, approved ,1,, 2026-08-11 20:05:43 ,True,, 917387756707213582 ,1.25,279783412, sync_rates_and_availability , onlyHostaway , 279783412 ,,,,9.5,,,,1.03,,,,10472147,,,,,,,,,,,,,,,,, 2023-10-29 02:02:27 ,True,1047214702, 2023-05-26 15:44:39 ,,,,, https://www.expedia.com/Gatlinburg-Hotels-Snowbird-Sanctuary-Center-Of-Gatlinburg.h96147914.Hotel-Information ,,False,,False,,,,,, https://www.google.com/travel/hotels/entity/CgsQi5j48eSp4p2KARAC/overview?g2lb=43807868 ,True,,,1, 2023-07-17 16:59:10 , https://www.vrbo.com/3514394?unitId=4087540 ,1.06,,,,False,96147914, 2023-05-26 15:43:58 ,True,False,True,True,1,,,,False,False,True,False,,, 2026-08-11 20:00:45 ,127289,,,,, approved ,40241631,1.2, active ,,,,1.05,,False,,,,152,,,,,,,False,, 2023-05-26 15:43:58 ,18629, exported ,,False,,True,True, 3514394 , https://www.vrbo.com/3514394?dateless=true ,
18629,170187, Earl Hodges 513-3 (GAT) ,,,,False,,1,,,,david832haven@gmail.com, approved ,1,, 2026-08-11 20:06:24 ,True,, 990487262595886883 ,1.25,279783412, sync_rates_and_availability , onlyHostaway , 279783412 ,,,,9.4,,,,1.03,,,,10282730,,,,,,,,,,,,,,,,,,True,1028273002, 2023-05-29 17:51:38 ,,,,, https://www.expedia.com/Gatlinburg-Hotels-Skyline-Sanctuary-Wrap-Around-Deck.h95387703.Hotel-Information ,,False,,False,,,,,, https://www.google.com/travel/hotels/entity/CgsQxszYydKfyNrTARAC/overview?g2lb=43807868 ,True,,,1, 2023-06-16 15:52:00 , https://www.vrbo.com/3465460?unitId=4038591 ,1.06,,,,False,95387703, 2023-05-29 17:51:00 ,True,False,True,True,1,,,,False,False,True,False,,, 2026-08-11 20:00:57 ,127738,,,,, approved ,40269574,1.2, active ,,,,1.05,,False,,,,121,,,,,,,False,, 2023-05-29 17:51:00 ,18629, exported ,,False,,True,True, 3465460 , https://www.vrbo.com/3465460?dateless=true ,
18629,170188, Earl Hodges 513-4 (GAT) ,,,,False,,1,,,,david832haven@gmail.com, approved ,1,, 2026-06-10 20:00:02 ,True,, 950580102373491508 ,1.25,279783412, sync_rates_and_availability , onlyHostaway , 279783412 ,,,,9.4,,,,1.03,,,,10261626,,,,,,,,,,,,,,,,, 2023-09-23 14:41:26 ,True,1026162602, 2023-05-29 17:56:14 ,,,,, https://www.expedia.com/Gatlinburg-Hotels-Convenient-Gatlinburg-Condo.h95346247.Hotel-Information ,,False,,False,,,,,, https://www.google.com/travel/hotels/entity/CgsQp5yLnPLyq4bbARAC/overview?g2lb=43807868 ,True,,,1, 2023-06-15 13:10:01 , https://www.vrbo.com/3461911?unitId=4035042 ,1.06,,,,False,95346247, 2023-05-29 17:55:31 ,True,False,True,True,1,,,,False,False,True,False,,, 2026-08-11 20:01:09 ,127739,,,,, rejected ,40269308,1.2, new ,,,,1.05,,False,,,,122,,,,,,,False,, 2023-05-29 17:55:31 ,18629, exported ,,False,,True,True, 3461911 , https://www.vrbo.com/3461911?dateless=true ,
18629,173889, Dylan Robinson 3742 (PF) ,,,,False,,1,,,,david832haven@gmail.com, approved ,1,, 2026-08-11 19:57:30 ,True,, 913601694151724001 ,1.25,279783412, sync_rates_and_availability , onlyHostaway , 279783412 ,,,,9.8,,,,1.03,,,,10571832,,,,,,,,,,,,,,,,,,True,1057183202, 2023-06-14 13:54:11 ,,,,, https://www.expedia.com/Pigeon-Forge-Hotels-Wildwood-Retreat-Indoor-Pool.h96486817.Hotel-Information ,,False,,False,,,,,, https://www.google.com/travel/hotels/entity/CgoQm6Gt_c-8-M5REAI=/overview?g2lb=43807868 ,True,,,1, 2023-08-03 13:18:23 , https://www.vrbo.com/3540573?unitId=4113719 ,1.06,,,,False,96486817, 2023-06-14 13:53:15 ,True,False,True,True,1,,,,False,False,True,False,,, 2026-08-11 19:49:53 ,131427,,,,, approved ,40251177,1.2, active ,,,,1.05,,False,,,,123,,,,,,,False,, 2023-06-14 13:53:15 ,18629, exported ,,False,,True,True, 3540573 , https://www.vrbo.com/3540573?dateless=true ,
18629,173935, Dylan Robinson 3746 (PF) ,,,,False,,1,,,,david832haven@gmail.com, approved ,1,, 2026-08-11 19:56:02 ,True,, 950716255839651427 ,1.25,279783412, sync_rates_and_availability , onlyHostaway , 279783412 ,,,,9.7,,,,1.03,,,,10571827,,,,,,,,,,,,,,,,, 2023-09-30 15:01:15 ,True,1057182702, 2023-06-14 14:53:40 ,,,,, https://www.expedia.com/Pigeon-Forge-Hotels-Timber-Pine-Lodge-Indoor-Pool-Hot-Tub.h96486821.Hotel-Information ,,False,,False,,,,,, https://www.google.com/travel/hotels/entity/CgsQ4_y3jZjC5PjjARAC/overview?g2lb=43807868 ,True,,,1, 2023-08-03 13:18:27 , https://www.vrbo.com/3540574?unitId=4113720 ,1.06,,,,False,96486821, 2023-06-14 14:52:58 ,True,False,True,True,1,,,,False,False,True,False,,, 2026-08-14 13:33:04 ,131473,,,,, approved ,40251175,1.2, active ,,,,1.05,,False,,,,124,,,,,,,False,, 2023-06-14 14:52:58 ,18629, exported ,,False,,True,True, 3540574 , https://www.vrbo.com/3540574?dateless=true ,
18629,173994, Florin Pavel 650 (SCounty) ,,,,False,,1,,,,david832haven@gmail.com, approved ,1,, 2026-08-11 20:07:40 ,True,, 913693284379928268 ,1.25,279783412, sync_rates_and_availability , onlyHostaway , 279783412 ,,,,9.7,,,,1.03,,,,10312807,,,,,,,,,,,,,,,,,,True,1031280702, 2023-06-14 16:40:34 ,,,,, https://www.expedia.com/Gatlinburg-Hotels-Mountain-Nature-Retreat-Hot-Tub.h95624275.Hotel-Information ,,False,,False,,,,,, https://www.google.com/travel/hotels/entity/CgoQkd6Ozsq5zqEtEAI=/overview?g2lb=43807868 ,True,,,1, 2023-06-23 18:52:04 , https://www.vrbo.com/3476313?unitId=4049444 ,1.06,,,,False,95624275, 2023-06-14 16:39:40 ,True,False,True,True,1,,,,False,False,True,False,,, 2026-08-11 20:01:31 ,131532,,,,,,,1.2, exportFail ,,,,1.05,,False,,,,125,,,,,,,False,, 2023-06-14 16:39:40 ,18629, exported ,,False,,True,True, 3476313 , https://www.vrbo.com/3476313?dateless=true ,
18629,174320, Ed Zorn 212-163 (SCounty) ,,,,False,,1,,,,,,,, 2026-01-27 14:43:32 ,False,,,1.25,,, onlyHostaway ,,,,,9.8,,,,1.03,,,,,,,,,,,,,,,,,,,,,,False,, 2023-06-15 15:43:21 ,,,,,,,False,,False,,,,,, https://www.google.com/travel/hotels/entity/CgsQ7Oitsaac5aHsARAC/overview?g2lb=43807868 ,False,,,1, 2023-06-29 16:35:23 , https://www.vrbo.com/3487903?unitId=4061049 ,1.06,,,,False,95798801, 2023-06-15 15:42:31 ,True,False,True,False,1,,,,False,False,True,False,,, 2026-01-27 14:38:21 ,131858,,,,, approved ,40279984,1.2, inactive ,,,,1.05,,False,,,,126, archived ,,,,,,False,, 2023-06-15 15:42:31 ,18629, not_exported ,,False,,False,True, 3487903 , https://www.vrbo.com/3487903?dateless=true ,
18629,174411, Ed Zorn 212-247 (SCounty) ,,,,False,,1,,,,,,,, 2026-01-27 14:43:43 ,False,,,1.25,,, onlyHostaway ,,,,,9.6,,,,1.03,,,,,,,,,,,,,,,,,,,,,,False,, 2023-06-15 18:40:47 ,,,,,,,False,,False,,,,,, https://www.google.com/travel/hotels/entity/CgsQ3Z_l-JDG-IbVARAC/overview?g2lb=43807868 ,False,,,1, 2023-06-27 19:53:29 , https://www.vrbo.com/3482051?unitId=4055182 ,1.06,,,,False,95722628, 2023-06-15 18:40:06 ,True,False,True,False,1,,,,False,False,True,False,,, 2026-03-23 18:34:26 ,131949,,,,, approved ,40234895,1.2, inactive ,,,,1.05,,False,,,,129, archived ,,,,,,False,, 2023-06-15 18:40:06 ,18629, not_exported ,,False,,False,True, 3482051 , https://www.vrbo.com/3482051?dateless=true ,
18629,175713, Chris Shotwell 326-106 (BC) ,,,,False,,1,,,,david832haven@gmail.com, approved ,1,, 2026-08-11 20:08:35 ,True,, 933328705544197131 ,1.25,279783412, sync_rates_and_availability , onlyHostaway , 279783412 ,,,,9.9,,,,1.03,,,,10490533,,,,,,,,,,,,,,,,,,True,1049053302, 2023-06-20 14:34:19 ,,,,, https://www.expedia.com/Townsend-Hotels-Elegant-End-Condo-Fireplace-Community-Amenities.h96218111.Hotel-Information ,,False,,False,,,,,, https://www.google.com/travel/hotels/entity/CgoQ7s2VpJmD1MsgEAI=/overview?g2lb=43807868 ,True,,,1, 2023-07-20 17:13:54 , https://www.vrbo.com/3519778?unitId=4092924 ,1,,,,False,96218111, 2023-06-20 14:33:26 ,True,False,True,True,1,,,,False,False,True,False,,, 2026-09-04 20:31:20 ,133244,,,,, approved ,40288672,1.2, active ,,,,1.05,,False,,,,135,,,,,,,False,, 2023-06-20 14:33:26 ,18629, exported ,,False,,False,True, 3519778 , https://www.vrbo.com/3519778?dateless=true ,
18629,179643, Laura Oxendine 4808 (KCounty) ,,,,False,,1,,,,, approved ,1,, 2026-08-11 20:06:48 ,True,, 1060171795704153760 ,1.155,100290800, sync_rates_and_availability , onlyHostaway , 100290800 ,,,,9.9,,,,1.03,,,,10529733,,,,,,,,,,,,,,,,,,True,1052973302,,,,,, https://www.expedia.com/Knoxville-Hotels-Cozy-Creekside-Rancher-Heart-Of-Downtown-Knoxville.h96359046.Hotel-Information ,,False,,False,,,,,, https://www.google.com/travel/hotels/entity/CgoQ9cioweemopBfEAI=/overview?g2lb=43807868 ,True,,,1, 2023-07-27 13:50:07 , https://www.vrbo.com/3529735?unitId=4102881 ,1.06,,,,False,96359046, 2023-07-03 18:05:20 ,True,False,True,True,1,,,,False,False,True,False,,, 2026-08-11 20:01:55 ,137146,,,,, approved ,40290742,1.2, active ,,,,1.05,,False,,,,143,,,,,,,False,, 2023-07-03 18:05:20 ,18629, exported ,,False,,True,True, 3529735 , https://www.vrbo.com/3529735?dateless=true ,
18629,179648, Scott Meyers 701 (SCounty) ,,,,False,,1,,,,,,,, 2026-01-27 14:46:46 ,False,,,1.25,,, onlyHostaway ,,,,,9.8,,,,1.03,,,,,,,,,,,,,,,,,,,,,,False,,,,,,, https://www.expedia.com/Kodak-Hotels-Dogwood-Vista-Hot-Tub.h97065121.Hotel-Information ,,False,,False,,,,,, https://www.google.com/travel/hotels/entity/CgoQjZuh-KrRn8V3EAI=/overview?g2lb=43807868 ,False,,,1, 2023-08-31 17:08:27 , https://www.vrbo.com/3588395?unitId=4161541 ,1.06,,,,False,97065121, 2023-07-03 18:24:09 ,True,False,True,True,1,,,,False,False,True,False,,, 2026-01-27 14:39:32 ,137151,,,,, approved ,40258615,1.2, inactive ,,,,1.05,,False,,,,153, archived ,,,,,,False,, 2023-07-03 18:24:09 ,18629, not_exported ,,False,,False,False, 3588395 , https://www.vrbo.com/3588395?dateless=true ,
18629,181337, Nathan Jobe 4515 (PF) ,,,,False,,1,,,,david832haven@gmail.com, approved ,1,, 2026-08-11 20:09:59 ,True,, 942680424151236469 ,1.3,279783412, sync_rates_and_availability , onlyHostaway , 279783412 ,,,,9.5,,,,1.03,,,,10631071,,,,,,,,,,,,,,,,,,True,1063107102,,,,,, https://www.expedia.com/Pigeon-Forge-Hotels-Million-Dollar-View-Games-Table-Movie-Theater.h96752563.Hotel-Information ,,False,,False,,,,,,,True,,,1, 2023-08-15 13:40:45 , https://www.vrbo.com/3559050?unitId=4132196 ,1.2,,,,False,96752563, 2023-07-11 14:10:32 ,True,False,True,False,1,,,,False,False,True,False,,, 2026-08-11 20:02:07 ,138839,,,,, approved ,40296428,1.2, active ,,,,1.05,,False,,,,159,,,,,,,False,, 2023-07-11 14:10:32 ,18629, exported ,,False,,True,True, 3559050 , https://www.vrbo.com/3559050?dateless=true ,
18629,182772, Jessica Jarboe 4159 (SCounty) ,,,,False,,1,,,,david832haven@gmail.com, approved ,1,, 2026-08-11 20:09:21 ,True,, 940441290264030810 ,1.25,279783412, sync_rates_and_availability , onlyHostaway , 279783412 ,,,,9.5,,,,1.03,,,,10631073,,,,,,,,,,,,,,,,,,True,1063107302,,,,,, https://www.expedia.com/Sevierville-Hotels-Mountain-Mist-Secluded-Cabin.h96752565.Hotel-Information ,,False,,False,,,,,, https://www.google.com/travel/hotels/entity/CgsQzc6uitmZotTKARAC/overview?g2lb=43807868 ,True,,,1, 2023-08-15 13:49:09 , https://www.vrbo.com/3559051?unitId=4132197 ,1.06,,,,False,96752565, 2023-07-17 18:35:06 ,True,False,True,True,1,,,,False,False,True,False,,, 2026-08-11 20:02:25 ,140273,,,,, approved ,40254491,1.2, active ,,,,1.05,,False,,,,163,,,,,,,False,, 2023-07-17 18:35:06 ,18629, exported ,,False,,True,True, 3559051 , https://www.vrbo.com/3559051?dateless=true ,
18629,187612, Justin Bailey 6829 (KCounty) ,,,,False,,1,,,,, approved ,1,, 2026-08-11 20:08:36 ,True,, 1115190211771235481 ,1.25,100290800, sync_rates_and_availability , onlyHostaway , 100290800 ,,,,9.8,,,,1.03,,,,11070966,,,,,,,,,,,,,,,,,,True,1107096602,,,,,, https://www.expedia.com/Knoxville-Hotels-Airplane-Filling-Station-Unique-Stay-In-Knoxville.h100405019.Hotel-Information ,,False,,False,,,,,, https://www.google.com/travel/hotels/entity/CgoQ1YTXxoj7vLoTEAI=/overview?g2lb=43807868 ,True,,,1, 2023-11-14 15:23:36 , https://www.vrbo.com/3712540?unitId=4286685 ,1.15,,,,False,100405019, 2023-08-10 14:15:55 ,True,False,True,True,1,,,,False,False,True,False,,, 2026-08-11 20:02:37 ,145091,,,,, rejected ,40325634,1.2, new ,,,,1.05,,False,,,,144,,,,,,,False,, 2023-08-10 14:15:55 ,18629, exported ,,False,,True,True, 3712540 , https://www.vrbo.com/3712540?dateless=true ,
18629,191700, Porter Landreth 616 (GAT) ,,,,False,,1,,,,david832havenb@gmail.com, approved ,1,, 2026-08-11 20:10:08 ,True,, 1117806396287624839 ,1.25,465913042, sync_rates_and_availability , onlyHostaway , 465913042 ,,,,9.2,,,,1.03,,,,10737542,,,,,,,,,,,,,,,,, 2024-01-01 23:41:27 ,True,1073754202,,,,,, https://www.expedia.com/Gatlinburg-Hotels-Serene-Views-Community-Pool.h97387551.Hotel-Information ,,False,,False,,,,,, https://www.google.com/travel/hotels/entity/CgoQj6_CjqXej6kdEAI=/overview?g2lb=43807868 ,True,,,1, 2023-09-06 19:43:05 , https://www.vrbo.com/3597389?unitId=4170535 ,1.06,,,,False,97387551, 2023-08-29 16:07:05 ,True,False,True,True,1,,,,False,False,True,False,,, 2026-08-14 13:31:50 ,149140,,,,, rejected ,40301806,1.2, new ,,,,1.05,,False,,,,131,,,,,,,False,, 2023-08-29 16:07:05 ,18629, exported ,,False,,True,True, 3597389 , https://www.vrbo.com/3597389?dateless=true ,
18629,194974, Candace Morton 1276 (SCity) ,,,,False,,1,,,,david832haven@gmail.com, approved ,1,, 2026-08-11 20:11:43 ,True,, 1004231337487248647 ,1.3,279783412, sync_rates_and_availability , onlyHostaway , 279783412 ,,,,9.6,,,,1.03,,,,11047262,,,,,,,,,,,,,,,,,,True,1104726202,,,,,, https://www.expedia.com/Sevierville-Hotels-Mountain-Breeze-Private-Pool.h100324764.Hotel-Information ,,False,,False,,,,,, https://www.google.com/travel/hotels/entity/CgoQtN-RvsWr7pJ1EAI=/overview?g2lb=43807868 ,True,,,1, 2023-11-09 16:07:31 , https://www.vrbo.com/3705064?unitId=4279209 ,1.2,,,,False,100324764, 2023-09-12 14:34:40 ,True,False,True,True,1,,,,False,False,True,False,,, 2026-08-11 20:03:00 ,152406,,,,, approved ,40324330,1.2, active ,,,,1.05,,False,,,,136,,,,,,,False,, 2023-09-12 14:34:40 ,18629, exported ,,False,,True,True, 3705064 , https://www.vrbo.com/3705064?dateless=true ,
18629,195012, Franchette Pascual 697 (SCounty) ,,,,False,,1,,,,,,,, 2026-01-27 14:55:52 ,False,,,1.25,,, onlyHostaway ,,,,,9.9,,,,1.03,,,,,,,,,,,,,,,,,,,,,,False,,,,,,, https://www.expedia.com/Sevierville-Hotels-Smokies-Splash-Deluxe-Heated-Pool.h100821836.Hotel-Information ,,False,,False,,,,,, https://www.google.com/travel/hotels/entity/CgoQ2KLIrsbB2cQNEAI=/overview?g2lb=43807868 ,False,,,1, 2023-12-04 17:36:05 , https://www.vrbo.com/3742550?unitId=4316695 ,1.06,,,,False,100821836, 2023-09-12 15:20:31 ,True,False,True,True,1,,,,False,False,True,False,,, 2026-03-23 18:37:29 ,152444,,,,, approved ,40286457,1.2, inactive ,,,,1.05,,False,,,,145, archived ,,,,,,False,, 2023-09-12 15:20:31 ,18629, not_exported ,,False,,False,True, 3742550 , https://www.vrbo.com/3742550?dateless=true ,
18629,195316, Stephanie Bowersock 658 (SCounty) ,,,,False,,1,,,,david832haven@gmail.com, approved ,1,, 2026-08-11 20:09:13 ,True,, 984019361707925240 ,1.25,279783412, sync_rates_and_availability , onlyHostaway , 279783412 ,,,,9.7,,,,1.03,,,,10812140,,,,,,,,,,,,,,,,,,True,1081214002,,,,,, https://www.expedia.com/Gatlinburg-Hotels-Moonshiners-Hideout-Hot-Tub.h99223882.Hotel-Information ,,False,,False,,,,,, https://www.google.com/travel/hotels/entity/CgoQjdbzyJyHnK4bEAI=/overview?g2lb=43807868 ,True,,,1, 2023-09-22 13:51:07 , https://www.vrbo.com/3622325?unitId=4195471 ,1.06,,,,False,99223882, 2023-09-13 14:35:39 ,True,False,True,True,1,,,,False,False,True,False,,, 2026-09-05 14:33:50 ,152748,,,,, approved ,40263073,1.2, active ,,,,1.05,,False,,,,154,,,,,,,False,, 2023-09-13 14:35:39 ,18629, exported ,,False,,True,True, 3622325 , https://www.vrbo.com/3622325?dateless=true ,
18629,198009, Brad Klomp 1934 (SCounty) ,,,,False,,1,,,,,,,, 2026-01-27 14:49:13 ,False,,,1.25,,, onlyHostaway ,,,,,9.7,,,,1.03,,,,,,,,,,,,,,,,,,,,,,False,,,,,,, https://www.expedia.com/Sevierville-Hotels-Sunset-Summit-View.h100405025.Hotel-Information ,,False,,False,,,,,, https://www.google.com/travel/hotels/entity/CgoQlL-Po7qXkdtBEAI=/overview?g2lb=43807868 ,False,,,1, 2023-11-14 15:22:29 , https://www.vrbo.com/3712542?unitId=4286687 ,1.06,,,,False,100405025, 2023-09-22 19:05:30 ,True,False,True,False,1,,,,False,False,True,False,,, 2026-01-27 14:41:53 ,155436,,,,, approved ,40281913,1.2, inactive ,,,,1.05,,False,,,,160, archived ,,,,,,False,, 2023-09-22 19:05:30 ,18629, not_exported ,,False,,False,True, 3712542 , https://www.vrbo.com/3712542?dateless=true ,
18629,198400, Katherine Ratka 1130 (PF) ,,,,False,,1,,,,,,,, 2026-01-27 14:50:20 ,False,,,1.25,,, onlyHostaway ,,,,,9.5,,,,1.03,,,,,,,,,,,,,,,,,,,,,,False,,,,,,, https://www.expedia.com/Pigeon-Forge-Hotels-Smoky-Mountain-Retreat-PoolHot-TubTheaterGames.h107122105.Hotel-Information ,,False,,False,,,,,, https://www.google.com/travel/hotels/entity/CgoQs8Gzid_U1cYPEAI=/overview?g2lb=43807868 ,False,,,1, 2024-07-19 15:04:36 , https://www.vrbo.com/4108474?unitId=4682644 ,1.06,,,,False,107122105, 2023-09-25 13:03:46 ,True,False,True,False,1,,,,False,False,True,False,,, 2026-03-23 18:38:31 ,155824,,,,, approved ,40376187,1.2, inactive ,,,,1.05,,False,,,,164, archived ,,,,,,False,, 2023-09-25 13:03:46 ,18629, not_exported ,,False,,False,True, 4108474 , https://www.vrbo.com/4108474?dateless=true ,
18629,198834, Sonia Schumm 2470 (SCounty) ,,,,False,,1,,,,,,,, 2026-01-27 14:52:34 ,False,,,1.25,,, onlyHostaway ,,,,,9.3,,,,1.03,,,,,,,,,,,,,,,,,,,,,,False,,,,,,, https://www.expedia.com/Sevierville-Hotels-Grateful-Gathering-Lodge-MTN-View.h100380679.Hotel-Information ,,False,,False,,,,,,,False,,,1, 2023-11-14 14:59:17 , https://www.vrbo.com/3710779?unitId=4284924 ,1.06,,,,False,100380679, 2023-09-26 13:47:16 ,True,False,True,False,1,,,,False,False,True,False,,, 2026-01-27 14:42:29 ,156258,,,,, approved ,40325632,1.2, inactive ,,,,1.05,,False,,,,166, archived ,,,,,,False,, 2023-09-26 13:47:16 ,18629, not_exported ,,False,,False,True, 3710779 , https://www.vrbo.com/3710779?dateless=true ,
18629,200310, Steve Hoggle 1616 (GAT) ,,,,False,,1,,,,,,,, 2026-01-27 14:47:46 ,False,,,1.25,,, onlyHostaway ,,,,,9.9,,,,1.03,,,,,,,,,,,,,,,,,,,,,,False,,,,,,,,,False,,False,,,,,, https://www.google.com/travel/hotels/entity/CgsQzbSy9bLyn9TzARAC/overview?g2lb=43807868 ,False,,,1, 2023-10-25 17:44:35 , https://www.vrbo.com/3679565?unitId=4253710 ,1.06,,,,False,99959497, 2023-10-02 17:23:34 ,True,False,True,False,1,,,,False,False,True,False,,, 2026-01-27 14:42:47 ,157733,,,,, approved ,40273525,1.2, inactive ,,,,1.05,,False,,,,155, archived ,,,,,,False,, 2023-10-02 17:23:34 ,18629, not_exported ,,False,,False,True, 3679565 , https://www.vrbo.com/3679565?dateless=true ,
18629,202530, Sridhar Kodati 2951 (SCounty) ,,,,False,,1,,,,, approved ,1,, 2026-08-11 20:10:19 ,False,, 1121049333545378143 ,1.25,279783412, sync_rates_and_availability , onlyHostaway , 279783412 ,,,,8.9,,,,1.03,,,,10981283,,,,,,,,,,,,,,,,,,True,1098128302,,,,,, https://www.expedia.com/Sevierville-Hotels-Mountain-View-Manor-Pool.h99994318.Hotel-Information ,,False,,False,,,,,, https://www.google.com/travel/hotels/entity/CgsQpob5lKfSscfwARAC/overview?g2lb=43807868 ,True,,,1, 2023-10-27 14:43:57 , https://www.vrbo.com/3683359?unitId=4257504 ,1.06,,,,False,99994318, 2023-10-10 13:32:41 ,True,False,True,True,1,,,,False,False,True,False,,, 2026-08-11 20:03:30 ,159950,,,,, approved ,40317318,1.2, active ,,,,1.05,,False,,,,161,,,,,,,False,, 2023-10-10 13:32:41 ,18629, exported ,,False,,True,True, 3683359 , https://www.vrbo.com/3683359?dateless=true ,
18629,219208, Doug Poll 740 (SCounty) ,,,,False,,1,,,,david832haven@gmail.com, approved ,1,, 2026-08-11 20:11:59 ,True,, 1079643317307163692 ,1.25,279783412, sync_rates_and_availability , onlyHostaway , 279783412 ,,,,9.6,,,,1.03,,,,11475745,,,,,,,,,,,,,,,,,,True,1147574502,,,,,, https://www.expedia.com/Sevierville-Hotels-Bears-Hollow-Retreat-HotTubFirePitGameRoomMORE.h102052935.Hotel-Information ,,False,,False,,,,,, https://www.google.com/travel/hotels/entity/CgoQu5fZhv_qzdpyEAI=/overview?g2lb=43807868 ,True,,,1, 2024-01-30 14:39:47 , https://www.vrbo.com/3833272?unitId=4407417 ,1.06,,,,False,102052935, 2023-12-05 18:16:31 ,True,False,True,True,1,,,,False,False,True,False,,, 2026-08-11 20:03:43 ,176565,,,,, approved ,40354156,1.2, active ,,,,1.05,,False,,,,127,,,,,,,False,, 2023-12-05 18:16:31 ,18629, exported ,,False,,True,True, 3833272 , https://www.vrbo.com/3833272?dateless=true ,
18629,219226, Atlee Hammaker 3129 (KCounty) ,,,,False,,1,,,,,,,, 2023-12-11 20:53:32 ,False,,,1.155,,, onlyHostaway ,,,,,9.5,,,,1.03,,,,11292763,,,,,,,,,,,,,,,,,,True,1129276302,,,,,, https://www.expedia.com/Knoxville-Hotels-Misty-Lake-Hot-TubLake-AccessGamesMORE.h101259927.Hotel-Information ,,False,,False,,,,,, https://www.google.com/travel/hotels/entity/CgsQg-G6ofr63vq1ARAC/overview?g2lb=43807868 ,False,,,1, 2023-12-26 15:59:56 , https://www.vrbo.com/3778610?unitId=4352755 ,1.06,,,,False,101259927, 2023-12-05 19:16:41 ,True,False,True,True,1,,,,False,False,True,False,,, 2026-08-11 20:04:02 ,176583,,,,, approved ,40343122,1.2, inactive ,,,,1.05,,False,,,,132,,,,,,,False,, 2023-12-05 19:16:41 ,18629, not_exported ,,False,,False,True, 3778610 , https://www.vrbo.com/3778610?dateless=true ,
18629,220052, Ben Kovacs 391 (SCounty) ,,,,False,,1,,,,,,,, 2026-01-27 14:49:09 ,False,,,1.25,,, onlyHostaway ,,,,,9.8,,,,1.03,,,,,,,,,,,,,,,,,,,,,,False,,,,,,,,,False,,False,,,,,, https://www.google.com/travel/hotels/entity/CgsQyJXetNCPr_ysARAC/overview?g2lb=43807868 ,False,,,1, 2023-12-19 15:13:06 ,,1.06,,,,False,101164507, 2023-12-07 19:57:13 ,True,False,True,True,1,,,,False,False,True,False,,, 2026-01-27 14:44:13 ,177407,,,,, approved ,40293393,1.2, inactive ,,,,1.05,,False,,,,137, archived ,,,,,,False,, 2023-12-07 19:57:13 ,18629, not_exported ,,False,,False,True, 3770758 , https://www.vrbo.com/3770758?dateless=true ,
18629,220056, Erik Munn 1717 (PF) ,,,,False,,1,,,,,,,, 2026-01-27 14:55:29 ,False,,,1.25,,, onlyHostaway ,,,,,9.3,,,,1.03,,,,,,,,,,,,,,,,,,,,,,False,,,,,,, https://www.expedia.com/Sevierville-Hotels-Tennessee-Timber-Hot-TubPrivate-PoolGames.h101281310.Hotel-Information ,,False,,False,,,,,, https://www.google.com/travel/hotels/entity/CgoQ9P2QioWvtZh_EAI=/overview?g2lb=43807868 ,False,,,1, 2023-12-28 14:29:02 , https://www.vrbo.com/3780284?unitId=4354429 ,1.06,,,,False,101281310, 2023-12-07 20:07:28 ,True,False,True,False,1,,,,False,False,True,False,,, 2026-03-23 18:41:15 ,177411,,,,, approved ,40344442,1.2, inactive ,,,,1.05,,False,,,,146, archived ,,,,,,False,, 2023-12-07 20:07:28 ,18629, not_exported ,,False,,False,True, 3780284 , https://www.vrbo.com/3780284?dateless=true ,
18629,221957, Cody Brooks 1883 (SCounty) ,,,,False,,1,,,,,,,, 2026-01-27 14:51:40 ,False,,,1.25,,, onlyHostaway ,,,,,9.1,,,,1.03,,,,,,,,,,,,,,,,,,,,,,False,,,,,,, https://www.expedia.com/Sevierville-Hotels-Tranquil-Timber-Retreat-ViewHotTubFirePitMore.h101507130.Hotel-Information ,,False,,False,,,,,, https://www.google.com/travel/hotels/entity/CgoQmcGW8veQidl4EAI=/overview?g2lb=43807868 ,False,,,1, 2024-01-10 14:30:32 , https://www.vrbo.com/3800971?unitId=4375116 ,1.06,,,,False,101507130, 2023-12-14 17:48:43 ,True,False,True,False,1,,,,False,False,True,False,,, 2026-04-09 18:48:02 ,179304,,,,, rejected ,40347864,1.2, new ,,,,1.05,,False,,,,147, archived ,,,,,,False,, 2023-12-14 17:48:43 ,18629, not_exported ,,False,,False,True, 3800971 , https://www.vrbo.com/3800971?dateless=true ,
18629,221975, JP Davanzo 327 (SCounty) ,,,,False,,1,,,,david832haven@gmail.com, approved ,1,, 2026-08-11 20:11:47 ,True,, 1066656516892660740 ,1.25,279783412, sync_rates_and_availability , onlyHostaway , 279783412 ,,,,10,,,,1.03,,,,11396550,,,,,,,,,,,,,,,,,,True,1139655002,,,,,, https://www.expedia.com/Pigeon-Forge-Hotels-Dream-On-The-Stream-HotTubPoolTableFirePitMORE.h101781871.Hotel-Information ,,False,,False,,,,,,,True,,,1, 2024-01-16 19:46:30 , https://www.vrbo.com/3811628?unitId=4385773 ,1.06,,,,False,101781871, 2023-12-14 18:47:39 ,True,False,True,False,1,,,,False,False,True,False,,, 2026-08-11 20:04:20 ,179321,,,,, approved ,40349450,1.2, active ,,,,1.05,,False,,,,156,,,,,,,False,, 2023-12-14 18:47:39 ,18629, exported ,,False,,True,True, 3811628 , https://www.vrbo.com/3811628?dateless=true ,
18629,226485, Tammy Navarre 354-510 (GAT) ,,,,False,,1,,,,, approved ,1,, 2024-01-12 17:22:05 ,False,,,1.25,,, onlyHostaway ,,,,,9.4,,,,1.03,,,,,,,,,,,,,,,,,,,,,,False,,,,,,,,,False,,False,,,,,, https://www.google.com/travel/hotels/entity/CgsQzJfp5unKmOmjARAC/overview?g2lb=43807868 ,False,,,1, 2024-02-07 16:16:41 ,,1.06,,,,False,102293548, 2023-12-20 17:41:29 ,True,False,True,False,1,,,,False,False,True,False,,, 2026-01-27 14:47:52 ,183823,,,,,,,1.2,,,,,1.05,,False,,,,168, archived ,,,,,,False,, 2023-12-20 17:41:29 ,18629, not_exported ,,False,,False,True, 3848255 , https://www.vrbo.com/3848255?dateless=true ,
18629,226537, Vickie Allen 354-207 (GAT) ,,,,False,,1,,,,, approved ,1,, 2024-01-12 17:49:12 ,False,,,1.25,,, onlyHostaway ,,,,,9.7,,,,1.03,,,,,,,,,,,,,,,,,,,,,,False,,,,,,,,,False,,False,,,,,, https://www.google.com/travel/hotels/entity/CgsQjfGBqKfXvcvUARAC/overview?g2lb=43807868 ,False,,,1, 2024-01-25 20:16:35 , https://www.vrbo.com/3829314?unitId=4403459 ,1.06,,,,False,102006580, 2023-12-20 19:17:29 ,True,False,True,False,1,,,,False,False,True,False,,, 2026-01-27 14:48:05 ,183875,,,,, rejected ,40352968,1.2, new ,,,,1.05,,False,,,,185, archived ,,,,,,False,, 2023-12-20 19:17:29 ,18629, not_exported ,,False,,False,True, 3829314 , https://www.vrbo.com/3829314?dateless=true ,
18629,226539, Vickie Allen 354-303 (GAT) ,,,,False,,1,,,,, approved ,1,, 2024-01-12 17:46:39 ,False,,,1.25,,, onlyHostaway ,,,,,9.7,,,,1.03,,,,,,,,,,,,,,,,,,,,,,False,,,,,,,,,False,,False,,,,,, https://www.google.com/travel/hotels/entity/CgsQu7_ep7CR7-q8ARAC/overview?g2lb=43807868 ,False,,,1, 2024-01-25 20:40:44 , https://www.vrbo.com/3829315?unitId=4403460 ,1.06,,,,False,102006582, 2023-12-20 19:38:11 ,True,False,True,False,1,,,,False,False,True,False,,, 2026-01-27 14:48:19 ,183877,,,,, rejected ,40307377,1.2, new ,,,,1.05,,False,,,,188, archived ,,,,,,False,, 2023-12-20 19:38:11 ,18629, not_exported ,,False,,False,True, 3829315 , https://www.vrbo.com/3829315?dateless=true ,
18629,226542, Vickie Allen 616-103 (GAT) ,,,,False,,1,,,,, approved ,1,, 2024-01-12 17:41:12 ,False,,,1.25,,, onlyHostaway ,,,,,9.8,,,,1.03,,,,,,,,,,,,,,,,,,,,,,False,,,,,,,,,False,,False,,,,,, https://www.google.com/travel/hotels/entity/CgoQyeHi7Z7y45hKEAI=/overview?g2lb=43807868 ,False,,,1, 2024-01-25 20:16:42 , https://www.vrbo.com/3829316?unitId=4403461 ,1.06,,,,False,102006584, 2023-12-20 19:48:20 ,True,False,True,False,1,,,,False,False,True,False,,, 2026-01-27 14:48:39 ,183880,,,,, approved ,40352966,1.2, inactive ,,,,1.05,,False,,,,192, archived ,,,,,,False,, 2023-12-20 19:48:20 ,18629, not_exported ,,False,,False,True, 3829316 , https://www.vrbo.com/3829316?dateless=true ,
18629,227666, Jerry Neville 826 (PF) ,,,,False,,1,,,,,,,, 2026-01-27 14:56:30 ,False,,,1.25,,, onlyHostaway ,,,,,9.9,,,,1.03,,,,,,,,,,,,,,,,,,,,,,False,,,,,,,,,False,,False,,,,,, https://www.google.com/travel/hotels/entity/CgsQr96BoNuD2qf2ARAC/overview?g2lb=43807868 ,False,,,1, 2024-02-06 16:49:23 , https://www.vrbo.com/3846631?unitId=4420776 ,1.06,,,,False,102238295, 2023-12-26 15:23:25 ,True,False,True,False,1,,,,False,False,True,False,,, 2026-03-23 18:44:05 ,185001,,,,, approved ,40313209,1.2, inactive ,,,,1.05,,False,,,,196, archived ,,,,,,False,, 2023-12-26 15:23:25 ,18629, not_exported ,,False,,False,True, 3846631 , https://www.vrbo.com/3846631?dateless=true ,
18629,228083, Lionel Li 1113 (SCounty) ,,,,False,,1,,,,david832haven@gmail.com, approved ,1,, 2026-08-11 20:10:36 ,True,, 1065935432562680804 ,1.18,279783412, sync_rates_and_availability , onlyHostaway , 279783412 ,,,,9.1,,,,1.03,,,,11423281,,,,,,,,,,,,,,,,,,True,1142328102,,,,,, https://www.expedia.com/Pigeon-Forge-Hotels-Eagle-Sunset-ViewHotTubFirePlaceAirHockey.h101876129.Hotel-Information ,,False,,False,,,,,, https://www.google.com/travel/hotels/entity/CgoQ2I7V0rGBublDEAI=/overview?g2lb=43807868 ,True,,,1, 2024-01-21 13:08:43 , https://www.vrbo.com/3819058?unitId=4393203 ,1.06,,,,False,101876129, 2023-12-27 17:35:44 ,True,False,True,True,1,,,,False,False,True,False,,, 2026-08-11 20:04:32 ,185418,,,,, rejected ,40305545,1.2, active ,,,,1.05,,False,,,,200,,,,,,,False,, 2023-12-27 17:35:44 ,18629, exported ,,False,,True,True, 3819058 , https://www.vrbo.com/3819058?dateless=true ,
18629,231192, Roger Bell 3729 (PF) ,,,,False,,1,,,,david832havenb@gmail.com, approved ,1,, 2026-09-03 14:50:02 ,True,, 1069467029309354880 ,1.25,465913042, sync_rates_and_availability , onlyHostaway , 465913042 ,,,,9.3,,,,1.03,,,,11423285,,,,,,,,,,,,,,,,,,True,1142328502,,,,,, https://www.expedia.com/Pigeon-Forge-Hotels-Papa-Bears-Hideaway-Stunning-ViewsCommunityPOOL.h101876140.Hotel-Information ,,False,,False,,,,,, https://www.google.com/travel/hotels/entity/CgsQ7-HD0YzSjvDeARAC/overview?g2lb=43807868 ,True,,,1, 2024-01-21 13:14:17 , https://www.vrbo.com/3819059?unitId=4393204 ,1.06,,,,False,101876140, 2024-01-10 20:37:28 ,True,False,True,True,1,,,,False,False,True,False,,, 2026-09-03 14:47:00 ,188524,,,,, approved ,40351238,1.2, active ,,,,1.05,,False,,,,179,,,,,,,False,, 2024-01-10 20:37:28 ,18629, exported ,,False,,True,True, 3819059 , https://www.vrbo.com/3819059?dateless=true ,
18629,231212, Tim Larson 3039 (SCounty) ,,,,False,,1,,,,,,,, 2026-01-27 14:56:12 ,False,,,1.25,,, onlyHostaway ,,,,,9.9,,,,1.03,,,,,,,,,,,,,,,,,,,,,,False,,,,,,, https://www.expedia.com/Sevierville-Hotels-Moondancer-HotTubFireplacePoolTableGrillMORE.h102384206.Hotel-Information ,,False,,False,,,,,, https://www.google.com/travel/hotels/entity/CgsQq7K669e04bTIARAC/overview?g2lb=43807868 ,False,,,1, 2024-02-13 13:36:08 , https://ws.homeaway.com/public/listing?id=3854881vb ,1.06,,,,False,102384206, 2024-01-10 20:50:14 ,True,False,True,False,1,,,,False,False,True,False,,, 2026-03-23 18:45:00 ,188544,,,,, rejected ,40360430,1.2, new ,,,,1.05,,False,,,,182, archived ,,,,,,False,, 2024-01-10 20:50:14 ,18629, not_exported ,,False,,False,True, 3854881 , https://www.vrbo.com/3854881?dateless=true ,
18629,231216, Walt Ward 2414 (SCounty) ,,,,False,,1,,,,david832haven@gmail.com, approved ,1,, 2026-08-11 20:12:59 ,True,, 1115970057156255640 ,1.25,279783412, sync_rates_and_availability , onlyHostaway , 279783412 ,,,,9.9,,,,1.03,,,,11542434,,,,,,,,,,,,,,,,,,True,1154243402,,,,,, https://www.expedia.com/Sevierville-Hotels-Wayward-Travelers-Lodge-HotTubTheaterArcadeMORE.h102341230.Hotel-Information ,,False,,False,,,,,, https://www.google.com/travel/hotels/entity/CgoQ5-_Q0ZOQ4sUaEAI=/overview?g2lb=43807868 ,True,,,1, 2024-02-09 20:30:02 , https://www.vrbo.com/3851192?unitId=4425337 ,1.2,,,,False,102341230, 2024-01-10 21:03:23 ,True,False,True,True,1,,,,False,False,True,False,,, 2026-08-19 02:31:34 ,188548,,,,, approved ,40314871,1.2, active ,,,,1.05,,False,,,,186,,,,,,,False,, 2024-01-10 21:03:23 ,18629, exported ,,False,,True,True, 3851192 , https://www.vrbo.com/3851192?dateless=true ,
18629,232744, Matthew Long 1363 (JC) ,,,,False,,1,,,,david832haven@gmail.com, approved ,1,, 2026-08-11 20:12:11 ,True,, 1076098029538215805 ,1.25,279783412, sync_rates_and_availability , onlyHostaway , 279783412 ,,,,9.6,,,,1.03,,,,11475749,,,,,,,,,,,,,,,,,,True,1147574902,,,,,, https://www.expedia.com/Sevierville-Hotels-Chalet-Amelia-Lake-ViewHotTubFireplaceArcade.h102079010.Hotel-Information ,,False,,False,,,,,, https://www.google.com/travel/hotels/entity/CgoQ3sj3sJz9qKxUEAI=/overview?g2lb=43807868 ,True,,,1, 2024-01-30 15:31:08 , https://www.vrbo.com/3835198?unitId=4409343 ,1.06,,,,False,102079010, 2024-01-16 16:33:18 ,True,False,True,True,1,,,,False,False,True,False,,, 2026-08-30 17:18:44 ,190058,,,,, approved ,40354172,1.2, active ,,,,1.05,,False,,,,133,,,,,,,False,, 2024-01-16 16:33:18 ,18629, exported ,,False,,True,True, 3835198 , https://www.vrbo.com/3835198?dateless=true ,
18629,232763, Tammy Navarre 3506 (SCounty) ,,,,False,,1,,,,, approved ,1,, 2024-01-16 17:57:31 ,False,,,1.25,,, onlyHostaway ,,,,,9.6,,,,1.03,,,,,,,,,,,,,,,,,,,,,,False,,,,,,,,,False,,False,,,,,, https://www.google.com/travel/hotels/entity/CgsQ6I7frK3RjeLXARAC/overview?g2lb=43807868 ,False,,,1, 2024-02-01 21:10:13 , https://www.vrbo.com/3838795?unitId=4412940 ,1.06,,,,False,102143467, 2024-01-16 17:56:06 ,True,False,True,False,1,,,,False,False,True,False,,, 2026-01-27 14:50:41 ,190077,,,,, approved ,40309559,1.2, inactive ,,,,1.05,,False,,,,148, archived ,,,,,,False,, 2024-01-16 17:56:06 ,18629, not_exported ,,False,,False,True, 3838795 , https://www.vrbo.com/3838795?dateless=true ,
18629,232784, Tammy Navarre 413-307 (GAT) ,,,,False,,1,,,,, approved ,1,, 2024-01-16 19:52:51 ,False,,,1.25,,, onlyHostaway ,,,,,9.6,,,,1.03,,,,,,,,,,,,,,,,,,,,,,False,,,,,,,,,False,,False,,,,,, https://www.google.com/travel/hotels/entity/CgsQl-jV_eCP5uPDARAC/overview?g2lb=43807868 ,False,,,1, 2024-01-23 18:51:18 ,,1.06,,,,False,101940808, 2024-01-16 19:50:30 ,True,False,True,False,1,,,,False,False,True,False,,, 2026-01-27 14:50:54 ,190098,,,,, approved ,40352118,1.2, inactive ,,,,1.05,,False,,,,149, archived ,,,,,,False,, 2024-01-16 19:50:30 ,18629, not_exported ,,False,,False,True, 3824184 , https://www.vrbo.com/3824184?dateless=true ,
18629,232797, Tammy Navarre 306-6A (GAT) ,,,,False,,1,,,,, approved ,1,, 2024-01-16 20:26:53 ,False,,,1.25,,, onlyHostaway ,,,,,9.6,,,,1.03,,,,,,,,,,,,,,,,,,,,,,False,,,,,,,,,False,,False,,,,,, https://www.google.com/travel/hotels/entity/CgoQ55OEksrTjaVTEAI=/overview?g2lb=43807868 ,False,,,1, 2024-02-01 21:13:30 , https://www.vrbo.com/3838796?unitId=4412941 ,1.06,,,,False,102143470, 2024-01-16 20:25:16 ,True,False,True,False,1,,,,False,False,True,False,,, 2026-01-27 14:51:13 ,190111,,,,, rejected ,40309563,1.2, new ,,,,1.05,,False,,,,150, archived ,,,,,,False,, 2024-01-16 20:25:16 ,18629, not_exported ,,False,,False,True, 3838796 , https://www.vrbo.com/3838796?dateless=true ,
18629,232804, Tammy Navarre 413-502 (GAT) ,,,,False,,1,,,,, approved ,1,, 2024-01-16 20:55:47 ,False,,,1.25,,, onlyHostaway ,,,,,9.5,,,,1.03,,,,,,,,,,,,,,,,,,,,,,False,,,,,,,,,False,,False,,,,,, https://www.google.com/travel/hotels/entity/CgoQncPc6LC8vKFUEAI=/overview?g2lb=43807868 ,False,,,1, 2024-01-23 18:51:31 , https://www.vrbo.com/3824185?unitId=4398330 ,1.06,,,,False,101940810, 2024-01-16 20:54:05 ,True,False,True,False,1,,,,False,False,True,False,,, 2026-01-27 14:51:31 ,190118,,,,, rejected ,40352116,1.2, inactive ,,,,1.05,,False,,,,138, archived ,,,,,,False,, 2024-01-16 20:54:05 ,18629, not_exported ,,False,,False,True, 3824185 , https://www.vrbo.com/3824185?dateless=true ,
18629,232815, Tammy Navarre 413-506 (GAT) ,,,,False,,1,,,,, approved ,1,, 2024-01-16 21:23:15 ,False,,,1.25,,, onlyHostaway ,,,,,9.5,,,,1.03,,,,,,,,,,,,,,,,,,,,,,False,,,,,,,,,False,,False,,,,,, https://www.google.com/travel/hotels/entity/CgoQuuytpb_I4uFaEAI=/overview?g2lb=43807868 ,False,,,1, 2024-01-23 18:52:13 , https://www.vrbo.com/3824187?unitId=4398332 ,1.06,,,,False,101940817, 2024-01-16 21:21:52 ,True,False,True,False,1,,,,False,False,True,False,,, 2026-01-27 14:51:51 ,190129,,,,, approved ,40352114,1.2, inactive ,,,,1.05,,False,,,,139, archived ,,,,,,False,, 2024-01-16 21:21:52 ,18629, not_exported ,,False,,False,True, 3824187 , https://www.vrbo.com/3824187?dateless=true ,
18629,232845, Tammy Navarre 260-216 (GAT) ,,,,False,,1,,,,, approved ,1,, 2024-01-16 21:52:06 ,False,,,1.25,,, onlyHostaway ,,,,,9.7,,,,1.03,,,,,,,,,,,,,,,,,,,,,,False,,,,,,,,,False,,False,,,,,, https://www.google.com/travel/hotels/entity/CgsQuIfT1832wd2rARAC/overview?g2lb=43807868 ,False,,,1, 2024-02-01 21:10:29 , https://www.vrbo.com/3838798?unitId=4412943 ,1.06,,,,False,102143477, 2024-01-16 21:50:36 ,True,False,True,False,1,,,,False,False,True,False,,, 2026-01-27 14:52:05 ,190159,,,,, rejected ,40309561,1.2, new ,,,,1.05,,False,,,,140, archived ,,,,,,False,, 2024-01-16 21:50:36 ,18629, not_exported ,,False,,False,True, 3838798 , https://www.vrbo.com/3838798?dateless=true ,
18629,233006, Tammy Navarre 1260-2106 (GAT) ,,,,False,,1,,,,, approved ,1,, 2024-01-17 14:53:19 ,False,,,1.25,,, onlyHostaway ,,,,,9.6,,,,1.03,,,,,,,,,,,,,,,,,,,,,,False,,,,,,,,,False,,False,,,,,, https://www.google.com/travel/hotels/entity/CgoQ_LbE3pigwe9eEAI=/overview?g2lb=43807868 ,False,,,1, 2024-02-01 21:13:15 , https://www.vrbo.com/3838799?unitId=4412944 ,1.06,,,,False,102143479, 2024-01-17 14:52:21 ,True,False,True,False,1,,,,False,False,True,False,,, 2026-01-27 14:52:19 ,190320,,,,, rejected ,40355310,1.2, new ,,,,1.05,,False,,,,141, archived ,,,,,,False,, 2024-01-17 14:52:21 ,18629, not_exported ,,False,,False,True, 3838799 , https://www.vrbo.com/3838799?dateless=true ,
18629,242812, Daniel Rivers 1250 (SCounty) ,,,,False,,1,,,,,,,, 2024-02-27 18:07:55 ,False,,,1.25,,, onlyHostaway ,,,,,9.3,,,,1.03,,,,,,,,,,,,,,,,,,,1,,,False,,,,,,, https://www.expedia.com/Sevierville-Hotels-Retreat-W-Hot-Tub.h103732365.Hotel-Information ,,False,,False,,,,,, https://www.google.com/travel/hotels/entity/CgsQvpmt5Ovr9vrYARAC/overview?g2lb=43807868 ,False,,,1, 2024-03-29 17:03:52 , https://www.vrbo.com/3930293?unitId=4504463 ,1.06,,,,False,103732365, 2024-02-15 16:50:58 ,True,False,True,True,1,,,,False,False,True,False,,, 2026-05-17 04:32:24 ,200061,,,,, approved ,40335019,1.2, inactive ,,,,1.05,,False,,,,128, archived ,,,,,,False,, 2024-02-15 16:50:58 ,18629, not_exported ,,False,,False,True, 3930293 , https://www.vrbo.com/3930293?dateless=true ,
18629,242816, Freddy Rivas 723 (SCounty) ,,,,False,,1,,,,,,,, 2026-02-10 18:46:00 ,False,,,1.25,,, onlyHostaway ,,,,,9.6,,,,1.03,,,,,,,,,,,,,,,,,,,,,,False,,,,,,, https://www.expedia.com/Sevierville-Hotels-Luxury-8BR-Smoky-Mtn-Retreat-W-Indoor-Pool-Hot-Tub-And-Epic-Views.h104493837.Hotel-Information ,,False,,False,,,,,, https://www.google.com/travel/hotels/entity/CgsQxpf8-oTc8sKZARAC/overview?g2lb=43807868 ,False,,,1, 2024-04-30 16:19:53 , https://www.vrbo.com/3981552?unitId=4555722 ,1.06,,,,False,104493837, 2024-02-15 16:59:45 ,True,False,True,True,1,,,,False,False,True,False,,, 2026-03-23 17:11:22 ,200065,,,,, rejected ,40346185,1.2, new ,,,,1.05,,False,,,,130, archived ,,,,,,False,, 2024-02-15 16:59:45 ,18629, not_exported ,,False,,False,True, 3981552 , https://www.vrbo.com/3981552?dateless=true ,
18629,242819, Freddy Rivas 731 (SCounty) ,,,,False,,1,,,,,,,, 2026-02-10 18:48:08 ,False,,,1.25,,, onlyHostaway ,,,,,9.5,,,,1.03,,,,,,,,,,,,,,,,,,,,,,False,,,,,,, https://www.expedia.com/Sevierville-Hotels-Sevierville-Luxury-Cabin-With-Indoor-Pool-Hot-Tub-Near-Parkway-Fun.h104493842.Hotel-Information ,,False,,False,,,,,, https://www.google.com/travel/hotels/entity/CgsQ-cqD-fbfz-nEARAC/overview?g2lb=43807868 ,False,,,1, 2024-04-30 16:19:48 , https://www.vrbo.com/3981553?unitId=4555723 ,1.06,,,,False,104493842, 2024-02-15 17:08:14 ,True,False,True,True,1,,,,False,False,True,False,,, 2026-03-23 17:11:44 ,200068,,,,, approved ,40346187,1.2, inactive ,,,,1.05,,False,,,,134, archived ,,,,,,False,, 2024-02-15 17:08:14 ,18629, not_exported ,,False,,False,True, 3981553 , https://www.vrbo.com/3981553?dateless=true ,
18629,242824, Freddy Rivas 2414 (SCounty) ,,,,False,,1,,,,,,,, 2025-08-15 17:48:10 ,False,,,1.25,,, onlyHostaway ,,,,,9.5,,,,1.03,,,,,,,,,,,,,,,,,,,,,,False,,,,,,, https://www.expedia.com/Sevierville-Hotels-Holiday-Rates-Indoor-Pool.h104493851.Hotel-Information ,,False,,False,,,,,, https://www.google.com/travel/hotels/entity/CgsQgqm6zv3d8cqbARAC/overview?g2lb=43807868 ,False,,,1, 2025-05-19 17:37:03 , https://www.vrbo.com/3981554?unitId=4555724 ,1.06,,,,False,, 2024-02-15 17:13:51 ,True,False,True,True,1,,,,False,False,True,False,,, 2026-04-28 16:16:16 ,200073,,,,, rejected ,40346189,1.2, new ,,,,1.05,,False,,,,142, archived ,,,,,,False,, 2024-02-15 17:13:51 ,, not_exported ,,False,,False,False,,,
18629,244182, Samantha Buresh 2828 (PF) ,,,,False,,1,,,,,,,, 2026-02-10 18:23:26 ,False,,,1.25,,, onlyHostaway ,,,,,9.9,,,,1.03,,,,,,,,,,,,,,,,,,,,,,False,,,,,,, https://www.expedia.com/Pigeon-Forge-Hotels-NEW-Modern-Cabin-1-Mi-To-Pkwy-Pool-Hot-Tub.h103840044.Hotel-Information ,,False,,False,,,,,, https://www.google.com/travel/hotels/entity/CgsQqLjz48HR8eHCARAC/overview?g2lb=43807868 ,False,,,1, 2024-04-03 14:04:11 , https://ws.homeaway.com/public/listing?id=3937447vb ,1.06,,,,False,103840044, 2024-02-20 17:04:40 ,True,False,True,False,1,,,,False,False,True,False,,, 2026-02-10 18:13:58 ,201431,,,,, approved ,40336137,1.2, inactive ,,,,1.05,,False,,,,151, archived ,,,,,,False,, 2024-02-20 17:04:40 ,18629, not_exported ,,False,,False,True, 3937447 , https://www.vrbo.com/3937447?dateless=true ,
18629,244186, Rohan Thakker 653 (PF) ,,,,False,,1,,,,, approved ,1,, 2026-08-11 20:12:32 ,False,, 1101419647817131982 ,1.25,279783412, sync_rates_and_availability , onlyHostaway , 279783412 ,,,,8.6,,,,1.03,,,,11631107,,,,,,,,,,,,,,,,,,True,1163110702,,,,,, https://www.expedia.com/Pigeon-Forge-Hotels-5-Mins-To-Pigeon-Forge-Strip-W-Hot-TubGrillMORE.h102803092.Hotel-Information ,,False,,False,,,,,, https://www.google.com/travel/hotels/entity/CgoQ2rCT58eYyLYgEAI=/overview?g2lb=43807868 ,True,,,1, 2024-02-29 19:19:06 , https://www.vrbo.com/3882475?unitId=4456620 ,1.06,,,,False,102803092, 2024-02-20 17:14:38 ,True,False,True,True,1,,,,False,False,True,False,,, 2026-08-14 20:16:32 ,201435,,,,, rejected ,40366392,1.2, new ,,,,1.05,,False,,,,157,,,,,,,False,, 2024-02-20 17:14:38 ,18629, exported ,,False,,True,True, 3882475 , https://www.vrbo.com/3882475?dateless=true ,
18629,254092, Susan Stanford 4007 (SCounty) ,,,,False,,1,,,,,,,, 2026-02-10 18:19:35 ,False,,,1.25,,, onlyHostaway ,,,,,10,,,,1.2,,,,,,,,,,,,,,,,,,,,,,False,,,,,,,,,False,,False,,,,,, https://www.google.com/travel/hotels/entity/CgoQ1pitmMzAm5hmEAI=/overview?g2lb=43807868 ,False,,,1, 2024-08-14 15:49:33 , https://www.vrbo.com/4147165?unitId=4721335 ,1.06,,,,False,107829463, 2024-03-18 16:36:49 ,True,False,True,True,1,,,,False,False,True,False,,, 2026-02-10 18:13:58 ,211292,,,,, approved ,40434350,1.2, inactive ,,,,1.05,,False,,,,158, archived ,,,,,,False,, 2024-03-18 16:36:49 ,18629, not_exported ,,False,,False,True, 4147165 , https://www.vrbo.com/4147165?dateless=true ,
18629,256621, Josh Clark 1297 (JC) ,,,,False,,1,,,,,,,, 2026-02-10 18:21:35 ,False,,,1.25,,, onlyHostaway ,,,,,9.7,,,,1.03,,,,,,,,,,,,,,,,,,,,,,False,,,,,,, https://www.expedia.com/Sevierville-Hotels-Smoky-Mtn-Luxury-Cabin-Indoor-Pool.h104850587.Hotel-Information ,,False,,False,,,,,, https://www.google.com/travel/hotels/entity/CgsQh5WRtpjj0v6zARAC/overview?g2lb=43807868 ,False,,,1, 2024-05-06 14:45:21 , https://www.vrbo.com/3991989?unitId=4566159 ,1.06,,,,False,104850587, 2024-03-26 15:36:33 ,True,False,True,True,1,,,,False,False,True,False,,, 2026-02-10 18:13:58 ,213781,,,,, approved ,40396004,1.2, inactive ,,,,1.05,,False,,,,162, archived ,,,,,,False,, 2024-03-26 15:36:33 ,18629, not_exported ,,False,,False,True, 3991989 , https://www.vrbo.com/3991989?dateless=true ,
18629,257347, Sandra Pernavaite 1617 (SCounty) ,,,,False,,1,,,,david832haven@gmail.com, approved ,1,, 2026-08-11 20:15:44 ,True,, 1137642522538288234 ,1.25,279783412, sync_rates_and_availability , onlyHostaway , 279783412 ,,,,9.9,,,,1.03,,,,11995743,,,,,,,,,,,,,,,,,,True,1199574302,,,,,, https://www.expedia.com/Sevierville-Hotels-Allure-Woods-View.h104493874.Hotel-Information ,,False,,False,,,,,, https://www.google.com/travel/hotels/entity/CgoQkJWUua624MZlEAI=/overview?g2lb=43807868 ,True,,,1, 2024-04-30 14:51:57 , https://www.vrbo.com/3981556?unitId=4555726 ,1.06,,,,False,104493874, 2024-03-28 14:53:48 ,True,False,True,True,1,,,,False,False,True,False,,, 2026-08-11 20:05:40 ,214501,,,,, approved ,40394480,1.2, active ,,,,1.05,,False,,,,165,,,,,,,False,, 2024-03-28 14:53:48 ,18629, exported ,,False,,True,True, 3981556 , https://www.vrbo.com/3981556?dateless=true ,
18629,258271, Josh Clark 1358 (JC) ,,,,False,,1,,,,,,,, 2026-02-10 18:23:09 ,False,,,1.25,,, onlyHostaway ,,,,,9.9,,,,1.03,,,,,,,,,,,,,,,,,,,,,,False,,,,,,, https://www.expedia.com/Sevierville-Hotels-Whispering-Pine-W-Lake-Access.h104096983.Hotel-Information ,,False,,False,,,,,, https://www.google.com/travel/hotels/entity/CgoQz6yX7pWpjsciEAI=/overview?g2lb=43807868 ,False,,,1, 2024-04-15 15:31:14 , https://www.vrbo.com/3956148?unitId=4530318 ,1.06,,,,False,104096983, 2024-04-01 19:14:09 ,True,False,True,True,1,,,,False,False,True,False,,, 2026-02-10 18:14:24 ,215399,,,,, approved ,40339619,1.2, inactive ,,,,1.05,,False,,,,167, archived ,,,,,,False,, 2024-04-01 19:14:09 ,18629, not_exported ,,False,,False,True, 3956148 , https://www.vrbo.com/3956148?dateless=true ,
18629,258626, Josh Clark 1398 (JC) ,,,,False,,1,,,,,,,, 2026-02-10 18:24:54 ,False,,,1.25,,, onlyHostaway ,,,,,9.5,,,,1.03,,,,,,,,,,,,,,,,,,,,,,False,,,,,,, https://www.expedia.com/Sevierville-Hotels-Skys-The-Limit-W-ViewPoolHotTubGamesMORE.h104096987.Hotel-Information ,,False,,False,,,,,, https://www.google.com/travel/hotels/entity/CgsQhe_fxoeaxPPpARAC/overview?g2lb=43807868 ,False,,,1, 2024-04-15 15:34:50 , https://www.vrbo.com/3956150?unitId=4530320 ,1,,,,False,104096987, 2024-04-02 15:32:17 ,True,False,True,True,1,,,,False,False,True,False,,, 2026-02-10 18:14:46 ,215754,,,,, approved ,40387238,1.2, inactive ,,,,1.05,,False,,,,169, archived ,,,,,,False,, 2024-04-02 15:32:17 ,18629, not_exported ,,False,,False,True, 3956150 , https://www.vrbo.com/3956150?dateless=true ,
18629,258717, Josh Clark 439 (PF) ,,,,False,,1,,,,,,,, 2026-02-10 18:19:11 ,False,,,1.25,,, onlyHostaway ,,,,,9.8,,,,1.03,,,,,,,,,,,,,,,,,,,,,,False,,,,,,, https://www.expedia.com/Pigeon-Forge-Hotels-Bearfoot-Bungalow-NEW-BUILD-W-Hot-Tub-Arcade.h104096990.Hotel-Information ,,False,,False,,,,,, https://www.google.com/travel/hotels/entity/CgsQm5CZ3sySoZC-ARAC/overview?g2lb=43807868 ,False,,,1, 2024-04-15 15:31:45 ,,1.06,,,,False,104096990, 2024-04-02 19:33:59 ,True,False,True,False,1,,,,False,False,True,False,,, 2026-02-10 18:15:12 ,215845,,,,, rejected ,40339621,1.2, active ,,,,1.05,,False,,,,171, archived ,,,,,,False,, 2024-04-02 19:33:59 ,18629, not_exported ,,False,,False,True, 3956151 , https://www.vrbo.com/3956151?dateless=true ,
18629,260982, Jessica Slabaugh 614-5 (KCity) ,,,,False,,1,,,,,,,, 2024-04-17 14:33:17 ,False,,,1.25,,, onlyHostaway ,,,,,8.5,,,,1.03,,,,,,,,,,,,,,,,,,,,,,False,,,,,,, https://www.expedia.com/Knoxville-Hotels-Downtown-Knoxville-Condo-Near-UT.h105702962.Hotel-Information ,,False,,False,,,,,, https://www.google.com/travel/hotels/entity/CgsQzr-I88nLueyNARAC/overview?g2lb=43807868 ,False,,,1, 2024-05-30 15:30:53 , https://www.vrbo.com/4030846?unitId=4605016 ,1.06,,,,False,105702962, 2024-04-09 18:53:52 ,True,False,True,False,1,,,,False,False,True,False,,, 2025-12-17 19:07:05 ,218101,,,,, approved ,40406192,1.2, inactive ,,,,1.05,,False,,,,206, archived ,,,,,,False,, 2024-04-09 18:53:52 ,18629, not_exported ,,False,,False,True, 4030846 , https://www.vrbo.com/4030846?dateless=true ,
18629,260993, Jessica Slabaugh 614-3A (KCity) ,,,,False,,1,,,,,,,, 2024-04-12 16:30:55 ,False,,,1.25,,, onlyHostaway ,,,,,9.4,,,,1.03,,,,11995751,,,,,,,,,,,,,,,,,,True,1199575102,,,,,, https://www.expedia.com/Knoxville-Hotels-Neyland-View-Condo-Heart-Of-Downtown-Knoxville.h104493884.Hotel-Information ,,False,,False,,,,,, https://www.google.com/travel/hotels/entity/CgsQp4-PgYWo_pnsARAC/overview?g2lb=43807868 ,False,,,1, 2024-04-30 19:04:18 , https://www.vrbo.com/3981557?unitId=4555727 ,1.06,,,,False,104493884, 2024-04-09 19:16:58 ,True,False,True,True,1,,,,False,False,True,False,,, 2026-08-11 20:05:58 ,218112,,,,, approved ,40346281,1.2, inactive ,,,,1.05,,False,,,,214,,,,,,,False,, 2024-04-09 19:16:58 ,18629, not_exported ,,False,,False,True, 3981557 , https://www.vrbo.com/3981557?dateless=true ,
18629,261343, Josh Clark 410 (PF) ,,,,False,,1,,,,,,,, 2026-02-10 18:23:30 ,False,,,1.25,,, onlyHostaway ,,,,,9.5,,,,1.03,,,,,,,,,,,,,,,,,,,,,,False,,,,,,, https://www.expedia.com/Pigeon-Forge-Hotels-Private-Indoor-Pool.h104850632.Hotel-Information ,,False,,False,,,,,, https://www.google.com/travel/hotels/entity/CgsQqabfu-fKnv-zARAC/overview?g2lb=43807868 ,False,,,1, 2024-05-06 14:45:02 , https://www.vrbo.com/3991991?unitId=4566161 ,1.06,,,,False,104850632, 2024-04-10 17:11:10 ,True,False,True,False,1,,,,False,False,True,False,,, 2026-02-10 18:15:45 ,218462,,,,, approved ,40396006,1.2, inactive ,,,,1.05,,False,,,,219, archived ,,,,,,False,, 2024-04-10 17:11:10 ,18629, not_exported ,,False,,False,True, 3991991 , https://www.vrbo.com/3991991?dateless=true ,
18629,265123, Kimberly Mahoney 931 (SCounty) ,,,,False,,1,,,,,,,, 2026-02-10 18:23:15 ,False,,,1.25,,, onlyHostaway ,,,,,9.5,,,,1.03,,,,,,,,,,,,,,,,,,,1,,,False,,,,,,, https://www.expedia.com/Sevierville-Hotels-Eagles-Bluff-Lookout-Mountain-View-Game-Room.h104958140.Hotel-Information ,,False,,False,,,,,, https://www.google.com/travel/hotels/entity/CgsQt8KXlaP52dCeARAC/overview?g2lb=43807868 ,False,,,1, 2024-05-09 15:37:31 , https://www.vrbo.com/3997317?unitId=4571487 ,1.06,,,,False,104958140, 2024-04-23 12:57:00 ,True,False,True,True,1,,,,False,False,True,False,,, 2026-02-10 18:16:01 ,222221,,,,, approved ,40396988,1.2, inactive ,,,,1.05,,False,,,,207, archived ,,,,,,False,, 2024-04-23 12:57:00 ,18629, not_exported ,,False,,False,True, 3997317 , https://www.vrbo.com/3997317?dateless=true ,
18629,265487, Corey Defrancesco 1362 (JC) ,,,,False,,1,,,,,,,, 2026-02-10 18:21:59 ,False,,,1.25,,, onlyHostaway ,,,,,9.8,,,,1.03,,,,,,,,,,,,,,,,,,,,,,False,,,,,,, https://www.expedia.com/Sevierville-Hotels-New-Listing-Promo-Heart-Lake-Hot-Tub-Game-Room.h105453062.Hotel-Information ,,False,,False,,,,,, https://www.google.com/travel/hotels/entity/CgoQioeqw8Wd4ocNEAI=/overview?g2lb=43807868 ,False,,,1, 2024-05-22 13:26:08 , https://www.vrbo.com/4016452?unitId=4590622 ,1.06,,,,False,105453062, 2024-04-24 14:31:11 ,True,False,True,False,1,,,,False,False,True,False,,, 2026-02-10 18:16:21 ,222585,,,,, approved ,40402186,1.2, inactive ,,,,1.05,,False,,,,208, archived ,,,,,,False,, 2024-04-24 14:31:11 ,18629, not_exported ,,False,,False,True, 4016452 , https://www.vrbo.com/4016452?dateless=true ,
18629,268175, Andres Armienta 4108 (SCounty) ,,,,False,,1,,,,, approved ,1,, 2024-05-06 17:58:16 ,False,,,1.25,,, onlyHostaway ,,,,,9.1,,,,1.03,,,,,,,,,,,,,,,,,,,,,,False,,,,,,, https://www.expedia.com/Sevierville-Hotels-Perfect-Family-Getaway-Theater.h105484562.Hotel-Information ,,False,,False,,,,,, https://www.google.com/travel/hotels/entity/CgoQvd7Zq9_KvO9AEAI=/overview?g2lb=43807868 ,False,,,1, 2024-05-22 14:01:08 , https://www.vrbo.com/4018152?unitId=4592322 ,1.06,,,,False,105484562, 2024-05-03 13:00:52 ,True,False,True,False,1,,,,False,False,True,False,,, 2026-02-10 18:16:37 ,225269,,,,, approved ,40402804,1.2, inactive ,,,,1.05,,False,,,,172, archived ,,,,,,False,, 2024-05-03 13:00:52 ,18629, not_exported ,,False,,False,True, 4018152 , https://www.vrbo.com/4018152?dateless=true ,
18629,268281, Megan Waymire 3770 (SCounty) ,,,,False,,1,,,,havenroach2023@gmail.com, approved ,1,, 2026-08-11 20:16:02 ,True,, 1156464608076643827 ,1.25,211188240, sync_rates_and_availability , onlyHostaway , 211188240 ,,,,9.4,,,,1.03,,,,12508337,,,,,,,,,,,,,,,,,,True,1250833702,,,,,, https://www.expedia.com/Sevierville-Hotels-Ravens-Hollow-Private-Pool.h107122125.Hotel-Information ,,False,,False,,,,,, https://www.google.com/travel/hotels/entity/CgoQqeepvP3Y-6lFEAI=/overview?g2lb=43807868 ,True,,,1, 2024-07-19 15:44:55 , https://www.vrbo.com/4108476?unitId=4682646 ,1.06,,,,False,107122125, 2024-05-03 18:11:09 ,True,False,True,True,1,,,,False,False,True,False,,, 2026-08-11 20:06:16 ,225375,,,,, rejected ,40427482,1.2, new ,,,,1.05,,False,,,,174,,,,,,,False,, 2024-05-03 18:11:09 ,18629, exported ,,False,,True,True, 4108476 , https://www.vrbo.com/4108476?dateless=true ,
18629,270192, Darlene Mccann 2420 (SCounty) ,,,,False,,1,,,,,,,, 2024-05-20 18:12:47 ,False,,,1.25,,, onlyHostaway ,,,,,9.6,,,,1.03,,,,,,,,,,,,,,,,,,,,,,False,,,,,,,,,False,,False,,,,,, https://www.google.com/travel/hotels/entity/CgoQnZmKopGorL8mEAI=/overview?g2lb=43807868 ,False,,,1, 2024-05-27 14:05:20 , https://www.vrbo.com/4025322?unitId=4599492 ,1,,,,False,105605378, 2024-05-09 18:11:26 ,True,False,True,False,1,,,,False,False,True,False,,, 2026-02-10 18:17:17 ,227277,,,,, approved ,40404920,1.2, inactive ,,,,1.05,,False,,,,176, archived ,,,,,,False,, 2024-05-09 18:11:26 ,18629, not_exported ,,False,,False,True, 4025322 , https://www.vrbo.com/4025322?dateless=true ,
18629,274917, Ryan Gillespie 1119 (SCounty) ,,,,False,,1,,,,,,,, 2026-02-10 18:29:36 ,False,,,1.25,,, onlyHostaway ,,,,,9.1,,,,1.03,,,,,,,,,,,,,,,,,,,,,,False,,,,,,, https://www.expedia.com/Gatlinburg-Hotels-HUGE-LUXURY-LODGE-Hot-Tub.h106545493.Hotel-Information ,,False,,False,,,,,,,False,,,1, 2024-06-27 14:10:22 , https://www.vrbo.com/4077757?unitId=4651927 ,1.06,,,,False,106545493, 2024-05-23 14:21:31 ,True,False,True,True,1,,,,False,False,True,False,,, 2026-02-10 18:17:35 ,231995,,,,,,,1.2, exportFail ,,,,1.05,,False,,,,170, archived ,,,,,,False,, 2024-05-23 14:21:31 ,18629, not_exported ,,False,,False,True, 4077757 , https://www.vrbo.com/4077757?dateless=true ,
18629,276205, Anthony Simoncini 2852 (PF) ,,,,False,,1,,,,havenroach2023@gmail.com, approved ,1,, 2026-08-11 20:18:39 ,True,, 1168850142237790192 ,1.25,211188240, sync_rates_and_availability , onlyHostaway , 211188240 ,,,,9.6,,,,1.03,,,,12197483,,,,,,,,,,,,,,,,,,True,1219748302,,,,,, https://www.expedia.com/Pigeon-Forge-Hotels-Private-Indoor-Pool-Cabin-W-Game-Room-Hot-Tub.h105807446.Hotel-Information ,,False,,False,,,,,, https://www.google.com/travel/hotels/entity/CgsQuPSk6Lr6oIvWARAC/overview?g2lb=43807868 ,True,,,1, 2024-06-03 16:24:02 , https://www.vrbo.com/4037368?unitId=4611538 ,1.06,,,,False,105807446, 2024-05-28 14:54:49 ,True,False,True,True,1,,,,False,False,True,False,,, 2026-08-11 20:06:28 ,233277,,,,, approved ,40407078,1.2, active ,,,,1.05,,False,,,,173,,,,,,,False,, 2024-05-28 14:54:49 ,18629, exported ,,False,,True,True, 4037368 , https://www.vrbo.com/4037368?dateless=true ,
18629,276567, Mike Lillie 536 (BC) ,,,,False,,1,,,,, approved ,1,, 2026-08-18 20:47:40 ,True,, 1172401300669517905 ,1.25,100290800, sync_rates_and_availability , onlyHostaway , 100290800 ,,,,9.8,,,,1.03,,,,12277683,,,,,,,,,,,,,,,,,,True,1227768302,,,,,, https://www.expedia.com/Townsend-Hotels-Townsend-Gem-Retreat-With-Hot-Tub-Fire-Pit.h106153279.Hotel-Information ,,False,,False,,,,,, https://www.google.com/travel/hotels/entity/CgoQnfH1_c3lw8YhEAI=/overview?g2lb=43807868 ,True,,,1, 2024-06-14 18:14:01 , https://www.vrbo.com/4055361?unitId=4629531 ,1.06,,,,False,106153279, 2024-05-29 18:20:52 ,True,False,True,True,1,,,,False,False,True,False,,, 2026-08-18 20:41:07 ,233639,,,,, approved ,40411402,1.2, active ,,,,1.05,,False,,,,175,,,,,,,False,, 2024-05-29 18:20:52 ,18629, exported ,,False,,True,True, 4055361 , https://www.vrbo.com/4055361?dateless=true ,
18629,277224, Megan Helms 1469 (SCounty) ,,,,False,,1,,,,, approved ,1,, 2026-08-11 20:13:24 ,True,, 1178920769005422877 ,1.25,100290800, sync_rates_and_availability , onlyHostaway , 100290800 ,,,,9.9,,,,1.03,,,,12489448,,,,,,,,,,,,,,,,,,True,1248944802,,,,,, https://www.expedia.com/Sevierville-Hotels-Helms-Hollow-Theater.h106903644.Hotel-Information ,,False,,False,,,,,, https://www.google.com/travel/hotels/entity/CgoQxsTPo5a109xjEAI=/overview?g2lb=43807868 ,True,,,1, 2024-07-11 17:38:07 , https://www.vrbo.com/4097798?unitId=4671968 ,1.06,,,,False,106903644, 2024-05-31 11:55:12 ,True,False,True,True,1,,,,False,False,True,False,,, 2026-08-11 20:06:52 ,234294,,,,, approved ,40424036,1.2, active ,,,,1.05,,False,,,,177,,,,,,,False,, 2024-05-31 11:55:12 ,18629, exported ,,False,,True,True, 4097798 , https://www.vrbo.com/4097798?dateless=true ,
18629,278488, Josh Clark 224 (JC) ,,,,False,,1,,,,,,,, 2026-02-10 18:24:16 ,False,,,1.25,,, onlyHostaway ,,,,,9.9,,,,1.03,,,,,,,,,,,,,,,,,,,,,,False,,,,,,, https://www.expedia.com/Sevierville-Hotels-Cozy-Cabin-Retreat-With-Games-And-Stunning-Views.h107829496.Hotel-Information ,,False,,False,,,,,, https://www.google.com/travel/hotels/entity/CgkQyfGy75C5hHUQAg==/overview?g2lb=43807868 ,False,,,1, 2024-08-14 15:48:46 , https://www.vrbo.com/4147166?unitId=4721336 ,1.06,,,,False,107829496, 2024-06-04 17:08:27 ,True,False,True,True,1,,,,False,False,True,False,,, 2026-03-23 16:54:26 ,235558,,,,, approved ,40383439,1.2, inactive ,,,,1.05,,False,,,,178, archived ,,,,,,False,, 2024-06-04 17:08:27 ,18629, not_exported ,,False,,False,True, 4147166 , https://www.vrbo.com/4147166?dateless=true ,
18629,278492, Josh Clark 228 (JC) ,,,,False,,1,,,,,,,, 2026-02-10 18:27:11 ,False,,,1.25,,, onlyHostaway ,,,,,9.9,,,,1.03,,,,,,,,,,,,,,,,,,,,,,False,,,,,,, https://www.expedia.com/Sevierville-Hotels-Cottage-Cove-Oasis-W-Lake-View.h107829502.Hotel-Information ,,False,,False,,,,,, https://www.google.com/travel/hotels/entity/CgsQqM6JlMO08dTZARAC/overview?g2lb=43807868 ,False,,,1, 2024-08-14 15:49:14 , https://www.vrbo.com/4147167?unitId=4721337 ,1.06,,,,False,107829502, 2024-06-04 17:25:14 ,True,False,True,True,1,,,,False,False,True,False,,, 2026-03-23 16:54:54 ,235562,,,,, approved ,40434348,1.2, inactive ,,,,1.05,,False,,,,180, archived ,,,,,,False,, 2024-06-04 17:25:14 ,18629, not_exported ,,False,,False,True, 4147167 , https://www.vrbo.com/4147167?dateless=true ,
18629,278500, Nora Merriman 757 (PF) ,,,,False,,1,,,,, approved ,1,, 2026-08-11 20:12:22 ,True,, 1188355285286607225 ,1.25,100290800, sync_rates_and_availability , onlyHostaway , 100290800 ,,,,9.8,,,,1.03,,,,12532132,,,,,,,,,,,,,,,,,,True,1253213202,,,,,, https://www.expedia.com/Pigeon-Forge-Hotels-Moose-Tracks-Lodge-Hot-Tub.h107178141.Hotel-Information ,,False,,False,,,,,, https://www.google.com/travel/hotels/entity/CgoQpoej0qri2sMEEAI=/overview?g2lb=43807868 ,True,,,1, 2024-07-22 15:28:26 , https://www.vrbo.com/4112062?unitId=4686232 ,1.06,,,,False,107178141, 2024-06-04 17:44:08 ,True,False,True,True,1,,,,False,False,True,False,,, 2026-08-12 20:28:09 ,235570,,,,, rejected ,40376535,1.2, new ,,,,1.05,,False,,,,181,,,,,,,False,, 2024-06-04 17:44:08 ,18629, exported ,,False,,True,True, 4112062 , https://www.vrbo.com/4112062?dateless=true ,
18629,279197, Josh Clark 1301 (JC) ,,,,False,,1,,,,,,,, 2026-02-10 18:27:38 ,False,,,1.25,,, onlyHostaway ,,,,,9.5,,,,1.03,,,,,,,,,,,,,,,,,,,,,,False,,,,,,, https://www.expedia.com/Sevierville-Hotels-Lake-View-Serenity-Pool.h106545497.Hotel-Information ,,False,,False,,,,,, https://www.google.com/travel/hotels/entity/CgoQ4ZiJ-_b0zJh8EAI=/overview?g2lb=43807868 ,False,,,1, 2024-06-27 14:10:43 , https://www.vrbo.com/4077759?unitId=4651929 ,1.06,,,,False,106545497, 2024-06-06 14:05:12 ,True,False,True,True,1,,,,False,False,True,False,,, 2026-03-23 16:55:26 ,236266,,,,, approved ,40365975,1.2, inactive ,,,,1.05,,False,,,,183, archived ,,,,,,False,, 2024-06-06 14:05:12 ,18629, not_exported ,,False,,False,True, 4077759 , https://www.vrbo.com/4077759?dateless=true ,
18629,281864, Misty Mcintyre 2729 (SCounty) ,,,,False,,1,,,,,,,, 2024-06-19 16:13:11 ,False,,,1.25,,, onlyHostaway ,,,,,8.1,,,,1.03,,,,12328113,,,,,,,,,,,,,,,,,,True,1232811302,,,,,, https://www.expedia.com/Sevierville-Hotels-Rustic-Log-Cabin-W-Hot-Tub.h106327689.Hotel-Information ,,False,,False,,,,,, https://www.google.com/travel/hotels/entity/CgoQqN_N7vax3us7EAI=/overview?g2lb=43807868 ,True,,,1, 2024-06-20 16:17:45 , https://www.vrbo.com/4065440?unitId=4639610 ,1,,,,False,106327689, 2024-06-13 16:05:26 ,True,False,True,True,1,,,,False,False,True,False,,, 2026-08-11 20:07:23 ,238925,,,,, approved ,40413492,1.2, active ,,,,1.05,,False,,,,184,,,,,,,False,, 2024-06-13 16:05:26 ,18629, exported ,,False,,True,True, 4065440 , https://www.vrbo.com/4065440?dateless=true ,
18629,283854, Jonatan and Freddy 2225 (SCounty) ,,,,False,,1,,,,,,,, 2026-02-10 18:30:39 ,False,,,1.25,,, onlyHostaway ,,,,,9.6,,,,1.03,,,,,,,,,,,,,,,,,,,,,,False,,,,,,, https://www.expedia.com/Sevierville-Hotels-Luxury-Log-Cabin-Private-Indoor-Pool.h107265622.Hotel-Information ,,False,,False,,,,,, https://www.google.com/travel/hotels/entity/CgsQ8MCw1KXno-awARAC/overview?g2lb=43807868 ,False,,,1, 2024-07-26 18:31:51 , https://www.vrbo.com/4119649?unitId=4693819 ,1.06,,,,False,107265622, 2024-06-19 08:28:50 ,True,False,True,False,1,,,,False,False,True,False,,, 2026-02-10 18:20:56 ,240898,,,,, approved ,40378299,1.2, inactive ,,,,1.05,,False,,,,187, archived ,,,,,,False,, 2024-06-19 08:28:50 ,18629, not_exported ,,False,,False,True, 4119649 , https://www.vrbo.com/4119649?dateless=true ,
18629,286595, Chris Galea 2364 (SCounty) ,,,,False,,1,,,,,,,, 2026-02-10 18:25:37 ,False,,,1.25,,, onlyHostaway ,,,,,8.9,,,,1.03,,,,,,,,,,,,,,,,,,,,,,False,,,,,,, https://www.expedia.com/Sevierville-Hotels-Cloud-Bound-View.h107441031.Hotel-Information ,,False,,False,,,,,, https://www.google.com/travel/hotels/entity/CgoQpdyznNCc36J0EAI=/overview?g2lb=43807868 ,False,,,1, 2024-08-02 17:11:41 , https://www.vrbo.com/4129818?unitId=4703988 ,1.06,,,,False,107441031, 2024-06-27 18:27:49 ,True,False,True,True,1,,,,False,False,True,False,,, 2026-03-23 16:55:58 ,243625,,,,, approved ,40379857,1.2, inactive ,,,,1.05,,False,,,,190, archived ,,,,,,False,, 2024-06-27 18:27:49 ,18629, not_exported ,,False,,False,True, 4129818 , https://www.vrbo.com/4129818?dateless=true ,
18629,286606, Chris Galea 2360 (SCounty) ,,,,False,,1,,,,,,,, 2026-02-10 18:27:14 ,False,,,1.25,,, onlyHostaway ,,,,,9.3,,,,1.03,,,,,,,,,,,,,,,,,,,,,,False,,,,,,, https://www.expedia.com/Sevierville-Hotels-Coopers-Hawk-Pool.h107441033.Hotel-Information ,,False,,False,,,,,, https://www.google.com/travel/hotels/entity/CgoQxoD9jYiXnP4yEAI=/overview?g2lb=43807868 ,False,,,1, 2024-08-02 17:11:49 , https://www.vrbo.com/4129819?unitId=4703989 ,1.06,,,,False,107441033, 2024-06-27 18:45:15 ,True,False,True,False,1,,,,False,False,True,False,,, 2026-02-10 18:21:28 ,243636,,,,, approved ,40379859,1.2, inactive ,,,,1.05,,False,,,,193, archived ,,,,,,False,, 2024-06-27 18:45:15 ,18629, not_exported ,,False,,False,True, 4129819 , https://www.vrbo.com/4129819?dateless=true ,
18629,286615, Chris Galea 3214 ,,,,False,,1,,,,,,,, 2024-07-02 16:43:50 ,False,,,1.25,,, onlyHostaway ,,,,,9.1,,,,1.03,,,,,,,,,,,,,,,,,,,1,,,False,,,,,,, https://www.expedia.com/Sevierville-Hotels-Splash-Mountain-Pool.h107441035.Hotel-Information ,,False,,False,,,,,, https://www.google.com/travel/hotels/entity/CgsQ1-ur5-D1z6qAARAC/overview?g2lb=43807868 ,False,,,1, 2024-08-02 17:11:53 , https://www.vrbo.com/4129820?unitId=4703990 ,1.06,,,,False,107441035, 2024-06-27 19:02:08 ,True,False,True,False,1,,,,False,False,True,False,,, 2026-03-23 16:56:21 ,243645,,,,, approved ,40379861,1.2, inactive ,,,,1.05,,False,,,,197, archived ,,,,,,False,, 2024-06-27 19:02:08 ,18629, not_exported ,,False,,False,True, 4129820 , https://www.vrbo.com/4129820?dateless=true ,
18629,287651, Megan Hatcher 222-205 (KCity) ,,,,False,,1,,,,, approved ,1,, 2026-08-11 20:12:31 ,True,, 1227504277256843614 ,1.155,100290800, sync_rates_and_availability , onlyHostaway , 100290800 ,,,,9.7,,,,1.03,,,,12754084,,,,,,,,,,,,,,,,,,True,1275408402,,,,,, https://www.expedia.com/Knoxville-Hotels-Dollys-Downtown-Loft-Knoxville.h108573057.Hotel-Information ,,False,,False,,,,,, https://www.google.com/travel/hotels/entity/CgsQmtjy9-KIobHbARAC/overview?g2lb=43807868 ,True,,,1, 2024-09-05 13:49:47 , https://www.vrbo.com/4180564?unitId=4754734 ,1.06,,,,False,108573057, 2024-07-01 18:51:37 ,True,False,True,True,1,,,,False,False,True,False,,, 2026-08-11 20:07:34 ,244673,,,,, rejected ,40388615,1.2, new ,,,,1.05,,False,,,,201,,,,,,,False,, 2024-07-01 18:51:37 ,18629, exported ,,False,,True,True, 4180564 , https://www.vrbo.com/4180564?dateless=true ,
18629,287653, Lindsey Hatcher 222-206 (KCity) ,,,,False,,1,,,,, approved ,1,, 2026-08-11 20:13:13 ,True,, 1226875824649252475 ,1.155,100290800, sync_rates_and_availability , onlyHostaway , 100290800 ,,,,9.7,,,,1.03,,,,12708969,,,,,,,,,,,,,,,,,,True,1270896902,,,,,, https://www.expedia.com/Knoxville-Hotels-Scenic-City-Loft-In-Downtown-Knoxville.h108384091.Hotel-Information ,,False,,False,,,,,, https://www.google.com/travel/hotels/entity/CgsQyM_tg7uRsZqMARAC/overview?g2lb=43807868 ,True,,,1, 2024-08-27 16:13:56 , https://www.vrbo.com/4168124?unitId=4742294 ,1.06,,,,False,108384091, 2024-07-01 19:01:43 ,True,False,True,True,1,,,,False,False,True,False,,, 2026-08-11 20:07:46 ,244675,,,,, rejected ,40437428,1.2, new ,,,,1.05,,False,,,,204,,,,,,,False,, 2024-07-01 19:01:43 ,18629, exported ,,False,,True,True, 4168124 , https://www.vrbo.com/4168124?dateless=true ,
18629,288835, Athira George 1646-A (SCounty) ,,,,False,,1,,,,,,,, 2026-02-10 18:32:11 ,False,,,1.25,,, onlyHostaway ,,,,,9.3,,,,1.03,,,,,,,,,,,,,,,,,,,,,,False,,,,,,, https://www.expedia.com/Sevierville-Hotels-Mountain-Lodge-Oldham-Creek-W-Lots-Of-GAMES.h107309185.Hotel-Information ,,False,,False,,,,,, https://www.google.com/travel/hotels/entity/CgoQ7qWx6smLxN1gEAI=/overview?g2lb=43807868 ,False,,,1, 2024-07-29 17:35:49 ,,1.06,,,,False,107309185, 2024-07-04 18:55:16 ,True,False,True,False,1,,,,False,False,True,False,,, 2026-02-10 18:22:34 ,245854,,,,, approved ,40429924,1.2, inactive ,,,,1.05,,False,,,,209, archived ,,,,,,False,, 2024-07-04 18:55:16 ,18629, not_exported ,,False,,False,True, 4123256 , https://www.vrbo.com/4123256?dateless=true ,
18629,291806, Lucy McCandless 1125 (GAT) ,,,,False,,1,,,,,,,, 2024-07-29 18:46:49 ,False,,,1.25,,, onlyHostaway ,,,,,8.1,,,,1.03,,,,12743068,,,,,,,,,,,,,,,,,,True,1274306802,,,,,, https://www.expedia.com/Gatlinburg-Hotels-RidgeView-Games.h108510225.Hotel-Information ,,False,,False,,,,,, https://www.google.com/travel/hotels/entity/CgoQkPaIg6j6qcJyEAI=/overview?g2lb=43807868 ,True,,,1, 2024-09-03 13:06:08 , https://www.vrbo.com/4176705?unitId=4750875 ,1.06,,,,False,108510225, 2024-07-16 14:25:11 ,True,False,True,True,1,,,,False,False,True,False,,, 2026-09-04 17:31:47 ,248797,,,,, approved ,40387957,1.2, active ,,,,1.05,,False,,,,189,,,,,,,False,, 2024-07-16 14:25:11 ,18629, exported ,,False,,True,True, 4176705 , https://www.vrbo.com/4176705?dateless=true ,
18629,291913, Nathan Sukhia 843 (BC) ,,,,False,,1,,,,, approved ,1,, 2026-08-11 19:51:16 ,True,, 1213830708547192840 ,1.25,100290800, sync_rates_and_availability , onlyHostaway , 100290800 ,,,,9.8,,,,1.03,,,,12646678,,,,,,,,,,,,,,,,,,True,1264667802,,,,,, https://www.expedia.com/Townsend-Hotels-Firefly-Ridge-MTN-View.h107829530.Hotel-Information ,,False,,False,,,,,, https://www.google.com/travel/hotels/entity/CgoQreTItpeRkPlgEAI=/overview?g2lb=43807868 ,True,,,1, 2024-08-14 15:50:04 , https://www.vrbo.com/4147168?unitId=4721338 ,1.06,,,,False,107829530, 2024-07-16 17:56:12 ,True,False,True,True,1,,,,False,False,True,False,,, 2026-08-11 19:43:27 ,248904,,,,, approved ,40383441,1.2, active ,,,,1.05,,False,,,,191,,,,,,,False,, 2024-07-16 17:56:12 ,18629, exported ,,False,,True,True, 4147168 , https://www.vrbo.com/4147168?dateless=true ,
18629,291917, Jason Potts 2662 (SCounty) ,,,,False,,1,,,,,,,, 2026-02-10 18:31:12 ,False,,,1.25,,, onlyHostaway ,,,,,9.3,,,,1.03,,,,,,,,,,,,,,,,,,,,,,False,,,,,,, https://www.expedia.com/Sevierville-Hotels-Smoky-Mt-Cabin-W-Theater.h107713264.Hotel-Information ,,False,,False,,,,,, https://www.google.com/travel/hotels/entity/CgsQ-8i64aeMxeWEARAC/overview?g2lb=43807868 ,False,,,1, 2024-08-13 00:16:00 , https://www.vrbo.com/4143837?unitId=4718007 ,1.06,,,,False,107713264, 2024-07-16 18:09:53 ,True,False,True,False,1,,,,False,False,True,False,,, 2026-02-10 18:23:32 ,248908,,,,, approved ,40433794,1.2, inactive ,,,,1.05,,False,,,,194, archived ,,,,,,False,, 2024-07-16 18:09:53 ,18629, not_exported ,,False,,False,True, 4143837 , https://www.vrbo.com/4143837?dateless=true ,
18629,291926, Justin Goodbread 2670 (SCounty) ,,,,False,,1,,,,havenroach2023@gmail.com, approved ,1,, 2026-08-11 19:52:38 ,True,, 1242008221638017923 ,1.18,211188240, sync_rates_and_availability , onlyHostaway , 211188240 ,,,,9.8,,,,1.03,,,,12776173,,,,,,,,,,,,,,,,,,True,1277617302,,,,,, https://www.expedia.com/Sevierville-Hotels-Elevation-Escape-Pool.h108766403.Hotel-Information ,,False,,False,,,,,, https://www.google.com/travel/hotels/entity/CgsQk6u2wIeVq9OtARAC/overview?g2lb=43807868 ,True,,,1, 2024-09-10 13:22:22 , https://www.vrbo.com/4187936?unitId=4762106 ,1.06,,,,False,108766403, 2024-07-16 18:20:39 ,True,False,True,True,1,,,,False,False,True,False,,, 2026-09-03 14:31:48 ,248917,,,,, approved ,40440060,1.2, active ,,,,1.05,,False,,,,198,,,,,,,False,, 2024-07-16 18:20:39 ,18629, exported ,,False,,True,True, 4187936 , https://www.vrbo.com/4187936?dateless=true ,
18629,294804, Freddy Rivas 3316 (SCounty) ,,,,False,,1,,,,, rejected ,1,, 2024-08-21 12:43:44 ,False,,,1.25,,, onlyHostaway ,,,,,7.8,,,,1.03,,,,,,,,,,,,,,,,,,,,,,False,,,,,,, https://www.expedia.com/Sevierville-Hotels-Luxury-Cabin-W-Pool.h108573064.Hotel-Information ,,False,,False,,,,,, https://www.google.com/travel/hotels/entity/CgsQqrXOlsSO-uT_ARAC/overview?g2lb=43807868 ,False,,,1, 2024-09-04 14:36:20 , https://www.vrbo.com/4180566?unitId=4754736 ,1.06,,,,False,108573064, 2024-07-26 15:57:13 ,True,False,True,True,1,,,,False,False,True,False,,, 2026-02-10 18:24:11 ,251777,,,,, approved ,40388361,1.2, inactive ,,,,1.05,,False,,,,210, archived ,,,,,,False,, 2024-07-26 15:57:13 ,18629, not_exported ,,False,,False,True, 4180566 , https://www.vrbo.com/4180566?dateless=true ,
18629,299225, Greg Forderhase 1354 (JC) ,,,,False,,1,,,,havenroach2023@gmail.com, approved ,,, 2026-08-11 19:54:01 ,True,, 1223855718300056281 ,1.25,211188240, sync_rates_and_availability , onlyHostaway , 211188240 ,,,,9.3,,,,1.03,,,,12828180,,,,,,,,,,,,,,,,,,True,1282818002,,,,,, https://www.expedia.com/Sevierville-Hotels-Secluded-Smoky-Cabin-W-Hot-Tub.h109047447.Hotel-Information ,,False,,False,,,,,, https://www.google.com/travel/hotels/entity/CgoQhY3NtYTEmuA8EAI=/overview?g2lb=43807868 ,False,,,1, 2024-09-19 13:00:10 , https://www.vrbo.com/4203465?unitId=4777635 ,1.06,,,,False,109047447, 2024-08-13 13:53:39 ,True,False,True,True,1,,,,False,False,True,False,,, 2026-08-27 21:01:52 ,256175,,,,, approved ,40443076,1.2, inactive ,,,,1.05,,False,,,,220,,,,,,,False,, 2024-08-13 13:53:39 ,18629, not_exported ,,False,,False,True, 4203465 , https://www.vrbo.com/4203465?dateless=true ,
18629,299676, Porter Landreth 2316 (SCounty) ,,,,False,,1,,,,havenroach2023@gmail.com, approved ,1,, 2026-08-11 19:51:48 ,True,, 1228269462267295086 ,1.3,211188240, sync_rates_and_availability , onlyHostaway , 211188240 ,,,,9.4,,,,1.03,,,,12776171,,,,,,,,,,,,,,,,,,True,1277617102,,,,,, https://www.expedia.com/Sevierville-Hotels-Bear-Paddle-W-Pool.h108766407.Hotel-Information ,,False,,False,,,,,, https://www.google.com/travel/hotels/entity/CgoQpbvUyP-H5741EAI=/overview?g2lb=43807868 ,True,,,1, 2024-09-10 13:18:55 , https://www.vrbo.com/4187937?unitId=4762107 ,1.2,,,,False,108766407, 2024-08-14 14:12:52 ,True,False,True,True,1,,,,False,False,True,False,,, 2026-08-11 19:44:11 ,256626,,,,, approved ,40389233,1.2, active ,,,,1.05,,False,,,,224,,,,,,,False,, 2024-08-14 14:12:52 ,18629, exported ,,False,,True,True, 4187937 , https://www.vrbo.com/4187937?dateless=true ,
18629,303042, Freddy Rivas 2640 (SCounty) ,,,,False,,1,,,,,,,, 2026-02-10 18:33:39 ,False,,,1.25,,, onlyHostaway ,,,,,9.7,,,,1.03,,,,,,,,,,,,,,,,,,,,,,False,,,,,,, https://www.expedia.com/Sevierville-Hotels-Sevierville-Retreat-Indoor-Pool.h109342155.Hotel-Information ,,False,,False,,,,,, https://www.google.com/travel/hotels/entity/CgsQ7KqMkvKhtNaYARAC/overview?g2lb=43807868 ,False,,,1, 2024-09-26 14:13:38 , https://www.vrbo.com/4215798?unitId=4789968 ,1.06,,,,False,109342155, 2024-08-26 17:53:53 ,True,False,True,False,1,,,,False,False,True,False,,, 2026-03-23 17:04:30 ,259979,,,,, approved ,40395307,1.2, inactive ,,,,1.05,,False,,,,226, archived ,,,,,,False,, 2024-08-26 17:53:53 ,18629, not_exported ,,False,,False,True, 4215798 , https://www.vrbo.com/4215798?dateless=true ,
18629,304177, Josh Clark 232 (JC) ,,,,False,,1,,,,,,,, 2024-09-10 15:46:21 ,False,,,1.25,,, onlyHostaway ,,,,,9.2,,,,1.03,,,,,,,,,,,,,,,,,,,,,,False,,,,,,, https://www.expedia.com/Sevierville-Hotels-Bobber-Bungalow-Lake-View.h109294750.Hotel-Information ,,False,,False,,,,,, https://www.google.com/travel/hotels/entity/CgoQj7iqmpzmmpJFEAI=/overview?g2lb=43807868 ,False,,,1, 2024-09-25 11:17:54 , https://www.vrbo.com/4212527?unitId=4786697 ,1.06,,,,False,109294750, 2024-08-29 18:11:26 ,True,False,True,False,1,,,,False,False,True,False,,, 2026-03-23 17:05:00 ,261112,,,,, approved ,40394739,1.2, inactive ,,,,1.05,,False,,,,229, archived ,,,,,,False,, 2024-08-29 18:11:26 ,18629, not_exported ,,False,,False,True, 4212527 , https://www.vrbo.com/4212527?dateless=true ,
18629,304180, Josh Clark 220 (JC) ,,,,False,,1,,,,,,,, 2026-02-10 18:33:05 ,False,,,1.25,,, onlyHostaway ,,,,,9.7,,,,1.03,,,,,,,,,,,,,,,,,,,,,,False,,,,,,, https://www.expedia.com/Sevierville-Hotels-Cozy-Cove-Retreat-W-Lake-View.h109294753.Hotel-Information ,,False,,False,,,,,, https://www.google.com/travel/hotels/entity/CgsQjZDY79_Xwc6wARAC/overview?g2lb=43807868 ,False,,,1, 2024-09-25 11:18:11 , https://www.vrbo.com/4212528?unitId=4786698 ,1.06,,,,False,109294753, 2024-08-29 18:23:07 ,True,False,True,False,1,,,,False,False,True,False,,, 2026-03-23 17:05:21 ,261115,,,,, approved ,40394741,1.2, inactive ,,,,1.05,,False,,,,232, archived ,,,,,,False,, 2024-08-29 18:23:07 ,18629, not_exported ,,False,,False,True, 4212528 , https://www.vrbo.com/4212528?dateless=true ,
18629,304189, Josh Clark 424 (PF) ,,,,False,,1,,,,,,,, 2026-02-10 18:30:35 ,False,,,1.25,,, onlyHostaway ,,,,,9.9,,,,1.03,,,,,,,,,,,,,,,,,,,,,,False,,,,,,, https://www.expedia.com/Pigeon-Forge-Hotels-Black-Wood-Luxury-Cabin-Indoor-Pool.h110868711.Hotel-Information ,,False,,False,,,,,, https://www.google.com/travel/hotels/entity/CgsQkLa0q9figL7MARAC/overview?g2lb=43807868 ,False,,,1, 2024-11-18 18:06:51 , https://www.vrbo.com/4295551?unitId=4869721 ,1.06,,,,False,110868711, 2024-08-29 18:41:52 ,True,False,True,True,1,,,,False,False,True,False,,, 2026-03-23 17:05:44 ,261124,,,,, approved ,40448559,1.2, inactive ,,,,1.05,,False,,,,234, archived ,,,,,,False,, 2024-08-29 18:41:52 ,18629, not_exported ,,False,,False,True, 4295551 , https://www.vrbo.com/4295551?dateless=true ,
18629,304190, Josh Clark 420 (PF) ,,,,False,,1,,,,,,,, 2026-02-10 18:32:39 ,False,,,1.25,,, onlyHostaway ,,,,,9.6,,,,1.05,,,,,,,,,,,,,,,,,,,,,,False,,,,,,, https://www.expedia.com/Pigeon-Forge-Hotels-Private-Indoor-Pool.h109294760.Hotel-Information ,,False,,False,,,,,, https://www.google.com/travel/hotels/entity/CgkQlLLmvNOCqQIQAg==/overview?g2lb=43807868 ,False,,,1, 2024-09-25 11:18:24 , https://www.vrbo.com/4212529?unitId=4786699 ,1.06,,,,False,109294760, 2024-08-29 18:56:07 ,True,False,True,False,1,,,,False,False,True,False,,, 2026-03-23 17:06:05 ,261125,,,,,,,1.2,,,,,1.03,,False,,,,236, archived ,,,,,,False,, 2024-08-29 18:56:07 ,18629, not_exported ,,False,,False,True, 4212529 , https://www.vrbo.com/4212529?dateless=true ,
18629,304199, Freddy Rivas 1530 (SCounty) ,,,,False,,1,,,,,,,, 2026-02-10 18:34:35 ,False,,,1.25,,, onlyHostaway ,,,,,8.9,,,,1.03,,,,,,,,,,,,,,,,,,,,,,False,,,,,,,,,False,,False,,,,,, https://www.google.com/travel/hotels/entity/CgsQraL8wOLk7eieARAC/overview?g2lb=43807868 ,False,,,,,,1.06,,,,False,, 2024-08-29 19:27:01 ,True,False,True,False,1,,,,False,False,True,False,,, 2026-02-10 18:27:51 ,261134,,,,, approved ,40452737,1.2, inactive ,,,,1.05,,False,,,,239, archived ,,,,,,False,, 2024-08-29 19:27:01 ,, not_exported ,,False,,False,False,,,
18629,304203, Freddy Rivas 1614 (SCounty) ,,,,False,,1,,,,,,,, 2026-02-10 18:36:03 ,False,,,1.25,,, onlyHostaway ,,,,,10,,,,1.03,,,,,,,,,,,,,,,,,,,,,,False,,,,,,, https://www.expedia.com/Sevierville-Hotels-Roaring-View-Indoor-Pool.h110071959.Hotel-Information ,,False,,False,,,,,,,False,,,1, 2024-10-23 15:58:10 , https://ws.homeaway.com/public/listing?id=4256113vb ,1.06,,,,False,110071959, 2024-08-29 19:36:44 ,True,False,True,False,1,,,,False,False,True,False,,, 2026-03-23 16:57:13 ,261138,,,,, rejected ,40454770,1.2, new ,,,,1.05,,False,,,,242, archived ,,,,,,False,, 2024-08-29 19:36:44 ,18629, not_exported ,,False,,False,True, 4256113 , https://www.vrbo.com/4256113?dateless=true ,
18629,304212, Freddy Rivas 1628 (SCounty) ,,,,False,,1,,,,,,,, 2026-02-10 18:45:46 ,False,,,1.25,,, onlyHostaway ,,,,,9.1,,,,1.03,,,,,,,,,,,,,,,,,,,,,,False,,,,,,, https://www.expedia.com/Sevierville-Hotels-Smokey-Vista-Lodge-W-Pool.h112286674.Hotel-Information ,,False,,False,,,,,, https://www.google.com/travel/hotels/entity/CgoQruCEh_mg0eElEAI=/overview?g2lb=43807868 ,False,,,1, 2025-01-16 19:53:50 , https://www.vrbo.com/4387504?unitId=4961673 ,1.06,,,,False,112286674, 2024-08-29 19:57:04 ,True,False,True,True,1,,,,False,False,True,False,,, 2026-03-23 17:14:19 ,261147,,,,,,,1.2,,,,,1.05,,False,,,,245, archived ,,,,,,False,, 2024-08-29 19:57:04 ,18629, not_exported ,,False,,False,True, 4387504 , https://www.vrbo.com/4387504?dateless=true ,
18629,308118, Sean Gagnon 411 (GAT) ,,,,False,,1,,,,havenroach2023@gmail.com, approved ,1,, 2026-09-04 15:51:37 ,True,, 1257826967776201914 ,1.25,211188240, sync_rates_and_availability , onlyHostaway , 211188240 ,,,,9.6,,,,1.03,,,,13027836,,,,,,,,,,,,,,,,,,True,1302783602,,,,,, https://www.expedia.com/Gatlinburg-Hotels-Bigfoots-Hideout-Hot-Tub.h110271936.Hotel-Information ,,False,,False,,,,,, https://www.google.com/travel/hotels/entity/CgsQoZ_QxNOXg6XtARAC/overview?g2lb=43807868 ,True,,,1, 2024-10-30 13:19:28 , https://www.vrbo.com/4265185?unitId=4839355 ,1.06,,,,False,110271936, 2024-09-12 15:30:32 ,True,False,True,True,1,,,,False,False,True,False,,, 2026-09-04 15:51:20 ,265039,,,,, approved ,40406235,1.2, active ,,,,1.05,,False,,,,235,,,,,,,False,, 2024-09-12 15:30:32 ,18629, exported ,,False,,True,True, 4265185 , https://www.vrbo.com/4265185?dateless=true ,
18629,308123, Freddy Rivas 1654 (SCounty) ,,,,False,,1,,,,,,,, 2025-01-21 14:35:13 ,False,,,1.25,,, onlyHostaway ,,,,,8,,,,1.03,,,,,,,,,,,,,,,,,,,,,,False,,,,,,,,,False,,False,,,,,, https://www.google.com/travel/hotels/entity/CgsQ97KDysb9iq7oARAC/overview?g2lb=43807868 ,False,,,1, 2025-01-16 19:54:12 , https://www.vrbo.com/4387505?unitId=4961674 ,1.06,,,,False,112284441, 2024-09-12 15:45:02 ,True,False,True,True,1,,,,False,False,True,False,,, 2026-02-10 18:38:37 ,265044,,,,,,,1.2,,,,,1.05,,False,,,,237, archived ,,,,,,False,, 2024-09-12 15:45:02 ,18629, not_exported ,,False,,False,True, 4387505 , https://www.vrbo.com/4387505?dateless=true ,
18629,311934, Amit Chowdhary 770 (SCounty) ,,,,False,,1,,,,david832haven@gmail.com, approved ,1,, 2026-08-11 19:51:15 ,True,, 1260103066392270774 ,1.3,279783412, sync_rates_and_availability , onlyHostaway , 279783412 ,,,,9.6,,,,1.03,,,,12994333,,,,,,,,,,,,,,,,,,True,1299433302,,,,,, https://www.expedia.com/Sevierville-Hotels-Maya-W-Indoor-Pool.h110071979.Hotel-Information ,,False,,False,,,,,, https://www.google.com/travel/hotels/entity/CgsQ35jVv52QhP7lARAC/overview?g2lb=43807868 ,True,,,1, 2024-10-23 15:58:27 , https://www.vrbo.com/4256115?unitId=4830285 ,1.2,,,,False,110071979, 2024-09-25 16:23:44 ,True,False,True,True,1,,,,False,False,True,False,,, 2026-08-24 17:46:33 ,268838,,,,, approved ,40454772,1.2, active ,,,,1.05,,False,,,,240,,,,,,,False,, 2024-09-25 16:23:44 ,18629, exported ,,False,,True,True, 4256115 , https://www.vrbo.com/4256115?dateless=true ,
18629,312677, Brett Sipperley 1205 (SCounty) ,,,,False,,1,,,,,,,, 2026-02-10 18:38:58 ,False,,,1.25,,, onlyHostaway ,,,,,8,,,,1.03,,,,,,,,,,,,,,,,,,,,,,False,,,,,,, https://www.expedia.com/Gatlinburg-Hotels-Pine-Top-Vista-W-Views.h110071984.Hotel-Information ,,False,,False,,,,,, https://www.google.com/travel/hotels/entity/CgoQoKya083TyYdDEAI=/overview?g2lb=43807868 ,False,,,1, 2024-10-23 15:58:41 , https://www.vrbo.com/4256117?unitId=4830287 ,1.06,,,,False,110071984, 2024-09-27 15:41:14 ,True,False,True,False,1,,,,False,False,True,False,,, 2026-03-23 16:57:58 ,269573,,,,, approved ,40454774,1.2, inactive ,,,,1.05,,False,,,,243, archived ,,,,,,False,, 2024-09-27 15:41:14 ,18629, not_exported ,,False,,False,True, 4256117 , https://www.vrbo.com/4256117?dateless=true ,
18629,312679, Jace and Katty Eichorn 1525 (GAT) ,,,,False,,1,,,,david832haven@gmail.com, approved ,1,, 2026-08-11 19:54:33 ,True,, 1259341099836271491 ,1.18,279783412, sync_rates_and_availability , onlyHostaway , 279783412 ,,,,9.7,,,,1.03,,,,13015768,,,,,,,,,,,,,,,,,,True,1301576802,,,,,, https://www.expedia.com/Gatlinburg-Hotels-Magnificent-View-Hot-Tub.h109456199.Hotel-Information ,,False,,False,,,,,, https://www.google.com/travel/hotels/entity/CgsQjJvF0qGTyO_zARAC/overview?g2lb=43807868 ,True,,,1, 2024-10-02 19:55:51 , https://www.vrbo.com/4224296?unitId=4798466 ,1.06,,,,False,109456199, 2024-09-27 15:51:21 ,True,False,True,True,1,,,,False,False,True,False,,, 2026-08-16 14:18:27 ,269575,,,,, approved ,40405293,1.2, active ,,,,1.05,,False,,,,246,,,,,,,False,, 2024-09-27 15:51:21 ,18629, exported ,,False,,True,True, 4224296 , https://www.vrbo.com/4224296?dateless=true ,
18629,312687, Nick Ellis 4029 (SCounty) ,,,,False,,1,,,,,,,, 2024-10-10 15:32:46 ,False,,,1.25,,, onlyHostaway ,,,,,9.5,,,,1.03,,,,,,,,,,,,,,,,,,,,,,False,,,,,,, https://www.expedia.com/Sevierville-Hotels.d6814.Travel-Guide-Hotels ,,False,,False,,,,,, https://www.google.com/travel/hotels/entity/CgoQtqW3jeSq44lQEAI=/overview?g2lb=43807868 ,False,,,1, 2024-10-24 13:18:33 , https://www.vrbo.com/4256119?unitId=4830289 ,1.06,,,,False,110072011, 2024-09-27 16:03:11 ,True,False,True,False,1,,,,False,False,True,False,,, 2026-02-10 18:29:24 ,269583,,,,, approved ,40403861,1.2, inactive ,,,,1.05,,False,,,,248, archived ,,,,,,False,, 2024-09-27 16:03:11 ,18629, not_exported ,,False,,False,True, 4256119 , https://www.vrbo.com/4256119?dateless=true ,
18629,318372, Jason Whitehead 659 (GAT) ,,,,False,,1,,,,david832haven@gmail.com, approved ,1,, 2026-08-11 19:54:21 ,True,, 1275386316844709888 ,1.25,279783412, sync_rates_and_availability , onlyHostaway , 279783412 ,,,,9.3,,,,1.03,,,,13083954,,,,,,,,,,,,,,,,,,True,1308395402,,,,,, https://www.expedia.com/Gatlinburg-Hotels-Bears-Corner-W-Hot-Tub.h110682229.Hotel-Information ,,False,,False,,,,,, https://www.google.com/travel/hotels/entity/CgsQ1riM8L-l56-RARAC/overview?g2lb=43807868 ,True,,,1, 2024-11-11 17:41:27 , https://www.vrbo.com/4284785?unitId=4858955 ,1.06,,,,False,110682229, 2024-10-16 14:40:17 ,True,False,True,True,1,,,,False,False,True,False,,, 2026-08-24 02:47:43 ,275253,,,,, approved ,40420071,1.2, active ,,,,1.05,,False,,,,250,,,,,,,False,, 2024-10-16 14:40:17 ,18629, exported ,,False,,True,True, 4284785 , https://www.vrbo.com/4284785?dateless=true ,
18629,318409, Josh Clark 128 (JC) ,,,,False,,1,,,,,,,, 2026-02-10 18:33:33 ,False,,,1.25,,, onlyHostaway ,,,,,8.2,,,,1.03,,,,,,,,,,,,,,,,,,,,,,False,,,,,,, https://www.expedia.com/Anchors-Retreat-Hot-Tub.h110868712.Hotel-Information ,,False,,False,,,,,, https://www.google.com/travel/hotels/entity/CgoQiNSO1ePhgaVWEAI=/overview?g2lb=43807868 ,False,,,1, 2024-11-18 18:06:16 , https://www.vrbo.com/4295553?unitId=4869723 ,1.06,,,,False,110868712, 2024-10-16 15:03:55 ,True,False,True,False,1,,,,False,False,True,False,,, 2026-03-23 16:58:53 ,275290,,,,, rejected ,40448555,1.2, new ,,,,1.05,,False,,,,252, archived ,,,,,,False,, 2024-10-16 15:03:55 ,18629, not_exported ,,False,,False,True, 4295553 , https://www.vrbo.com/4295553?dateless=true ,
18629,318419, Josh Clark 130 (JC) ,,,,False,,1,,,,,,,, 2026-02-10 18:34:19 ,False,,,1.25,,, onlyHostaway ,,,,,10,,,,1.03,,,,,,,,,,,,,,,,,,,,,,False,,,,,,, https://www.expedia.com/Sevierville-Hotels-Charmed-Waters-Cottage-Lake-View.h110868714.Hotel-Information ,,False,,False,,,,,, https://www.google.com/travel/hotels/entity/CgsQo9-Ns63u4cPcARAC/overview?g2lb=43807868 ,False,,,1, 2024-11-18 18:06:33 , https://ws.homeaway.com/public/listing?id=4295554vb ,1.06,,,,False,110868714, 2024-10-16 15:44:15 ,True,False,True,True,1,,,,False,False,True,False,,, 2026-03-23 16:59:15 ,275300,,,,, rejected ,40495610,1.2, new ,,,,1.05,,False,,,,255, archived ,,,,,,False,, 2024-10-16 15:44:15 ,18629, not_exported ,,False,,False,True, 4295554 , https://www.vrbo.com/4295554?dateless=true ,
18629,318435, Mark Coburn 2034 (PF) ,,,,False,,1,,,,,,,, 2026-02-10 18:36:54 ,False,,,1.25,,, onlyHostaway ,,,,,10,,,,1.03,,,,,,,,,,,,,,,,,,,,,,False,,,,,,, https://www.expedia.com/Pigeon-Forge-Hotels-Mountain-Escape-Charming-Cottage-W-Fire-Pit-Fall-Views.h110685521.Hotel-Information ,,False,,False,,,,,, https://www.google.com/travel/hotels/entity/CgsQ8rTc14PAk8zrARAC/overview?g2lb=43807868 ,False,,,1, 2024-11-11 17:41:40 ,,1.06,,,,False,110685521, 2024-10-16 16:07:03 ,True,False,True,False,1,,,,False,False,True,False,,, 2026-03-23 16:59:40 ,275316,,,,, approved ,40469206,1.2, inactive ,,,,1.05,,False,,,,257, archived ,,,,,,False,, 2024-10-16 16:07:03 ,18629, not_exported ,,False,,False,True, 4284787 , https://www.vrbo.com/4284787?dateless=true ,
18629,318443, Abhi Kulkarni 824 (GAT) ,,,,False,,1,,,,david832haven@gmail.com, approved ,1,, 2026-08-19 13:16:56 ,True,, 1273921927938168521 ,1.25,279783412, sync_rates_and_availability , onlyHostaway , 279783412 ,,,,9.3,,,,1.03,,,,13015766,,,,,,,,,,,,,,,,,,True,1301576602,,,,,, https://www.expedia.com/Gatlinburg-Hotels-Birchwood-Bliss-Fireplace.h110231654.Hotel-Information ,,False,,False,,,,,, https://www.google.com/travel/hotels/entity/CgoQ69Whv82K6OZBEAI=/overview?g2lb=43807868 ,True,,,1, 2024-10-28 18:24:03 , https://www.vrbo.com/4263457?unitId=4837627 ,1.06,,,,False,110231654, 2024-10-16 16:23:04 ,True,False,True,True,1,,,,False,False,True,False,,, 2026-08-11 19:45:19 ,275324,,,,, approved ,40456576,1.2, active ,,,,1.05,,False,,,,259,,,,,,,False,, 2024-10-16 16:23:04 ,18629, exported ,,False,,True,True, 4263457 , https://www.vrbo.com/4263457?dateless=true ,
18629,319212, Shaun Halberstadt 411 (PF) ,,,,False,,1,,,,,,,, 2026-02-10 18:36:25 ,False,,,1.25,,, onlyHostaway ,,,,,9.6,,,,1.03,,,,,,,,,,,,,,,,,,,,,,False,,,,,,, https://www.expedia.com/Pigeon-Forge-Hotels-Hidden-Trail-Cabin-Pool.h113449034.Hotel-Information ,,False,,False,,,,,, https://www.google.com/travel/hotels/entity/CgoQirHj3pvp5u8qEAI=/overview?g2lb=43807868 ,False,,,1, 2025-02-26 21:06:45 , https://www.vrbo.com/4455756?unitId=5029924 ,1.06,,,,False,113449034, 2024-10-18 19:38:50 ,True,False,True,True,1,,,,False,False,True,False,,, 2026-03-23 17:00:17 ,276093,,,,, approved ,40537316,1.2, inactive ,,,,1.05,,False,,,,261, archived ,,,,,,False,, 2024-10-18 19:38:50 ,18629, not_exported ,,False,,False,True, 4455756 , https://www.vrbo.com/4455756?dateless=true ,
18629,319217, Shaun Halberstadt 542 (PF) ,,,,False,,1,,,,,,,, 2026-02-10 18:37:19 ,False,,,1.25,,, onlyHostaway ,,,,,9.4,,,,1.03,,,,,,,,,,,,,,,,,,,,,,False,,,,,,, https://www.expedia.com/Pigeon-Forge-Hotels-Stunning-Heights-RetreatHot-Tub.h112075513.Hotel-Information ,,False,,False,,,,,, https://www.google.com/travel/hotels/entity/CgsQneWY_YKd2fHtARAC/overview?g2lb=43807868 ,False,,,1, 2025-01-09 17:51:30 , https://www.vrbo.com/4375203?unitId=4949373 ,1.06,,,,False,112075513, 2024-10-18 20:05:23 ,True,False,True,True,1,,,,False,False,True,False,,, 2026-03-23 17:01:23 ,276098,,,,, approved ,40473111,1.2, inactive ,,,,1.05,,False,,,,263, archived ,,,,,,False,, 2024-10-18 20:05:23 ,18629, not_exported ,,False,,False,True, 4375203 , https://www.vrbo.com/4375203?dateless=true ,
18629,320084, Andrea Cobrin 3008 (SCounty) ,,,,False,,1,,,,,,,, 2024-10-24 16:53:16 ,False,,,1.25,,, onlyHostaway ,,,,,8.9,,,,1,,,,,,,,,,,,,,,,,,,,,,False,,,,,,, https://www.expedia.com/Sevierville-Hotels-Mountain-Hideaway-Pool.h110553127.Hotel-Information ,,False,,False,,,,,, https://www.google.com/travel/hotels/entity/CgsQjNSmgOq30LXoARAC/overview?g2lb=43807868 ,False,,,1, 2024-11-07 13:48:49 , https://www.vrbo.com/4277644?unitId=4851814 ,1,,,,False,110553127, 2024-10-22 14:43:29 ,True,False,True,False,1,,,,False,False,True,False,,, 2026-03-23 17:03:52 ,276963,,,,, approved ,40408443,1.2, inactive ,,,,1.05,,False,,,,265, archived ,,,,,,False,, 2024-10-22 14:43:29 ,18629, not_exported ,,False,,False,True, 4277644 , https://www.vrbo.com/4277644?dateless=true ,
18629,320089, Chad McDaniel 3012 (SCounty) ,,,,False,,1,,,,david832haven@gmail.com, approved ,1,, 2026-08-11 19:57:59 ,True,, 1274697440937786228 ,1.25,279783412, sync_rates_and_availability , onlyHostaway , 279783412 ,,,,9,,,,1.03,,,,13064889,,,,,,,,,,,,,,,,,,True,1306488902,,,,,, https://www.expedia.com/Sevierville-Hotels-Mountain-Haven-Hot-Tub.h110552401.Hotel-Information ,,False,,False,,,,,, https://www.google.com/travel/hotels/entity/CgoQ6vP_p-_OlvNtEAI=/overview?g2lb=43807868 ,True,,,1, 2024-11-07 13:58:41 , https://www.vrbo.com/4277645?unitId=4851815 ,1.06,,,,False,110552401, 2024-10-22 15:01:05 ,True,False,True,True,1,,,,False,False,True,False,,, 2026-08-11 19:45:31 ,276968,,,,, approved ,40408447,1.2, active ,,,,1.05,,False,,,,267,,,,,,,False,, 2024-10-22 15:01:05 ,18629, exported ,,False,,True,True, 4277645 , https://www.vrbo.com/4277645?dateless=true ,
18629,322142, Kathleen Atkins 2417 (KCounty) ,,,,False,,1,,,,, approved ,1,, 2026-08-11 19:54:30 ,True,, 1284836405592941713 ,1.155,100290800, sync_rates_and_availability , onlyHostaway , 100290800 ,,,,9.9,,,,1.03,,,,13103828,,,,,,,,,,,,,,,,,,True,1310382802,,,,,, https://www.expedia.com/Knoxville-Hotels-Cozy-Cabin-In-The-Woods-W-Playroom.h110740938.Hotel-Information ,,False,,False,,,,,, https://www.google.com/travel/hotels/entity/CgsQp-bIp7XRz4itARAC/overview?g2lb=43807868 ,True,,,1, 2024-11-13 19:59:05 , https://www.vrbo.com/4288574?unitId=4862744 ,1.06,,,,False,110740938, 2024-10-29 13:57:20 ,True,False,True,True,1,,,,False,False,True,False,,, 2026-08-11 19:45:43 ,279011,,,,, approved ,40470616,1.2, active ,,,,1.05,,False,,,,269,,,,,,,False,, 2024-10-29 13:57:20 ,18629, exported ,,False,,True,True, 4288574 , https://www.vrbo.com/4288574?dateless=true ,
18629,322578, Dustin Greenwell 2921 (SCounty) ,,,,False,,1,,,,,,,, 2026-02-10 18:41:03 ,False,,,1.25,,, onlyHostaway ,,,,,10,,,,1.03,,,,,,,,,,,,,,,,,,,,,,False,,,,,,,,,False,,False,,,,,, https://www.google.com/travel/hotels/entity/CgsQs-iklPju_6quARAC/overview?g2lb=43807868 ,False,,,1, 2024-11-27 15:59:42 , https://www.vrbo.com/4309973?unitId=4884143 ,1.06,,,,False,111127962, 2024-10-30 14:39:08 ,True,False,True,False,1,,,,False,False,True,False,,, 2026-03-23 17:09:11 ,279447,,,,, approved ,40452731,1.2, inactive ,,,,1.05,,False,,,,271, archived ,,,,,,False,, 2024-10-30 14:39:08 ,18629, not_exported ,,False,,False,True, 4309973 , https://www.vrbo.com/4309973?dateless=true ,
18629,322586, Chris Scarth 1091 (SCounty) ,,,,False,,1,,,,david832haven@gmail.com, approved ,1,, 2026-08-11 19:56:39 ,True,, 1285484286592569650 ,1.25,279783412, sync_rates_and_availability , onlyHostaway , 279783412 ,,,,9.5,,,,1.03,,,,13122293,,,,,,,,,,,,,,,,,,True,1312229302,,,,,, https://www.expedia.com/Sevierville-Hotels-Highland-Haven-W-Hot-Tub.h110868731.Hotel-Information ,,False,,False,,,,,, https://www.google.com/travel/hotels/entity/CgoQiovL5KSHsMFFEAI=/overview?g2lb=43807868 ,True,,,1, 2024-11-18 18:05:45 , https://www.vrbo.com/4295555?unitId=4869725 ,1.06,,,,False,110868731, 2024-10-30 15:07:59 ,True,False,True,True,1,,,,False,False,True,False,,, 2026-08-11 19:46:02 ,279455,,,,, approved ,40448553,1.2, active ,,,,1.05,,False,,,,273,,,,,,,False,, 2024-10-30 15:07:59 ,18629, exported ,,False,,True,True, 4295555 , https://www.vrbo.com/4295555?dateless=true ,
18629,322672, Jeanine Roddy 2940 (KCity) ,,,,False,,1,,,,, approved ,1,, 2026-08-24 19:33:12 ,True,, 1295682820569244986 ,1.155,100290800, sync_rates_and_availability , onlyHostaway , 100290800 ,,,,9.8,,,,1.03,,,,13406579,,,,,,,,,,,,,,,,,,True,1340657902,,,,,, https://www.expedia.com/Knoxville-Hotels-Modern-Cityscape-Downtown-Knoxville.h112075517.Hotel-Information ,,False,,False,,,,,, https://www.google.com/travel/hotels/entity/CgsQy5KUt_Dy2ZCOARAC/overview?g2lb=43807868 ,True,,,1, 2025-01-10 13:03:20 , https://www.vrbo.com/4375204?unitId=4949374 ,1.06,,,,False,112075517, 2024-10-30 19:10:14 ,True,False,True,True,1,,,,False,False,True,False,,, 2026-08-24 19:27:00 ,279541,,,,, approved ,40519408,1.2, active ,,,,1.05,,False,,,,276,,,,,,,False,, 2024-10-30 19:10:14 ,18629, exported ,,False,,True,True, 4375204 , https://www.vrbo.com/4375204?dateless=true ,
18629,323220, Vince Palmieri 2844 (SCounty) ,,,,False,,1,,,,,,,, 2026-02-10 18:40:40 ,False,,,1.25,,, onlyHostaway ,,,,,9.9,,,,1.03,,,,,,,,,,,,,,,,,,,,,,False,,,,,,, https://www.expedia.com/Sevierville-Hotels-Mystic-Sunrise-Views.h112076585.Hotel-Information ,,False,,False,,,,,, https://www.google.com/travel/hotels/entity/CgoQovvFyqDPzeNMEAI=/overview?g2lb=43807868 ,False,,,1, 2025-01-09 18:40:21 , https://www.vrbo.com/4375205?unitId=4949375 ,1.06,,,,False,112076585, 2024-11-01 06:45:39 ,True,False,True,True,1,,,,False,False,True,False,,, 2026-02-10 18:35:51 ,280083,,,,, approved ,40519140,1.2, inactive ,,,,1.05,,False,,,,279, archived ,,,,,,False,, 2024-11-01 06:45:39 ,18629, not_exported ,,False,,False,True, 4375205 , https://www.vrbo.com/4375205?dateless=true ,
18629,325569, Josh Clark 721 (PF) ,,,,False,,1,,,,,,,, 2026-02-10 18:42:56 ,False,,,1.25,,, onlyHostaway ,,,,,9.3,,,,1.03,,,,,,,,,,,,,,,,,,,,,,False,,,,,,, https://www.expedia.com/Pigeon-Forge-Hotels-Luxury-Smoky-Mtn-Cabin-Indoor-Pool.h111161319.Hotel-Information ,,False,,False,,,,,, https://www.google.com/travel/hotels/entity/CgoQscjJrqP68usNEAI=/overview?g2lb=43807868 ,False,,,1, 2024-11-29 17:07:28 , https://www.vrbo.com/4311935?unitId=4886105 ,1.06,,,,False,111161319, 2024-11-07 21:09:15 ,True,False,True,True,1,,,,False,False,True,False,,, 2026-03-23 17:10:30 ,282432,,,,, approved ,40500452,1.2, inactive ,,,,1.05,,False,,,,281, archived ,,,,,,False,, 2024-11-07 21:09:15 ,18629, not_exported ,,False,,False,True, 4311935 , https://www.vrbo.com/4311935?dateless=true ,
18629,328305, Jordan Wilkerson 1304-A (BC) ,,,,False,,1,,,,,,,, 2026-02-10 18:42:06 ,False,,,1.25,,, onlyHostaway ,,,,,9.8,,,,1.03,,,,,,,,,,,,,,,,,,,,,,False,,,,,,, https://www.expedia.com/Alcoa-Hotels-White-Nest-Retreat-LUX-Updates-5-Mins-From-TYS.h111642156.Hotel-Information ,,False,,False,,,,,, https://www.google.com/travel/hotels/entity/CgsQ5fy5z7bPmuTEARAC/overview?g2lb=43807868 ,False,,,1, 2024-12-17 17:40:07 , https://www.vrbo.com/4341278?unitId=4915448 ,1.06,,,,False,111642156, 2024-11-13 16:46:22 ,True,False,True,True,1,,,,False,False,True,False,,, 2026-02-10 18:36:23 ,285161,,,,, rejected ,40460777,1.2, new ,,,,1.05,,False,,,,283, archived ,,,,,,False,, 2024-11-13 16:46:22 ,18629, not_exported ,,False,,False,True, 4341278 , https://www.vrbo.com/4341278?dateless=true ,
18629,328412, Freddy Rivas Combo 723/731 (SCounty) ,,,,False,,1,,,,,,,, 2026-02-10 18:45:32 ,False,,,1.25,,, onlyHostaway ,,,,,,,,,1.03,,,,,,,,,,,,,,,,,,,,,,False,,,,,,, https://www.expedia.com/Sevierville-Hotels-Smoky-Mountain-Retreat-W-Indoor-Pool.h111672807.Hotel-Information ,,False,,False,,,,,,,False,,,1, 2024-12-19 05:44:12 , https://www.vrbo.com/4343084?unitId=4917254 ,1.06,,,,False,111672807, 2024-11-13 21:07:09 ,True,False,True,False,1,,,,False,False,True,False,,, 2026-02-10 18:36:42 ,285268,,,,, approved ,40567819,1.2, inactive ,,,,1.05,,False,,,,285, archived ,,,,,,False,, 2024-11-13 21:07:09 ,18629, not_exported ,,False,,False,True, 4343084 , https://www.vrbo.com/4343084?dateless=true ,
18629,330381, Angela Newell 1428 (GAT) ,,,,False,,1,,,,david832haven@gmail.com, approved ,1,, 2026-08-11 19:54:30 ,True,, 1308746752436501294 ,1.18,279783412, sync_rates_and_availability , onlyHostaway , 279783412 ,,,,9.9,,,,1.03,,,,13401560,,,,,,,,,,,,,,,,,,True,1340156002,,,,,, https://www.expedia.com/Gatlinburg-Hotels-Heights-Retreat-Mountain-Views-Hot-Tub.h112076246.Hotel-Information ,,False,,False,,,,,, https://www.google.com/travel/hotels/entity/CgsQh8qusq_HoN2QARAC/overview?g2lb=43807868 ,True,,,1, 2025-01-09 18:14:49 , https://www.vrbo.com/4375206?unitId=4949376 ,1.06,,,,False,112076246, 2024-11-18 19:33:55 ,True,False,True,True,1,,,,False,False,True,False,,, 2026-08-11 19:46:26 ,287237,,,,, approved ,40473115,1.2, active ,,,,1.05,,False,,,,288,,,,,,,False,, 2024-11-18 19:33:55 ,18629, exported ,,False,,True,True, 4375206 , https://www.vrbo.com/4375206?dateless=true ,
18629,331371, Freddy Rivas Combo 1628/1654 (SCounty) ,,,,False,,1,,,,,,,, 2026-02-10 18:46:13 ,False,,,1.25,,, onlyHostaway ,,,,,,,,,1.03,,,,,,,,,,,,,,,,,,,,,,False,,,,,,, https://www.expedia.com/Sevierville-Hotels-2-Smoky-Mountain-Cabins-W-Hot-Tub.h111671999.Hotel-Information ,,False,,False,,,,,, https://www.google.com/travel/hotels/entity/CgoQktLe0KimoNYQEAI=/overview?g2lb=43807868 ,False,,,1, 2024-12-19 05:48:31 ,,1.06,,,,False,111671999, 2024-11-20 13:02:11 ,True,False,True,False,1,,,,False,False,True,False,,, 2026-02-10 18:37:58 ,288223,,,,,,,1.2,,,,,1.05,,False,,,,290, archived ,,,,,,False,, 2024-11-20 13:02:11 ,18629, not_exported ,,False,,False,True, 4343085 , https://www.vrbo.com/4343085?dateless=true ,
18629,331435, Paul Leamon 1120 (GAT) ,,,,False,,1,,,,david832haven@gmail.com, approved ,1,, 2026-08-11 19:57:17 ,True,, 1294218930600657784 ,1.3,279783412, sync_rates_and_availability , onlyHostaway , 279783412 ,,,,9.4,,,,1.03,,,,13277097,,,,,,,,,,,,,,,,,,True,1327709702,,,,,, https://www.expedia.com/Gatlinburg-Hotels-Hillbilly-Hilton-Hot-Tub.h111642168.Hotel-Information ,,False,,False,,,,,, https://www.google.com/travel/hotels/entity/CgoQzIu_ifGMnfIpEAI=/overview?g2lb=43807868 ,True,,,1, 2024-12-17 15:05:33 , https://www.vrbo.com/4341283?unitId=4915453 ,1.2,,,,False,111642168, 2024-11-20 16:37:07 ,True,False,True,True,1,,,,False,False,True,False,,, 2026-08-11 19:46:38 ,288287,,,,, approved ,40460775,1.2, active ,,,,1.05,,False,,,,293,,,,,,,False,, 2024-11-20 16:37:07 ,18629, exported ,,False,,True,True, 4341283 , https://www.vrbo.com/4341283?dateless=true ,
18629,332071, Monte Leonhart 534 (GAT) ,,,,False,,1,,,,david832haven@gmail.com, approved ,,, 2026-08-11 19:56:07 ,True,, 1295054209527117730 ,1.25,279783412, sync_rates_and_availability , onlyHostaway , 279783412 ,,,,9.9,,,,1.03,,,,13277490,,,,,,,,,,,,,,,,,,True,1327749002,,,,,, https://www.expedia.com/Gatlinburg-Hotels-Mystical-Morning-Hot-Tub.h111642172.Hotel-Information ,,False,,False,,,,,, https://www.google.com/travel/hotels/entity/CgsQ2ZWXgeWjzdj7ARAC/overview?g2lb=43807868 ,False,,,1, 2024-12-17 15:24:49 , https://www.vrbo.com/4341285?unitId=4915455 ,1.06,,,,False,111642172, 2024-11-21 20:12:26 ,True,False,True,True,1,,,,False,False,True,False,,, 2026-08-11 19:47:15 ,288923,,,,,,,1.2,,,,,1.05,,False,,,,296,,,,,,,False,, 2024-11-21 20:12:26 ,18629, not_exported ,,False,,False,True, 4341285 , https://www.vrbo.com/4341285?dateless=true ,
18629,332092, Renee Carter 123 (BC) ,,,,False,,1,,,,david832haven@gmail.com, approved ,1,, 2026-08-11 19:55:55 ,True,, 1295060189306366955 ,1.25,279783412, sync_rates_and_availability , onlyHostaway , 279783412 ,,,,9.1,,,,1.03,,,,13277489,,,,,,,,,,,,,,,,,,True,1327748902,,,,,, https://www.expedia.com/Townsend-Hotels-Peaceful-Heights-With-Cozy-Decks-And-Smart-TVs.h111642184.Hotel-Information ,,False,,False,,,,,, https://www.google.com/travel/hotels/entity/CgsQ0JGJh4rhlfDuARAC/overview?g2lb=43807868 ,True,,,1, 2024-12-17 15:24:08 , https://www.vrbo.com/4341289?unitId=4915459 ,1.06,,,,False,111642184, 2024-11-21 20:23:44 ,True,False,True,True,1,,,,False,False,True,False,,, 2026-08-11 19:47:37 ,288944,,,,,,,1,,,,,1.05,,False,,,,298,,,,,,,False,, 2024-11-21 20:23:44 ,18629, exported ,,False,,True,True, 4341289 , https://www.vrbo.com/4341289?dateless=true ,
18629,336439, Nicole Allison 3690 (PF) ,,,,False,,1,,,,david832haven@gmail.com, approved ,1,, 2026-08-11 19:58:31 ,True,, 1360190750635334286 ,1.25,279783412, sync_rates_and_availability , onlyHostaway , 279783412 ,,,,9.3,,,,1.03,,,,13767732,,,,,,,,,,,,,,,,,,True,1376773202,,,,,, https://www.expedia.com/Pigeon-Forge-Hotels-Hillside-Hideaway-Community-Pool.h113830467.Hotel-Information ,,False,,False,,,,,, https://www.google.com/travel/hotels/entity/CgoQh6z39r2IioEXEAI=/overview?g2lb=43807868 ,True,,,1, 2025-03-12 18:37:58 , https://www.vrbo.com/4479559?unitId=5053727 ,1.06,,,,False,113830467, 2024-12-03 13:42:13 ,True,False,True,True,1,,,,False,False,True,False,,, 2026-08-11 19:47:49 ,293211,,,,, rejected ,40497485,1.2, new ,,,,1.05,,False,,,,291,,,,,,,False,, 2024-12-03 13:42:13 ,18629, exported ,,False,,True,True, 4479559 , https://www.vrbo.com/4479559?dateless=true ,
18629,336450, Chris Montagna 2104 (SCounty) ,,,,False,,1,,,,david832haven@gmail.com, approved ,1,, 2026-08-11 19:57:11 ,True,, 1303572731300488408 ,1.25,279783412, sync_rates_and_availability , onlyHostaway , 279783412 ,,,,9.9,,,,1.03,,,,13401552,,,,,,,,,,,,,,,,,,True,1340155202,,,,,, https://www.expedia.com/Sevierville-Hotels-Peaky-Woods-Cabin-Hot-Tub.h112075534.Hotel-Information ,,False,,False,,,,,, https://www.google.com/travel/hotels/entity/CgoQysmAmJX62f4rEAI=/overview?g2lb=43807868 ,True,,,1, 2025-01-09 17:33:58 , https://www.vrbo.com/4375207?unitId=4949377 ,1.06,,,,False,112075534, 2024-12-03 14:12:40 ,True,False,True,True,1,,,,False,False,True,False,,, 2026-08-11 19:48:02 ,293222,,,,, approved ,40519136,1.2, active ,,,,1.05,,False,,,,294,,,,,,,False,, 2024-12-03 14:12:40 ,18629, exported ,,False,,True,True, 4375207 , https://www.vrbo.com/4375207?dateless=true ,
18629,337073, Josh Clark 705 (PF) ,,,,False,,1,,,,,,,, 2026-02-10 18:46:01 ,False,,,1.25,,, onlyHostaway ,,,,,9.9,,,,1.03,,,,,,,,,,,,,,,,,,,,,,False,,,,,,, https://www.expedia.com/Pigeon-Forge-Hotels-Striking-Black-Modern-Cabin-W-Private-Indoor-Pool-Arcade.h111642192.Hotel-Information ,,False,,False,,,,,, https://www.google.com/travel/hotels/entity/CgoQ7qD7mbrktPpZEAI=/overview?g2lb=43807868 ,False,,,1, 2024-12-17 15:23:59 , https://www.vrbo.com/4341292?unitId=4915462 ,1.06,,,,False,111642192, 2024-12-04 18:39:59 ,True,False,True,False,1,,,,False,False,True,False,,, 2026-03-23 17:15:50 ,293834,,,,,,,1,,,,,1.05,,False,,,,274, archived ,,,,,,False,, 2024-12-04 18:39:59 ,18629, not_exported ,,False,,False,True, 4341292 , https://www.vrbo.com/4341292?dateless=true ,
18629,337133, Josh Clark 709 (PF) ,,,,False,,1,,,,,,,, 2026-02-10 18:46:59 ,False,,,1.25,,, onlyHostaway ,,,,,9.8,,,,1.03,,,,,,,,,,,,,,,,,,,,,,False,,,,,,, https://www.expedia.com/Pigeon-Forge-Hotels-Grand-Luxury-Retreat-Indoor-Pool.h111642199.Hotel-Information ,,False,,False,,,,,, https://www.google.com/travel/hotels/entity/CgoQorjZ_LzesrIgEAI=/overview?g2lb=43807868 ,False,,,1, 2024-12-17 15:23:54 , https://www.vrbo.com/4341295?unitId=4915465 ,1.06,,,,False,111642199, 2024-12-04 20:27:26 ,True,False,True,False,1,,,,False,False,True,False,,, 2026-03-23 17:16:14 ,293894,,,,,,,1,,,,,1.05,,False,,,,277, archived ,,,,,,False,, 2024-12-04 20:27:26 ,18629, not_exported ,,False,,False,True, 4341295 , https://www.vrbo.com/4341295?dateless=true ,
18629,343231, Kachi Nwabuko 2087 (SCounty) ,,,,False,,1,,,,,,,, 2025-01-01 14:55:42 ,False,,,1.25,,, onlyHostaway ,,,,,7,,,,1.03,,,,13638110,,,,,,,,,,,,,,,,,,True,1363811002,,,,,, https://www.expedia.com/Sevierville-Hotels-Galaxy-Splash-Hot-Tub.h113192272.Hotel-Information ,,False,,False,,,,,,,True,,,1, 2025-02-18 19:04:35 , https://www.vrbo.com/4440876?unitId=5015045 ,1,,,,False,113192272, 2024-12-20 17:48:24 ,True,False,True,False,1,,,,False,False,True,False,,, 2026-08-11 19:48:21 ,299937,,,,, approved ,40487707,1.2, active ,,,,1.05,,False,,,,195,,,,,,,False,, 2024-12-20 17:48:24 ,18629, exported ,,False,,False,True, 4440876 , https://www.vrbo.com/4440876?dateless=true ,
18629,349115, Alex Cameron 1502 (KCity) ,,,,False,,1,,,,, approved ,1,, 2026-08-11 19:53:01 ,True,, 1336281091617137516 ,1.155,100290800, sync_rates_and_availability , onlyHostaway , 100290800 ,,,,9.8,,,,1.03,,,,13481382,,,,,,,,,,,,,,,,,,True,1348138202,,,,,, https://www.expedia.com/Knoxville-Hotels-Knoxville-Charm-Cottage52-Miles-To-Market-Square.h112473672.Hotel-Information ,,False,,False,,,,,, https://www.google.com/travel/hotels/entity/CgoQ2pGP7K-CvJ8PEAI=/overview?g2lb=43807868 ,True,,,1, 2025-01-23 14:08:21 , https://www.vrbo.com/4396907?unitId=4971076 ,1.06,,,,False,112473672, 2025-01-10 18:17:52 ,True,False,True,True,1,,,,False,False,True,False,,, 2026-09-01 14:47:11 ,305796,,,,, approved ,40479583,1.2, active ,,,,1.05,,False,,,,199,,,,,,,False,, 2025-01-10 18:17:52 ,18629, exported ,,False,,True,True, 4396907 , https://www.vrbo.com/4396907?dateless=true ,
18629,349839, Daniel Shepherd 2005 (SCounty) ,,,,False,,1,,,,david832haven@gmail.com, approved ,1,, 2026-08-11 19:58:13 ,True,, 1335536873144669305 ,1.25,279783412, sync_rates_and_availability , onlyHostaway , 279783412 ,,,,9.8,,,,1.03,,,,13464428,,,,,,,,,,,,,,,,,,True,1346442802,,,,,, https://www.expedia.com/Sevierville-Hotels-Valley-View-Cabin-View.h112385068.Hotel-Information ,,False,,False,,,,,, https://www.google.com/travel/hotels/entity/CgoQ0Ie--NH7yYEEEAI=/overview?g2lb=43807868 ,True,,,1, 2025-01-20 20:16:41 , https://www.vrbo.com/4393302?unitId=4967471 ,1.06,,,,False,112385068, 2025-01-13 20:21:33 ,True,False,True,True,1,,,,False,False,True,False,,, 2026-08-11 19:48:45 ,306513,,,,, approved ,40476485,1.2, active ,,,,1.05,,False,,,,203,,,,,,,False,, 2025-01-13 20:21:33 ,18629, exported ,,False,,True,True, 4393302 , https://www.vrbo.com/4393302?dateless=true ,
18629,349853, Walter Franey 2170 (SCounty) ,,,,False,,1,,,,david832haven@gmail.com, approved ,1,, 2026-08-11 19:58:47 ,True,, 1338389038722691562 ,1.25,279783412, sync_rates_and_availability , onlyHostaway , 279783412 ,,,,9.8,,,,1.03,,,,13474491,,,,,,,,,,,,,,,,,,True,1347449102,,,,,, https://www.expedia.com/Sevierville-Hotels-Big-Blue-Mist-W-Hot-Tub.h112437102.Hotel-Information ,,False,,False,,,,,, https://www.google.com/travel/hotels/entity/CgoQqdGj-tz68dA1EAI=/overview?g2lb=43807868 ,True,,,1, 2025-01-21 19:59:24 , https://www.vrbo.com/4395173?unitId=4969342 ,1.06,,,,False,112437102, 2025-01-13 20:42:38 ,True,False,True,True,1,,,,False,False,True,False,,, 2026-08-11 19:48:56 ,306527,,,,, rejected ,40477259,1.2, new ,,,,1.05,,False,,,,205,,,,,,,False,, 2025-01-13 20:42:38 ,18629, exported ,,False,,True,True, 4395173 , https://www.vrbo.com/4395173?dateless=true ,
18629,351688, Josh Cowan 2683 (PF) ,,,,False,,1,,,,david832haven@gmail.com, approved ,1,, 2026-08-11 20:00:33 ,True,, 1354408197040547807 ,1.25,279783412, sync_rates_and_availability , onlyHostaway , 279783412 ,,,,9.1,,,,1.03,,,,13723025,,,,,,,,,,,,,,,,,,True,1372302502,,,,,, https://www.expedia.com/Pigeon-Forge-Hotels-Valley-Heights-W-Hot-Tub.h113635659.Hotel-Information ,,False,,False,,,,,,,True,,,1, 2025-03-04 17:11:20 , https://www.vrbo.com/4468114?unitId=5042282 ,1.06,,,,False,113635659, 2025-01-17 21:06:21 ,True,False,True,False,1,,,,False,False,True,False,,, 2026-08-24 12:46:03 ,308353,,,,, rejected ,40493497,1.2, new ,,,,1.05,,False,,,,211,,,,,,,False,, 2025-01-17 21:06:21 ,18629, exported ,,False,,True,True, 4468114 , https://www.vrbo.com/4468114?dateless=true ,
18629,352889, Dylan Robinson Combo 3738/3734 (PF) ,,,,False,,1,,,,havensuperhost@gmail.com, approved ,,, 2026-08-11 19:58:39 ,True,, 1339140813191611236 ,1.25,490316100, sync_rates_and_availability , onlyHostaway , 490316100 ,,,,10,,,,1.03,,,,13548962,,,,,,,,,,,,,,,,,,True,1354896202,,,,,, https://www.expedia.com/Pigeon-Forge-Hotels-2-Cabins-Sleeps-28-8BR-Pool.h112758640.Hotel-Information ,,False,,False,,,,,, https://www.google.com/travel/hotels/entity/CgsQg62UiNid2_XQARAC/overview?g2lb=43807868 ,False,,,1, 2025-02-03 15:12:32 , https://www.vrbo.com/4415651?unitId=4989820 ,1.06,,,,False,112758640, 2025-01-21 19:49:33 ,True,False,True,False,1,,,,False,False,True,False,,, 2026-08-11 19:49:29 ,309555,,,,, approved ,40483909,1.2, inactive ,,,,1.05,,False,,,,212,,,,,,,False,, 2025-01-21 19:49:33 ,18629, not_exported ,,False,,False,True, 4415651 , https://www.vrbo.com/4415651?dateless=true ,
18629,353223, Dylan Robinson Combo 3742/3746 (PF) ,,,,False,,1,,,,david832haven@gmail.com, approved ,1,, 2026-08-11 19:53:44 ,True,, 1340553022300716744 ,1.25,279783412, sync_rates_and_availability , onlyHostaway , 279783412 ,,,,10,,,,1.03,,,,13546445,,,,,,,,,,,,,,,,,,True,1354644502,,,,,, https://www.expedia.com/Pigeon-Forge-Hotels-Splendid-2Cabins.h112760092.Hotel-Information ,,False,,False,,,,,, https://www.google.com/travel/hotels/entity/CgsQxIv8qJP3vKbHARAC/overview?g2lb=43807868 ,False,,,1, 2025-02-03 15:12:18 , https://www.vrbo.com/4415653?unitId=4989822 ,1.06,,,,False,112760092, 2025-01-22 20:11:34 ,True,False,True,True,1,,,,False,False,True,False,,, 2026-08-11 19:49:41 ,309889,,,,, rejected ,40529618,1.2, new ,,,,1.05,,False,,,,216,,,,,,,False,, 2025-01-22 20:11:34 ,18629, not_exported ,,False,,False,True, 4415653 , https://www.vrbo.com/4415653?dateless=true ,
18629,356573, Stephen Obeng 1580 (GAT) ,,,,False,,1,,,,david832haven@gmail.com, approved ,1,, 2026-08-11 19:58:43 ,True,, 1355859634720662035 ,1.25,279783412, sync_rates_and_availability , onlyHostaway , 279783412 ,,,,9.2,,,,1.03,,,,13696561,,,,,,,,,,,,,,,,,,True,1369656102,,,,,, https://www.expedia.com/Gatlinburg-Hotels-Wanderers-Retreat-Hot-Tub.h113517803.Hotel-Information ,,False,,False,,,,,, https://www.google.com/travel/hotels/entity/CgoQo4H9lbX_guNXEAI=/overview?g2lb=43807868 ,True,,,1, 2025-02-28 17:50:51 , https://www.vrbo.com/4459383?unitId=5033551 ,1.06,,,,False,113517803, 2025-01-31 21:20:27 ,True,False,True,True,1,,,,False,False,True,False,,, 2026-09-01 14:18:27 ,313201,,,,, approved ,40538006,1.2, active ,,,,1.05,,False,,,,218,,,,,,,False,, 2025-01-31 21:20:27 ,18629, exported ,,False,,True,True, 4459383 , https://www.vrbo.com/4459383?dateless=true ,
18629,357048, Shaun Halberstadt 417 (PF) ,,,,False,,1,,,,david832haven@gmail.com, approved ,1,, 2026-08-11 19:56:52 ,True,, 1369658574720771534 ,1.25,279783412, sync_rates_and_availability , onlyHostaway , 279783412 ,,,,9.7,,,,1.03,,,,13753470,,,,,,,,,,,,,,,,,,True,1375347002,,,,,, https://www.expedia.com/Pigeon-Forge-Hotels-Twilight-Mist-Getaway-Pool.h113758177.Hotel-Information ,,False,,False,,,,,, https://www.google.com/travel/hotels/entity/CgsQwtGv2LO5j_XUARAC/overview?g2lb=43807868 ,True,,,1, 2025-03-10 18:26:01 , https://www.vrbo.com/4475804?unitId=5049972 ,1.06,,,,False,113758177, 2025-02-03 15:22:25 ,True,False,True,True,1,,,,False,False,True,False,,, 2026-09-04 09:32:40 ,313675,,,,, approved ,40496327,1.2, active ,,,,1.05,,False,,,,221,,,,,,,False,, 2025-02-03 15:22:25 ,18629, exported ,,False,,True,True, 4475804 , https://www.vrbo.com/4475804?dateless=true ,
18629,357125, Scarlett Cornell 3001-108 (KCity) ,,,,False,,1,,,,, approved ,,, 2026-08-11 19:59:19 ,True,, 1356603878659266385 ,1.155,100290800, sync_rates_and_availability , onlyHostaway , 100290800 ,,,,9.8,,,,1.03,,,,13834954,,,,,,,,,,,,,,,,,,True,1383495402,,,,,, https://www.expedia.com/Knoxville-Hotels-Knox-Hideaway-23-Miles-To-Market-Square.h114206823.Hotel-Information ,,False,,False,,,,,, https://www.google.com/travel/hotels/entity/CgsQ8_729ZKGuIO_ARAC/overview?g2lb=43807868 ,False,,,1, 2025-03-21 14:45:36 , https://www.vrbo.com/4494435?unitId=5068603 ,1.06,,,,False,114206823, 2025-02-03 18:48:14 ,True,False,True,True,1,,,,False,False,True,False,,, 2026-08-11 19:50:49 ,313753,,,,, approved ,40548204,1.2, inactive ,,,,1.05,,False,,,,222,,,,,,,False,, 2025-02-03 18:48:14 ,18629, not_exported ,,False,,False,True, 4494435 , https://www.vrbo.com/4494435?dateless=true ,
18629,357132, Scarlett Cornell 3001-510 (KCity) ,,,,False,,1,,,,, approved ,,, 2026-08-11 19:59:14 ,True,, 1358891146272370586 ,1.155,100290800, sync_rates_and_availability , onlyHostaway , 100290800 ,,,,9.6,,,,1.03,,,,13834960,,,,,,,,,,,,,,,,,,True,1383496002,,,,,, https://www.expedia.com/Knoxville-Hotels-Rivertowne-Escape-Downtown-Knoxville.h114206826.Hotel-Information ,,False,,False,,,,,, https://www.google.com/travel/hotels/entity/CgoQpZHV1fmcmcUJEAI=/overview?g2lb=43807868 ,False,,,1, 2025-03-21 14:47:08 , https://www.vrbo.com/4494436?unitId=5068604 ,1.06,,,,False,114206826, 2025-02-03 18:55:03 ,True,False,True,True,1,,,,False,False,True,False,,, 2026-08-11 19:51:08 ,313760,,,,, rejected ,40548206,1.2, new ,,,,1.05,,False,,,,223,,,,,,,False,, 2025-02-03 18:55:03 ,18629, not_exported ,,False,,False,True, 4494436 , https://www.vrbo.com/4494436?dateless=true ,
18629,361345, Josh Clark 588 (PF) ,,,,False,,1,,,,,,,, 2026-02-10 18:54:02 ,False,,,1.25,,, onlyHostaway ,,,,,10,,,,1.03,,,,,,,,,,,,,,,,,,,,,,False,,,,,,, https://www.expedia.com/Pigeon-Forge-Hotels-Evergreen-Parkway-Retreat-Views.h113635670.Hotel-Information ,,False,,False,,,,,,,False,,,1, 2025-03-06 12:56:38 ,,1.06,,,,False,113635670, 2025-02-14 21:59:47 ,True,False,True,False,1,,,,False,False,True,False,,, 2026-02-10 18:47:36 ,317956,,,,, approved ,40539750,1.2, inactive ,,,,1.05,,False,,,,225, archived ,,,,,,False,, 2025-02-14 21:59:47 ,18629, not_exported ,,False,,False,True, 4468116 , https://www.vrbo.com/4468116?dateless=true ,
18629,361364, Josh Clark 576 (PF) ,,,,False,,1,,,,,,,, 2026-02-10 18:54:27 ,False,,,1.25,,, onlyHostaway ,,,,,10,,,,1.03,,,,,,,,,,,,,,,,,,,,,,False,,,,,,, https://www.expedia.com/Pigeon-Forge-Hotels-Parkway-Cowboy-Hideaway-Hot-Tub.h113785651.Hotel-Information ,,False,,False,,,,,,,False,,,1, 2025-03-11 21:36:03 ,,1.06,,,,False,113785651, 2025-02-14 22:59:50 ,True,False,True,False,1,,,,False,False,True,False,,, 2026-02-10 18:47:54 ,317975,,,,, approved ,40539752,1.2, inactive ,,,,1.05,,False,,,,227, archived ,,,,,,False,, 2025-02-14 22:59:50 ,18629, not_exported ,,False,,False,True, 4477771 , https://www.vrbo.com/4477771?dateless=true ,
18629,361367, Josh Clark 572 (PF) ,,,,False,,1,,,,, approved ,1,, 2025-02-14 23:35:40 ,False,,,1.25,,, onlyHostaway ,,,,,10,,,,1.03,,,,,,,,,,,,,,,,,,,,,,False,,,,,,, https://www.expedia.com/Pigeon-Forge-Hotels-Twilight-Luxury-Escape-Hot-Tub.h113635673.Hotel-Information ,,False,,False,,,,,,,False,,,1, 2025-03-06 12:52:34 ,,1.06,,,,False,113635673, 2025-02-14 23:33:25 ,True,False,True,False,1,,,,False,False,True,False,,, 2026-02-10 18:48:07 ,317978,,,,, approved ,40494475,1.2, inactive ,,,,1.05,,False,,,,230, archived ,,,,,,False,, 2025-02-14 23:33:25 ,18629, not_exported ,,False,,False,True, 4468118 , https://www.vrbo.com/4468118?dateless=true ,
18629,363185, Sanjay Arukala 1728 (SCounty) ,,,,False,,1,,,,david832haven@gmail.com, approved ,1,, 2026-08-11 19:59:08 ,True,, 1366064643126128115 ,1.25,279783412, sync_rates_and_availability , onlyHostaway , 279783412 ,,,,9.1,,,,1.03,,,,13767730,,,,,,,,,,,,,,,,,,True,1376773002,,,,,, https://www.expedia.com/Sevierville-Hotels-Bear-Paw-Hideaway-Hot-Tub.h113830465.Hotel-Information ,,False,,False,,,,,, https://www.google.com/travel/hotels/entity/CgoQ7oS-gKfP9J8FEAI=/overview?g2lb=43807868 ,True,,,1, 2025-03-12 18:34:09 , https://www.vrbo.com/4479563?unitId=5053731 ,1.06,,,,False,113830465, 2025-02-20 19:19:31 ,True,False,True,True,1,,,,False,False,True,False,,, 2026-08-16 20:18:44 ,319792,,,,, approved ,40497483,1.2, active ,,,,1.05,,False,,,,228,,,,,,,False,, 2025-02-20 19:19:31 ,18629, exported ,,False,,True,True, 4479563 , https://www.vrbo.com/4479563?dateless=true ,
18629,364203, Carly Vanslembrouck 2501 (PF) ,,,,False,,1,,,,,,,, 2025-02-26 20:02:17 ,False,,,1.25,,, onlyHostaway ,,,,,9.6,,,,1.03,,,,,,,,,,,,,,,,,,,,,,False,,,,,,, https://www.expedia.com/Pigeon-Forge-Hotels-The-Penthouse-In-The-Heart-Of-Pigeon-Forge.h116904377.Hotel-Information ,,False,,False,,,,,,,False,,,1, 2025-04-18 19:35:52 ,,1.06,,,,False,116904377, 2025-02-24 14:58:26 ,True,False,True,False,1,,,,False,False,True,False,,, 2026-02-10 18:48:52 ,320808,,,,, approved ,40513153,1.2, inactive ,,,,1.05,,False,,,,231, archived ,,,,,,False,, 2025-02-24 14:58:26 ,18629, not_exported ,,False,,False,True, 4542519 , https://www.vrbo.com/4542519?dateless=true ,
18629,364213, Carly Vanslembrouck 1204 (PF) ,,,,False,,1,,,,,,,, 2025-02-26 18:32:41 ,False,,,1.25,,, onlyHostaway ,,,,,8.9,,,,1.03,,,,,,,,,,,,,,,,,,,,,,False,,,,,,, https://www.expedia.com/Pigeon-Forge-Hotels-Cozy-1-Bedroom-Condo-With-WiFi-In-Fabulous-Pigeon-Forge-Close-To-Dollywood.h110591408.Hotel-Information ,,False,,False,,,,,,,False,,,1, 2025-03-12 19:49:18 ,,1.06,,,,False,110591408, 2025-02-24 15:19:59 ,True,False,True,False,1,,,,False,False,True,False,,, 2026-03-23 17:18:45 ,320818,,,,,,,1.2,,,,,1.05,,False,,,,233, archived ,,,,,,False,, 2025-02-24 15:19:59 ,65708, not_exported ,,False,,False,True, 4279119 , https://www.vrbo.com/4279119?dateless=true ,
18629,365469, NEW Nadim Jubran 813-1 (KCity) ,,,,False,,1,,,,,,,, 2026-02-10 18:54:23 ,False,,,1.25,,, onlyHostaway ,,,,,8.9,,,,1.03,,,,,,,,,,,,,,,,,,,,,,False,,,,,,, https://www.expedia.com/Knoxville-Hotels-Charming-Historic-Retreat-5-Mins-From-Downtown.h113894056.Hotel-Information ,,False,,False,,,,,, https://www.google.com/travel/hotels/entity/CgsQyYTSuaq3uMzpARAC/overview?g2lb=43807868 ,False,,,1, 2025-03-14 18:37:44 , https://www.vrbo.com/4482316?unitId=5056484 ,1.06,,,,False,113894056, 2025-02-27 16:18:28 ,True,False,True,True,1,,,,False,False,True,False,,, 2026-02-10 18:49:28 ,322070,,,,,,,1.2,,,,,1.05,,False,,,,238, archived ,,,,,,False,, 2025-02-27 16:18:28 ,18629, not_exported ,,False,,False,True, 4482316 , https://www.vrbo.com/4482316?dateless=true ,
18629,366679, Kim Mills 1654 (SCity) ,,,,False,,1,,,,david832haven@gmail.com, approved ,1,, 2026-08-11 20:00:28 ,True,, 1368957606414358304 ,1.3,279783412, sync_rates_and_availability , onlyHostaway , 279783412 ,,,,9.8,,,,1.03,,,,13996043,,,,,,,,,,,,,,,,,,True,1399604302,,,,,, https://www.expedia.com/Sevierville-Hotels-Grey-Wood-Lodge-Hot-Tub.h115079158.Hotel-Information ,,False,,False,,,,,, https://www.google.com/travel/hotels/entity/CgoQ7bbXzazwnsocEAI=/overview?g2lb=43807868 ,True,,,1, 2025-04-18 19:35:35 , https://www.vrbo.com/4542520?unitId=5116688 ,1.2,,,,False,115079158, 2025-03-03 19:27:09 ,True,False,True,True,1,,,,False,False,True,False,,, 2026-08-11 19:51:30 ,323279,,,,, approved ,40563415,1.2, active ,,,,1.05,,False,,,,241,,,,,,,False,, 2025-03-03 19:27:09 ,18629, exported ,,False,,True,True, 4542520 , https://www.vrbo.com/4542520?dateless=true ,
18629,366682, Kim Mills 2222 (PF) ,,,,False,,1,,,,david832haven@gmail.com, approved ,1,, 2026-08-11 20:03:36 ,True,, 1368963957724072558 ,1.25,279783412, sync_rates_and_availability , onlyHostaway , 279783412 ,,,,9.7,,,,1.03,,,,13996044,,,,,,,,,,,,,,,,,,True,1399604402,,,,,, https://www.expedia.com/Pigeon-Forge-Hotels-Beary-Cottage-Hot-Tub.h115079164.Hotel-Information ,,False,,False,,,,,, https://www.google.com/travel/hotels/entity/CgsQ6ez_9vfsxPLcARAC/overview?g2lb=43807868 ,True,,,1, 2025-04-18 19:35:44 , https://www.vrbo.com/4542522?unitId=5116690 ,1.06,,,,False,115079164, 2025-03-03 19:32:05 ,True,False,True,True,1,,,,False,False,True,False,,, 2026-08-27 18:47:03 ,323282,,,,, approved ,40563417,1.2, active ,,,,1.05,,False,,,,244,,,,,,,False,, 2025-03-03 19:32:05 ,18629, exported ,,False,,True,True, 4542522 , https://www.vrbo.com/4542522?dateless=true ,
18629,366691, Jared Blumberg 232 (PF) ,,,,False,,1,,,,,,,, 2026-02-10 18:53:35 ,False,,,1.25,,, onlyHostaway ,,,,,9.6,,,,1.03,,,,,,,,,,,,,,,,,,,,,,False,,,,,,, https://www.expedia.com/Pigeon-Forge-Hotels-Smoky-Bear-Lodge-Hot-Tub.h114284936.Hotel-Information ,,False,,False,,,,,, https://www.google.com/travel/hotels/entity/CgsQ_quT89bTrZ6tARAC/overview?g2lb=43807868 ,False,,,1, 2025-03-24 17:22:59 , https://www.vrbo.com/4499027?unitId=5073195 ,1.06,,,,False,114284936, 2025-03-03 19:46:47 ,True,False,True,True,1,,,,False,False,True,False,,, 2026-02-10 18:50:14 ,323291,,,,, approved ,40548698,1.2, inactive ,,,,1.05,,False,,,,247, archived ,,,,,,False,, 2025-03-03 19:46:47 ,18629, not_exported ,,False,,False,True, 4499027 , https://www.vrbo.com/4499027?dateless=true ,
18629,366705, Corey DeFrancesco 592 (PF) ,,,,False,,1,,,,,,,, 2026-02-10 18:58:56 ,False,,,1.25,,, onlyHostaway ,,,,,10,,,,1.03,,,,,,,,,,,,,,,,,,,,,,False,,,,,,, https://www.expedia.com/Pigeon-Forge-Hotels-The-Charlotte-Cabin-Hot-Tub.h114470089.Hotel-Information ,,False,,False,,,,,, https://www.google.com/travel/hotels/entity/CgoQqf7ehOGaos9OEAI=/overview?g2lb=43807868 ,False,,,1, 2025-03-31 19:07:30 , https://www.vrbo.com/4511308?unitId=5085476 ,1.06,,,,False,114470089, 2025-03-03 20:17:41 ,True,False,True,False,1,,,,False,False,True,False,,, 2026-03-23 17:29:01 ,323305,,,,, approved ,40552868,1.2, inactive ,,,,1.05,,False,,,,249, archived ,,,,,,False,, 2025-03-03 20:17:41 ,18629, not_exported ,,False,,False,True, 4511308 , https://www.vrbo.com/4511308?dateless=true ,
18629,366728, Corey DeFrancesco 122 ,,,,False,,1,,,,,,,, 2025-03-03 21:05:55 ,False,,,1.25,,, onlyHostaway ,,,,,,,,,1.03,,,,,,,,,,,,,,,,,,,,,,False,,,,,,,,,False,,False,,,,,,,False,,,,,,1.06,,,,False,, 2025-03-03 21:03:58 ,True,False,True,False,1,,,,False,False,True,False,,, 2025-12-16 05:06:43 ,323327,,,,,,,1.2,,,,,1.05,,False,,,,251, archived ,,,,,,False,, 2025-03-03 21:03:58 ,, not_exported ,,False,,False,False,,,
18629,367540, Graham Brown 3940 (SCounty) ,,,,False,,1,,,,david832haven@gmail.com, approved ,1,, 2026-08-11 20:02:15 ,True,, 614293346304097575 ,1.3,279783412, sync_rates_and_availability , onlyHostaway , 279783412 ,,,,9.2,,,,1.03,,,,13767704,,,,,,,,,,,,,,,,,,True,1376770402,,,,,, https://www.expedia.com/Sevierville-Hotels-MTN-View.h113820914.Hotel-Information ,,False,,False,,,,,, https://www.google.com/travel/hotels/entity/CgsQ2Zv5_ont-6OiARAC/overview?g2lb=43807868 ,True,,,1, 2025-03-12 14:11:47 , https://www.vrbo.com/4479565?unitId=5053733 ,1.2,,,,False,113820914, 2025-03-04 21:01:25 ,True,False,True,True,1,,,,False,False,True,False,,, 2026-08-16 19:19:40 ,324141,,,,, rejected ,40542436,1.2, new ,,,,1.05,,False,,,,253,,,,,,,False,, 2025-03-04 21:01:25 ,18629, exported ,,False,,True,True, 4479565 , https://www.vrbo.com/4479565?dateless=true ,
18629,367835, Cristina Turcan 8540 (BC) ,,,,False,,1,,,,,,,, 2026-02-10 18:59:05 ,False,,,1.25,,, onlyHostaway ,,,,,9.4,,,,1.03,,,,14023443,,,,,,,,,,,,,,,,,,True,1402344302,,,,,, https://www.expedia.com/Townsend-Hotels-The-Skinners-Cabin-Hot-Tub.h116904585.Hotel-Information ,,False,,False,,,,,, https://www.google.com/travel/hotels/entity/CgsQn6_EuruOrbH6ARAC/overview?g2lb=43807868 ,False,,,1, 2025-04-22 19:26:33 , https://www.vrbo.com/4549109?unitId=5123277 ,1.06,,,,False,116904585, 2025-03-05 14:06:53 ,True,False,True,False,1,,,,False,False,True,False,,, 2026-08-11 19:52:19 ,324435,,,,, rejected ,40514651,1.2, new ,,,,1.05,,False,,,,254,,,,,,,False,, 2025-03-05 14:06:53 ,18629, not_exported ,,False,,False,True, 4549109 , https://www.vrbo.com/4549109?dateless=true ,
18629,367983, Erica Sadler 1625 (SCounty) ,,,,False,,1,,,,david832haven@gmail.com, approved ,1,, 2026-08-11 20:01:01 ,True,, 1386224369083832450 ,1.25,279783412, sync_rates_and_availability , onlyHostaway , 279783412 ,,,,9.2,,,,1.03,,,,13899128,,,,,,,,,,,,,,,,,,True,1389912802,,,,,, https://www.expedia.com/Sevierville-Hotels-Bear-Claw-Hideaway-View.h116904575.Hotel-Information ,,False,,False,,,,,, https://www.google.com/travel/hotels/entity/CgsQ9Om5x5qGlLiJARAC/overview?g2lb=43807868 ,True,,,1, 2025-04-02 14:56:05 , https://www.vrbo.com/4515279?unitId=5089447 ,1,,,,False,116904575, 2025-03-05 19:15:57 ,True,False,True,True,1,,,,False,False,True,False,,, 2026-08-11 19:52:30 ,324583,,,,, approved ,40507593,1.2, active ,,,,1.05,,False,,,,256,,,,,,,False,, 2025-03-05 19:15:57 ,18629, exported ,,False,,True,True, 4515279 , https://www.vrbo.com/4515279?dateless=true ,
18629,367999, Luning Wang 1056 (SCounty) ,,,,False,,1,,,,,,,, 2026-06-10 20:03:11 ,False,,,1.25,,, onlyHostaway ,,,,,8.4,,,,1.03,,,,13888324,,,,,,,,,,,,,,,,,,True,1388832402,,,,,, https://www.expedia.com/Sevierville-Hotels-Grand-Theatre-Lodge-View.h114458779.Hotel-Information ,,False,,False,,,,,, https://www.google.com/travel/hotels/entity/CgsQh4STn8KHwpPbARAC/overview?g2lb=43807868 ,True,,,1, 2025-03-31 19:08:14 , https://www.vrbo.com/4511309?unitId=5085477 ,1.2,,,,False,114458779, 2025-03-05 19:39:53 ,True,False,True,True,1,,,,False,False,True,False,,, 2026-08-11 19:52:42 ,324599,,,,, approved ,40552874,1.2, active ,,,,1.05,,False,,,,258,,,,,,,False,, 2025-03-05 19:39:53 ,18629, exported ,,False,,True,True, 4511309 , https://www.vrbo.com/4511309?dateless=true ,
18629,368011, Mike Nahom 622 (GAT) ,,,,False,,1,,,,david832haven@gmail.com, approved ,,, 2026-08-11 19:56:44 ,True,, 1381312472145371779 ,1.25,279783412, sync_rates_and_availability , onlyHostaway , 279783412 ,,,,9.6,,,,1.03,,,,13946154,,,,,,,,,,,,,,,,,,True,1394615402,,,,,, https://www.expedia.com/Gatlinburg-Hotels-Timber-Log-Cabin-Hot-Tub.h116906576.Hotel-Information ,,False,,False,,,,,, https://www.google.com/travel/hotels/entity/CgoQhqDJkcHG0tVsEAI=/overview?g2lb=43807868 ,False,,,1, 2025-04-09 23:15:09 , https://ws.homeaway.com/public/listing?id=4527656vb ,1.06,,,,False,116906576, 2025-03-05 19:56:15 ,True,False,True,True,1,,,,False,False,True,False,,, 2026-08-11 19:53:03 ,324610,,,,, approved ,40509963,1.2, inactive ,,,,1.05,,False,,,,260,,,,,,,False,, 2025-03-05 19:56:15 ,18629, not_exported ,,False,,False,True, 4527656 , https://www.vrbo.com/4527656?dateless=true ,
18629,370119, Kylie Willis 914 (SCounty) ,,,,False,,1,,,,david832haven@gmail.com, approved ,1,, 2026-08-18 21:13:43 ,True,, 1381149715647699385 ,1.25,279783412, sync_rates_and_availability , onlyHostaway , 279783412 ,,,,9.5,,,,1.03,,,,13931789,,,,,,,,,,,,,,,,,,True,1393178902,,,,,, https://www.expedia.com/Sevierville-Hotels-Blue-Mist-Lodge-Hot-Tub.h116904576.Hotel-Information ,,False,,False,,,,,,,True,,,1, 2025-04-07 18:01:33 , https://www.vrbo.com/4523828?unitId=5097996 ,1.06,,,,False,116904576, 2025-03-11 20:21:32 ,True,False,True,False,1,,,,False,False,True,False,,, 2026-08-11 19:53:14 ,326711,,,,, approved ,40554648,1.2, active ,,,,1.05,,False,,,,262,,,,,,,False,, 2025-03-11 20:21:32 ,18629, exported ,,False,,True,True, 4523828 , https://www.vrbo.com/4523828?dateless=true ,
18629,370142, Michael Hooper 2335 (SCounty) ,,,,False,,1,,,,david832haven@gmail.com, approved ,1,, 2026-08-11 20:01:51 ,True,, 1384127506629765667 ,1.25,279783412, sync_rates_and_availability , onlyHostaway , 279783412 ,,,,9.5,,,,1.03,,,,13888325,,,,,,,,,,,,,,,,,,True,1388832502,,,,,, https://www.expedia.com/Sevierville-Hotels-The-Secret-Nest-Hot-Tub-Jacuzzi-Tub-Grill.h114474103.Hotel-Information ,,False,,False,,,,,, https://www.google.com/travel/hotels/entity/CgoQi4SE38yWqNtwEAI=/overview?g2lb=43807868 ,True,,,1, 2025-03-31 19:08:23 ,,1.06,,,,False,114474103, 2025-03-11 20:37:23 ,True,False,True,True,1,,,,False,False,True,False,,, 2026-08-11 19:53:28 ,326734,,,,, rejected ,40552876,1.2, new ,,,,1.05,,False,,,,264,,,,,,,False,, 2025-03-11 20:37:23 ,18629, exported ,,False,,True,True, 4511312 , https://www.vrbo.com/4511312?dateless=true ,
18629,370390, Walter Franey 3325 (SCounty) ,,,,False,,1,,,,david832haven@gmail.com, approved ,1,, 2026-08-11 20:02:25 ,True,, 1374798543911770531 ,1.25,279783412, sync_rates_and_availability , onlyHostaway , 279783412 ,,,,9.6,,,,1.03,,,,13856341,,,,,,,,,,,,,,,,,,True,1385634102,,,,,, https://www.expedia.com/Sevierville-Hotels-Big-Blue-Ridge-MTN-Views.h114357893.Hotel-Information ,,False,,False,,,,,,,True,,,1, 2025-03-26 22:44:29 , https://www.vrbo.com/4502964?unitId=5077132 ,1.06,,,,False,114357893, 2025-03-12 12:49:05 ,True,False,True,False,1,,,,False,False,True,False,,, 2026-08-11 19:53:40 ,326982,,,,, approved ,40549748,1.2, active ,,,,1.05,,False,,,,266,,,,,,,False,, 2025-03-12 12:49:05 ,18629, exported ,,False,,True,True, 4502964 , https://www.vrbo.com/4502964?dateless=true ,
18629,370539, Mark Mobley 135-102 (KCity) ,,,,False,,1,,,,, approved ,1,, 2026-08-11 20:03:39 ,True,, 1381968993816792691 ,1.155,100290800, sync_rates_and_availability , onlyHostaway , 100290800 ,,,,9.7,,,,1.03,,,,13856343,,,,,,,,,,,,,,,,,,True,1385634302,,,,,, https://www.expedia.com/Knoxville-Hotels-The-Quiet-Old-City-Hideout.h114357896.Hotel-Information ,,False,,False,,,,,, https://www.google.com/travel/hotels/entity/CgoQoMyGxdHfo7E6EAI=/overview?g2lb=43807868 ,True,,,1, 2025-03-26 23:06:09 , https://www.vrbo.com/4502965?unitId=5077133 ,1.06,,,,False,114357896, 2025-03-12 19:28:40 ,True,False,True,True,1,,,,False,False,True,False,,, 2026-08-11 19:54:00 ,327131,,,,, approved ,40549758,1.2, active ,,,,1.05,,False,,,,268,,,,,,,False,, 2025-03-12 19:28:40 ,18629, exported ,,False,,True,True, 4502965 , https://www.vrbo.com/4502965?dateless=true ,
18629,370546, Kristen Cannon 428 (GAT) ,,,,False,,1,,,,david832haven@gmail.com, approved ,1,, 2026-08-11 19:59:08 ,True,, 1382033270396193390 ,1.25,279783412, sync_rates_and_availability , onlyHostaway , 279783412 ,,,,9.8,,,,1.03,,,,13888321,,,,,,,,,,,,,,,,,,True,1388832102,,,,,, https://www.expedia.com/Gatlinburg-Hotels-Moody-Mountain-Lodge-MTN-Views.h114458793.Hotel-Information ,,False,,False,,,,,, https://www.google.com/travel/hotels/entity/CgsQoIvMsOv08tO2ARAC/overview?g2lb=43807868 ,True,,,1, 2025-03-31 19:08:04 , https://www.vrbo.com/4511313?unitId=5085481 ,1.06,,,,False,114458793, 2025-03-12 19:46:11 ,True,False,True,True,1,,,,False,False,True,False,,, 2026-08-11 19:54:12 ,327138,,,,, rejected ,40552870,1.2, new ,,,,1.05,,False,,,,270,,,,,,,False,, 2025-03-12 19:46:11 ,18629, exported ,,False,,True,True, 4511313 , https://www.vrbo.com/4511313?dateless=true ,
18629,373559, Cameron Penn 1750 (SCounty) ,,,,False,,1,,,,david832haven@gmail.com, approved ,1,, 2026-08-11 20:03:51 ,True,, 1381839871589850842 ,1.25,279783412, sync_rates_and_availability , onlyHostaway , 279783412 ,,,,9.6,,,,1.03,,,,14023440,,,,,,,,,,,,,,,,,,True,1402344002,,,,,, https://www.expedia.com/Sevierville-Hotels-Natures-Nest-MTN-View.h116904562.Hotel-Information ,,False,,False,,,,,, https://www.google.com/travel/hotels/entity/CgsQr8G76-efz-bRARAC/overview?g2lb=43807868 ,True,,,1, 2025-04-22 19:26:05 , https://www.vrbo.com/4549113?unitId=5123281 ,1.06,,,,False,116904562, 2025-03-21 13:59:19 ,True,False,True,True,1,,,,False,False,True,False,,, 2026-08-11 19:54:24 ,330111,,,,, approved ,40514653,1.2, active ,,,,1.05,,False,,,,272,,,,,,,False,, 2025-03-21 13:59:19 ,18629, exported ,,False,,True,True, 4549113 , https://www.vrbo.com/4549113?dateless=true ,
18629,374398, John Kirkman 510 (GAT) ,,,,False,,1,,,,david832haven@gmail.com, approved ,1,, 2026-08-11 19:59:41 ,True,, 1394299322757713429 ,1.3,279783412, sync_rates_and_availability , onlyHostaway , 279783412 ,,,,8.7,,,,1.03,,,,14068012,,,,,,,,,,,,,,,,,,True,1406801202,,,,,, https://www.expedia.com/Gatlinburg-Hotels-Secluded-Escape-Views.h115709488.Hotel-Information ,,False,,False,,,,,, https://www.google.com/travel/hotels/entity/CgoQgYKwj6O1ta0lEAI=/overview?g2lb=43807868 ,True,,,1, 2025-04-30 14:37:46 , https://ws.homeaway.com/public/listing?id=4564022vb ,1.2,,,,False,115709488, 2025-03-24 21:02:33 ,True,False,True,True,1,,,,False,False,True,False,,, 2026-08-11 19:54:36 ,330949,,,,, rejected ,40518205,1.2, new ,,,,1.05,,False,,,,275,,,,,,,False,, 2025-03-24 21:02:33 ,18629, exported ,,False,,True,True, 4564022 , https://www.vrbo.com/4564022?dateless=true ,
18629,374404, Dustin Francis 3213 (SCounty) ,,,,False,,1,,,,david832haven@gmail.com, approved ,1,, 2026-08-11 20:05:51 ,True,, 1390657082329576380 ,1.25,279783412, sync_rates_and_availability , onlyHostaway , 279783412 ,,,,9.9,,,,1.03,,,,14362104,,,,,,,,,,,,,,,,,,True,1436210402,,,,,, https://www.expedia.com/Sevierville-Hotels-Smoky-Ridge-Hideaway-Views.h117567922.Hotel-Information ,,False,,False,,,,,,,True,,,1, 2025-06-12 13:17:19 , https://www.vrbo.com/4641522?unitId=5215689 ,1.06,,,,False,117567922, 2025-03-24 21:20:04 ,True,False,True,False,1,,,,False,False,True,False,,, 2026-08-11 19:54:56 ,330955,,,,, approved ,40578058,1.2, active ,,,,1.05,,False,,,,278,,,,,,,False,, 2025-03-24 21:20:04 ,18629, exported ,,False,,True,True, 4641522 , https://www.vrbo.com/4641522?dateless=true ,
18629,374406, Elizabeth Garcia 309 (GAT) ,,,,False,,1,,,,david832haven@gmail.com, approved ,1,, 2026-08-11 20:04:41 ,True,, 1387005564755141280 ,1.25,279783412, sync_rates_and_availability , onlyHostaway , 279783412 ,,,,9.5,,,,1.03,,,,13899129,,,,,,,,,,,,,,,,,,True,1389912902,,,,,, https://www.expedia.com/Gatlinburg-Hotels-Smoky-Mountain-Gem-MTN-View.h116904437.Hotel-Information ,,False,,False,,,,,, https://www.google.com/travel/hotels/entity/CgsQ9qeQi5aRzN-XARAC/overview?g2lb=43807868 ,True,,,1, 2025-04-02 14:56:17 , https://www.vrbo.com/4515280?unitId=5089448 ,1.06,,,,False,116904437, 2025-03-24 21:32:53 ,True,False,True,True,1,,,,False,False,True,False,,, 2026-08-11 19:55:08 ,330957,,,,, approved ,40507591,1.2, active ,,,,1.05,,False,,,,280,,,,,,,False,, 2025-03-24 21:32:53 ,18629, exported ,,False,,True,True, 4515280 , https://www.vrbo.com/4515280?dateless=true ,
18629,375171, Dylan Robinson 768 (SCounty) ,,,,False,,1,,,,havensuperhost@gmail.com, approved ,1,, 2026-08-11 20:02:49 ,True,, 1385604088246009707 ,1.25,490316100, sync_rates_and_availability , onlyHostaway , 490316100 ,,,,9.9,,,,1.03,,,,14072259,,,,,,,,,,,,,,,,,,True,1407225902,,,,,, https://www.expedia.com/Gatlinburg-Hotels-The-Lookout-At-Chalet-Village-Hot-Tub.h115709500.Hotel-Information ,,False,,False,,,,,, https://www.google.com/travel/hotels/entity/CgoQ4LO2pdLv9ctfEAI=/overview?g2lb=43807868 ,True,,,1, 2025-04-30 21:11:04 , https://www.vrbo.com/4564025?unitId=5138193 ,1.2,,,,False,115709500, 2025-03-26 20:03:40 ,True,False,True,True,1,,,,False,False,True,False,,, 2026-08-11 19:55:21 ,331711,,,,, approved ,40518323,1.2, active ,,,,1.05,,False,,,,282,,,,,,,False,, 2025-03-26 20:03:40 ,18629, exported ,,False,,True,True, 4564025 , https://www.vrbo.com/4564025?dateless=true ,
18629,376033, Van Mulkey 3136 (PF) ,,,,False,,1,,,,,,,, 2026-03-23 12:51:49 ,False,,,1.25,,, onlyHostaway ,,,,,9.8,,,,1.03,,,,,,,,,,,,,,,,,,,1,,,False,,,,,,, https://www.expedia.com/Sevierville-Hotels-Creekside-Paradise-Hot-Tub.h115591380.Hotel-Information ,,False,,False,,,,,,,True,,,1, 2025-04-29 13:02:59 , https://www.vrbo.com/4559355?unitId=5133523 ,1.06,,,,False,115591380, 2025-03-28 17:23:36 ,True,False,True,False,1,,,,False,False,True,False,,, 2026-08-11 19:55:32 ,332569,,,,, approved ,40513149,1.2, inactive ,,,,1.05,,False,,,,284,,,,,,,False,, 2025-03-28 17:23:36 ,18629, exported ,,False,,True,True, 4559355 , https://www.vrbo.com/4559355?dateless=true ,
18629,376933, Glen Peterson 233 (SCounty) ,,,,False,,1,,,,david832haven@gmail.com, approved ,1,, 2026-08-11 20:08:13 ,True,, 1397156083824621689 ,1.18,279783412, sync_rates_and_availability , onlyHostaway , 279783412 ,,,,9.9,,,,1.03,,,,15339944,,,,,,,,,,,,,,,1,,,True,1533994401,,,,,, https://www.expedia.com/Sevierville-Hotels-The-Boujee-Bear-MTN-View.h116905390.Hotel-Information ,,False,,False,,,,,, https://www.google.com/travel/hotels/entity/CgoQkqa654yv1aEeEAI=/overview?g2lb=43807868 ,True,,,1, 2025-04-18 18:03:05 , https://ws.homeaway.com/public/listing?id=4542529vb ,1,,,,False,116905390, 2025-03-31 21:42:19 ,True,False,True,True,1,,,,False,False,True,False,,, 2026-08-11 19:55:51 ,333464,,,,, approved ,40513147,1.2, active ,,,,1.05,,False,,,,286,,,,,,,False,, 2025-03-31 21:42:19 ,18629, exported ,,False,,True,True, 4542529 , https://www.vrbo.com/4542529?dateless=true ,
18629,376938, Glen Peterson 5175 (SCounty) ,,,,False,,1,,,,david832haven@gmail.com, approved ,1,, 2026-08-11 20:00:55 ,True,, 1507360271413642678 ,1.18,279783412, sync_rates_and_availability , onlyHostaway , 279783412 ,,,,9.7,,,,1.03,,,,15031641,,,,,,,,,,,,,,,,,,True,1503164101,,,,,, https://www.expedia.com/Sevierville-Hotels-Multi-Level-Getaway-Pool.h121072817.Hotel-Information ,,False,,False,,,,,, https://www.google.com/travel/hotels/entity/CgsQ5uX1ypLO1OerARAC/overview?g2lb=43807868 ,True,,,, 2025-09-30 18:14:35 , https://www.vrbo.com/4873968?unitId=5448132 ,1,,,,False,121072817, 2025-03-31 21:55:27 ,True,False,True,True,1,,,,False,False,True,False,,, 2026-08-22 13:16:53 ,333469,,,,, approved ,40640100,1.2, active ,,,,1.05,,False,,,,287,,,,,,,False,, 2025-03-31 21:55:27 ,18629, exported ,,False,,True,True, 4873968 , https://www.vrbo.com/4873968?dateless=true ,
18629,376944, Glen Peterson 3710 (GAT) ,,,,False,,1,,,,david832haven@gmail.com, approved ,1,, 2026-08-11 20:08:51 ,True,, 1395774754843859358 ,1.18,279783412, sync_rates_and_availability , onlyHostaway , 279783412 ,,,,10,,,,1.03,,,,14292879,,,,,,,,,,,,,,,,,,True,1429287902,,,,,, https://www.expedia.com/Gatlinburg-Hotels-Smoky-Mountain-Luxurious-Serenity.h117129062.Hotel-Information ,,False,,False,,,,,, https://www.google.com/travel/hotels/entity/CgsQjf2ctb-xtLbzARAC/overview?g2lb=43807868 ,True,,,1, 2025-06-02 21:53:23 , https://www.vrbo.com/4624734?unitId=5198902 ,1,,,,False,117129062, 2025-03-31 22:03:49 ,True,False,True,True,1,,,,False,False,True,False,,, 2026-08-11 19:56:15 ,333475,,,,, rejected ,40574766,1.2, active ,,,,1.05,,False,,,,289,,,,,,,False,, 2025-03-31 22:03:49 ,18629, exported ,,False,,True,True, 4624734 , https://www.vrbo.com/4624734?dateless=true ,
18629,378580, Melissa Allen 3666 (SCounty) ,,,,False,,1,,,,david832haven@gmail.com, approved ,1,, 2026-08-11 20:00:51 ,True,, 1392019289270751693 ,1.25,279783412, sync_rates_and_availability , onlyHostaway , 279783412 ,,,,9.7,,,,1.03,,,,14486228,,,,,,,,,,,,,,,,,,True,1448622802,,,,,, https://www.expedia.com/Sevierville-Hotels-Smokies-Cabin-Life-View.h118113478.Hotel-Information ,,False,,False,,,,,, https://www.google.com/travel/hotels/entity/CgsQpYX47u2_nq2iARAC/overview?g2lb=43807868 ,True,,,1, 2025-06-27 20:39:28 , https://www.vrbo.com/4668930?unitId=5243097 ,1.06,,,,False,118113478, 2025-04-04 15:11:01 ,True,False,True,True,1,,,,False,False,True,False,,, 2026-08-11 19:56:27 ,335111,,,,, approved ,40547791,1.2, active ,,,,1.05,,False,,,,292,,,,,,,False,, 2025-04-04 15:11:01 ,18629, exported ,,False,,True,True, 4668930 , https://www.vrbo.com/4668930?dateless=true ,
18629,381202, Logan Knight 591 (PF) ,,,,False,,1,,,,,,,, 2026-02-10 19:04:42 ,False,,,1.25,,, onlyHostaway ,,,,,9.7,,,,1.03,,,,,,,,,,,,,,,,,,,,,,False,,,,,,, https://www.expedia.com/Pigeon-Forge-Hotels-Woodland-Smokies-Hot-Tub.h118047913.Hotel-Information ,,False,,False,,,,,, https://www.google.com/travel/hotels/entity/CgoQ1OmK9_jq6d4hEAI=/overview?g2lb=43807868 ,False,,,1, 2025-06-25 17:37:32 , https://www.vrbo.com/4665414?unitId=5239581 ,1.06,,,,False,118047913, 2025-04-11 21:33:20 ,True,False,True,True,1,,,,False,False,True,False,,, 2026-02-10 19:00:26 ,337725,,,,, approved ,40547123,1.2, inactive ,,,,1.05,,False,,,,295, archived ,,,,,,False,, 2025-04-11 21:33:20 ,18629, not_exported ,,False,,False,True, 4665414 , https://www.vrbo.com/4665414?dateless=true ,
18629,381205, Geri Giddens 437 (PF) ,,,,False,,1,,,,david832haven@gmail.com, approved ,1,, 2026-08-11 20:01:47 ,True,, 1400779494728621213 ,1.25,279783412, sync_rates_and_availability , onlyHostaway , 279783412 ,,,,10,,,,1.03,,,,14343225,,,,,,,,,,,,,,,,,,True,1434322502,,,,,, https://www.expedia.com/Pigeon-Forge-Hotels-Enchanted-Mountain-Escape-Hot-Tub.h117503823.Hotel-Information ,,False,,False,,,,,, https://www.google.com/travel/hotels/entity/CgsQhJSYhtH934fgARAC/overview?g2lb=43807868 ,True,,,1, 2025-06-10 15:10:09 , https://www.vrbo.com/4639535?unitId=5213702 ,1.2,,,,False,117503823, 2025-04-11 21:53:55 ,True,False,True,True,1,,,,False,False,True,False,,, 2026-08-11 19:56:46 ,337728,,,,, approved ,40532795,1.2, active ,,,,1.05,,False,,,,297,,,,,,,False,, 2025-04-11 21:53:55 ,18629, exported ,,False,,True,True, 4639535 , https://www.vrbo.com/4639535?dateless=true ,
18629,381207, Hannah Collins Lee 3733 (KCity) ,,,,False,,1,,,,,,,, 2026-02-10 19:06:56 ,False,,,1.25,,, onlyHostaway ,,,,,9.5,,,,1.03,,,,,,,,,,,,,,,,,,,,,,False,,,,,,, https://www.expedia.com/Knoxville-Hotels-South-Knox-Spot-Grill.h118972310.Hotel-Information ,,False,,False,,,,,, https://www.google.com/travel/hotels/entity/CgsQ9L32qPu6hcPPARAC/overview?g2lb=43807868 ,False,,,, 2025-07-23 10:47:35 , https://www.vrbo.com/4709442?unitId=5283609 ,1.06,,,,False,118972310, 2025-04-11 22:08:01 ,True,False,True,False,1,,,,False,False,True,False,,, 2026-02-10 19:01:16 ,337730,,,,, approved ,40562253,1.2, inactive ,,,,1.05,,False,,,,299, archived ,,,,,,False,, 2025-04-11 22:08:01 ,18629, not_exported ,,False,,False,True, 4709442 , https://www.vrbo.com/4709442?dateless=true ,
18629,381210, Kevin Ling 5436 (KCity) ,,,,False,,1,,,,,,,, 2026-03-24 13:32:53 ,False,,,1.155,,, onlyHostaway ,,,,,8.6,,,,1.03,,,,14646361,,,,,,,,,,,,,,,,,,True,1464636102,,,,,, https://www.expedia.com/Knoxville-Hotels-The-Knoxville-Nest-Cozy-3BR-Retreat-W-Fireplace.h119101018.Hotel-Information ,,False,,False,,,,,, https://www.google.com/travel/hotels/entity/CgoQ-qDShbSNmpl6EAI=/overview?g2lb=43807868 ,False,,,, 2025-07-24 18:22:02 , https://www.vrbo.com/4715520?unitId=5289687 ,1.06,,,,False,119101018, 2025-04-11 22:26:37 ,True,False,True,True,1,,,,False,False,True,False,,, 2026-08-11 19:57:04 ,337733,,,,, approved ,40563245,1.2, active ,,,,1.05,,False,,,,301,,,,,,,False,, 2025-04-11 22:26:37 ,18629, not_exported ,,False,,True,True, 4715520 , https://www.vrbo.com/4715520?dateless=true ,
18629,382134, Michelle and Roncie Fernandes 1144 (GAT) ,,,,False,,1,,,,david832haven@gmail.com, approved ,1,, 2026-08-11 20:01:20 ,True,, 1406380718894480025 ,1.25,279783412, sync_rates_and_availability , onlyHostaway , 279783412 ,,,,9.8,,,,1.03,,,,14176629,,,,,,,,,,,,,,,,,,True,1417662902,,,,,, https://www.expedia.com/Gatlinburg-Hotels-Bearly-Dreaming-MTN-View.h116414365.Hotel-Information ,,False,,False,,,,,, https://www.google.com/travel/hotels/entity/CgoQtLLbw4qhwI0FEAI=/overview?g2lb=43807868 ,True,,,1, 2025-05-16 12:54:48 , https://www.vrbo.com/4594663?unitId=5168831 ,1.06,,,,False,116414365, 2025-04-15 20:16:51 ,True,False,True,True,1,,,,False,False,True,False,,, 2026-08-11 19:57:16 ,338657,,,,, approved ,40569250,1.2, active ,,,,1.05,,False,,,,303,,,,,,,False,, 2025-04-15 20:16:51 ,18629, exported ,,False,,True,True, 4594663 , https://www.vrbo.com/4594663?dateless=true ,
18629,383100, Lindsey Smith 2833 (SCounty) ,,,,False,,1,,,,david832haven@gmail.com, approved ,,, 2026-08-11 20:04:56 ,True,, 1405144926795182905 ,1.25,279783412, sync_rates_and_availability , onlyHostaway , 279783412 ,,,,9.7,,,,1.03,,,,14486226,,,,,,,,,,,,,,,,,,True,1448622602,,,,,, https://www.expedia.com/Sevierville-Hotels-Little-Bears-Cabin-Hot-Tub.h118113481.Hotel-Information ,,False,,False,,,,,, https://www.google.com/travel/hotels/entity/CgsQtOP4sLnK-7y7ARAC/overview?g2lb=43807868 ,False,,,1, 2025-06-27 20:35:22 ,,1,,,,False,118113481, 2025-04-18 18:55:08 ,True,False,True,True,1,,,,False,False,True,False,,, 2026-08-11 19:57:28 ,339622,,,,, approved ,40592974,1.2, inactive ,,,,1.05,,False,,,,305,,,,,,,False,, 2025-04-18 18:55:08 ,18629, not_exported ,,False,,False,True, 4668931 , https://www.vrbo.com/4668931?dateless=true ,
18629,384346, Digant Patel 1554 (SCounty) ,,,,False,,1,,,,david832haven@gmail.com, approved ,1,, 2026-08-11 20:01:38 ,True,, 1405786805866450392 ,1.25,279783412, sync_rates_and_availability , onlyHostaway , 279783412 ,,,,9.5,,,,1.03,,,,14354536,,,,,,,,,,,,,,,,,,True,1435453602,,,,,, https://www.expedia.com/Sevierville-Hotels-Mountain-Mischief-Hot-Tub.h117503848.Hotel-Information ,,False,,False,,,,,, https://www.google.com/travel/hotels/entity/CgoQ95HThq-Q5a5KEAI=/overview?g2lb=43807868 ,True,,,1, 2025-06-10 19:13:55 , https://www.vrbo.com/4639536?unitId=5213703 ,1.06,,,,False,117503848, 2025-04-23 14:59:27 ,True,False,True,True,1,,,,False,False,True,False,,, 2026-08-14 14:31:50 ,340866,,,,, rejected ,40532825,1.2, new ,,,,1.05,,False,,,,300,,,,,,,False,, 2025-04-23 14:59:27 ,18629, exported ,,False,,True,True, 4639536 , https://www.vrbo.com/4639536?dateless=true ,
18629,384354, Josh Moss 1427 (GAT) ,,,,False,,1,,,,,,,, 2026-02-10 19:08:35 ,False,,,1.25,,, onlyHostaway ,,,,,10,,,,1.03,,,,,,,,,,,,,,,,,,,,,,False,,,,,,, https://www.expedia.com/Gatlinburg-Hotels-Smoky-Horizon-Getaway-With-Hot-Tub-Game-Room.h117503862.Hotel-Information ,,False,,False,,,,,, https://www.google.com/travel/hotels/entity/CgoQze7Y16KBz9wQEAI=/overview?g2lb=43807868 ,False,,,1, 2025-06-10 14:17:50 ,,0.95,,,,False,117503862, 2025-04-23 15:15:31 ,True,False,True,True,1,,,,False,False,True,False,,, 2026-02-10 19:02:37 ,340874,,,,, rejected ,40532777,1.2, new ,,,,1.05,,False,,,,302, archived ,,,,,,False,, 2025-04-23 15:15:31 ,18629, not_exported ,,False,,False,True, 4639537 , https://www.vrbo.com/4639537?dateless=true ,
18629,385793, David Sussman 3759 (SCounty) ,,,,False,,1,,,,david832haven@gmail.com, approved ,1,, 2026-08-11 20:07:10 ,True,, 1409424647449072572 ,1.25,279783412, sync_rates_and_availability , onlyHostaway , 279783412 ,,,,9.9,,,,1.03,,,,14113148,,,,,,,,,,,,,,,,,,True,1411314802,,,,,, https://www.expedia.com/Sevierville-Hotels-Chalet-Bellemont-View.h116002438.Hotel-Information ,,False,,False,,,,,, https://www.google.com/travel/hotels/entity/CgsQ9rHl0YjuzpfrARAC/overview?g2lb=43807868 ,True,,,1, 2025-05-07 14:24:32 ,,1.06,,,,False,116002438, 2025-04-28 15:36:36 ,True,False,True,True,1,,,,False,False,True,False,,, 2026-08-11 19:58:02 ,342315,,,,, approved ,40565794,1.2, active ,,,,1.05,,False,,,,304,,,,,,,False,, 2025-04-28 15:36:36 ,18629, exported ,,False,,True,True, 4578105 , https://www.vrbo.com/4578105?dateless=true ,
18629,385795, Jill Bishop 2719 (SCounty) ,,,,False,,1,,,,david832haven@gmail.com, approved ,1,, 2026-08-11 20:02:47 ,True,, 1409438656722514108 ,1.25,279783412, sync_rates_and_availability , onlyHostaway , 279783412 ,,,,9.5,,,,1.03,,,,14334613,,,,,,,,,,,,,,,,,,True,1433461302,,,,,, https://www.expedia.com/Sevierville-Hotels-Sawmill-Lodge-Hot-Tub.h117458395.Hotel-Information ,,False,,False,,,,,, https://www.google.com/travel/hotels/entity/CgoQ8-SLot2UtOEIEAI=/overview?g2lb=43807868 ,True,,,1, 2025-06-09 15:23:17 , https://www.vrbo.com/4637398?unitId=5211565 ,1.06,,,,False,117458395, 2025-04-28 15:54:05 ,True,False,True,True,1,,,,False,False,True,False,,, 2026-08-22 17:16:52 ,342318,,,,, approved ,40576860,1.2, active ,,,,1.05,,False,,,,306,,,,,,,False,, 2025-04-28 15:54:05 ,18629, exported ,,False,,True,True, 4637398 , https://www.vrbo.com/4637398?dateless=true ,
18629,385800, Lowell Weiss 229 (GAT) ,,,,False,,1,,,,david832haven@gmail.com, approved ,1,, 2026-08-11 19:27:17 ,True,, 1445680554318845210 ,1.25,279783412, sync_rates_and_availability , onlyHostaway , 279783412 ,,,,9.9,,,,1.03,,,,15236220,,,,,,,,,,,,,,,,,,True,1523622001,,,,,, https://www.expedia.com/Gatlinburg-Hotels-The-Smoky-Bear-View.h122579642.Hotel-Information ,,False,,False,,,,,, https://www.google.com/travel/hotels/entity/CgoQ8t6m0ue556VeEAI=/overview?g2lb=43807868 ,True,,,, 2025-11-06 17:25:03 , https://www.vrbo.com/4937037?unitId=5511200 ,1.06,,,,False,122579642, 2025-04-28 16:13:14 ,True,False,True,True,1,,,,False,False,True,False,,, 2026-08-11 19:18:28 ,342323,,,,, approved ,40654574,1.2, active ,,,,1.05,,False,,,,307,,,,,,,False,, 2025-04-28 16:13:14 ,18629, exported ,,False,,True,True, 4937037 , https://www.vrbo.com/4937037?dateless=true ,
18629,385831, Dan and Melissa Hanlon Combo 1&2 (SCity) ,,,,False,,1,,,,, approved ,1,, 2026-08-11 19:26:26 ,True,, 1406641024605396068 ,1.25,100290800, sync_rates_and_availability , onlyHostaway , 100290800 ,,,,10,,,,1,,,,15112549,,,,,,,,,,,,,,,,,,True,1511254901,,,,,, https://www.expedia.com/Sevierville-Hotels-Cedars-Peak-Downtown-2-Condos.h121758421.Hotel-Information ,,False,,False,,,,,, https://www.google.com/travel/hotels/entity/CgoQpuymrZuAnZs6EAI=/overview?g2lb=43807868 ,True,,,, 2025-10-16 16:07:33 , https://www.vrbo.com/4899688?unitId=5473852 ,1,,,,False,121758421, 2025-04-28 17:51:05 ,True,False,True,True,1,,,1,False,False,True,False,,, 2026-08-28 19:18:10 ,342354,,,,, approved ,40598265,1, active ,,,,1,,False,,,,308,,,,,,,False,, 2025-04-28 17:51:05 ,18629, exported ,,False,,True,True, 4899688 , https://www.vrbo.com/4899688?dateless=true ,
18629,386891, Jordan Sims 1467 (SCounty) ,,,,False,,1,,,,david832haven@gmail.com, approved ,1,, 2026-08-11 19:23:39 ,True,, 1411537004073313026 ,1.25,279783412, sync_rates_and_availability , onlyHostaway , 279783412 ,,,,9.7,,,,1.03,,,,14354533,,,,,,,,,,,,,,,,,,True,1435453302,,,,,, https://www.expedia.com/Sevierville-Hotels-Smoky-Mountain-Dove-Hot-Tub.h117503885.Hotel-Information ,,False,,False,,,,,, https://www.google.com/travel/hotels/entity/CgoQgZTupYqpz_kYEAI=/overview?g2lb=43807868 ,True,,,1, 2025-06-10 19:06:03 ,,1.06,,,,False,117503885, 2025-05-01 13:43:57 ,True,False,True,True,1,,,,False,False,True,False,,, 2026-09-05 15:02:29 ,343412,,,,, approved ,40577110,1.2, active ,,,,1.05,,False,,,,309,,,,,,,False,, 2025-05-01 13:43:57 ,18629, exported ,,False,,True,True, 4639538 , https://www.vrbo.com/4639538?dateless=true ,
18629,386914, Tara Rao 116 (BC) ,,,,False,,1,,,,david832haven@gmail.com, approved ,1,, 2026-02-10 19:12:15 ,True,, 1450094394208363318 ,1.25,279783412, sync_rates_and_availability , onlyHostaway , 279783412 ,,,,9.6,,,,1.03,,,,14453465,,,,,,,,,,,,,,,,,,True,1445346502,,,,,, https://www.expedia.com/Townsend-Hotels-The-Little-Timber-Cozy.h118047955.Hotel-Information ,,False,,False,,,,,, https://www.google.com/travel/hotels/entity/CgsQuNiNz62C452-ARAC/overview?g2lb=43807868 ,True,,,1, 2025-06-25 14:37:22 , https://www.vrbo.com/4665415?unitId=5239582 ,1.06,,,,False,118047955, 2025-05-01 15:00:29 ,True,False,True,True,1,,,,False,False,True,False,,, 2026-08-30 19:17:47 ,343435,,,,, approved ,40592280,1.2, active ,,,,1.05,,False,,,,310,,,,,,,False,, 2025-05-01 15:00:29 ,18629, exported ,,False,,True,True, 4665415 , https://www.vrbo.com/4665415?dateless=true ,
18629,387284, Ruth Heath 458 (PF) ,,,,False,,1,,,,david832haven@gmail.com, approved ,1,, 2026-08-11 19:25:22 ,True,, 1416023494257329753 ,1.25,279783412, sync_rates_and_availability , onlyHostaway , 279783412 ,,,,9.6,,,,1.03,,,,14354587,,,,,,,,,,,,,,,,,,True,1435458702,,,,,, https://www.expedia.com/Pigeon-Forge-Hotels-Cloudspire-Chalet-Arcade-Games-Outdoor-Lounge.h117503899.Hotel-Information ,,False,,False,,,,,, https://www.google.com/travel/hotels/entity/CgoQ0_jq-d2CiJceEAI=/overview?g2lb=43807868 ,True,,,1, 2025-06-10 21:15:03 , https://www.vrbo.com/4639539?unitId=5213706 ,1.06,,,,False,117503899, 2025-05-02 16:11:36 ,True,False,True,True,1,,,,False,False,True,False,,, 2026-08-25 13:33:53 ,343805,,,,, approved ,40532849,1.2, active ,,,,1.05,,False,,,,311,,,,,,,False,, 2025-05-02 16:11:36 ,18629, exported ,,False,,True,True, 4639539 , https://www.vrbo.com/4639539?dateless=true ,
18629,387295, Kaley Eversgerd 933 (SCounty) ,,,,False,,1,,,,david832haven@gmail.com, approved ,1,, 2026-08-11 19:24:34 ,True,, 1412352416375997812 ,1.25,279783412, sync_rates_and_availability , onlyHostaway , 279783412 ,,,,9.5,,,,1.03,,,,14362103,,,,,,,,,,,,,,,,,,True,1436210302,,,,,, https://www.expedia.com/Sevierville-Hotels-Mountaintop-RnR-Hot-Tub.h117567935.Hotel-Information ,,False,,False,,,,,, https://www.google.com/travel/hotels/entity/CgsQo8qrrI66mfzJARAC/overview?g2lb=43807868 ,True,,,1, 2025-06-12 13:19:10 , https://www.vrbo.com/4641525?unitId=5215692 ,1.06,,,,False,117567935, 2025-05-02 16:24:12 ,True,False,True,True,1,,,,False,False,True,False,,, 2026-08-11 19:20:04 ,343816,,,,, rejected ,40578056,1.2, new ,,,,1.05,,False,,,,312,,,,,,,False,, 2025-05-02 16:24:12 ,18629, exported ,,False,,True,True, 4641525 , https://www.vrbo.com/4641525?dateless=true ,
18629,393202, Freddy Rivas 2215 (SCounty) ,,,,False,,1,,,,,,,, 2025-05-21 03:17:30 ,False,,,1.25,,, onlyHostaway ,,,,,8.7,,,,1.03,,,,,,,,,,,,,,,,,,,,,,False,,,,,,, https://www.expedia.com/Sevierville-Hotels-Grace-Summit-Pool.h119272792.Hotel-Information ,,False,,False,,,,,,,False,,,, 2025-07-31 13:39:23 ,,1.06,,,,False,119272792, 2025-05-19 18:15:53 ,True,False,True,False,1,,,,False,False,True,False,,, 2026-02-10 19:06:25 ,349715,,,,, approved ,40631492,1, inactive ,,,,1.05,,False,,,,313, archived ,,,,,,False,, 2025-05-19 18:15:53 ,18629, not_exported ,,False,,False,True, 4727355 , https://www.vrbo.com/4727355?dateless=true ,
18629,393217, Pooja Mehta 2933 (PF) ,,,,False,,1,,,,david832haven@gmail.com, approved ,1,, 2026-08-24 19:47:07 ,True,, 1424743990217223436 ,1.3,279783412, sync_rates_and_availability , onlyHostaway , 279783412 ,,,,9.6,,,,1.03,,,,14292855,,,,,,,,,,,,,,,,,,True,1429285502,,,,,, https://www.expedia.com/Pigeon-Forge-Hotels-Spacious-6BR-Retreat-W-Theater-Hot-Tub.h117059418.Hotel-Information ,,False,,False,,,,,, https://www.google.com/travel/hotels/entity/CgsQh4LNzIal5amOARAC/overview?g2lb=43807868 ,True,,,1, 2025-06-02 13:40:12 , https://www.vrbo.com/4622484?unitId=5196652 ,1.2,,,,False,117059418, 2025-05-19 18:49:26 ,True,False,True,True,1,,,,False,False,True,False,,, 2026-08-24 19:41:15 ,349730,,,,, rejected ,40574662,1.2, new ,,,,1.05,,False,,,,314,,,,,,,False,, 2025-05-19 18:49:26 ,18629, exported ,,False,,True,True, 4622484 , https://www.vrbo.com/4622484?dateless=true ,
18629,393226, Katrina Maloney 659 (SCounty) ,,,,False,,1,,,,david832haven@gmail.com, approved ,1,, 2026-08-11 19:28:11 ,True,, 1424754862169944576 ,1.18,279783412, sync_rates_and_availability , onlyHostaway , 279783412 ,,,,9.8,,,,1.03,,,,14538000,,,,,,,,,,,,,,,,,,True,1453800002,,,,,, https://www.expedia.com/Sevierville-Hotels-Rustic-Retreat-Jacuzzi.h118462869.Hotel-Information ,,False,,False,,,,,, https://www.google.com/travel/hotels/entity/CgoQ_pnfn5yQoPx7EAI=/overview?g2lb=43807868 ,True,,,1, 2025-07-07 16:49:47 , https://www.vrbo.com/4685424?unitId=5259591 ,1.06,,,,False,118462869, 2025-05-19 19:17:15 ,True,False,True,True,1,,,,False,False,True,False,,, 2026-08-11 19:20:36 ,349738,,,,, approved ,40550161,1.2, active ,,,,1.05,,False,,,,315,,,,,,,False,, 2025-05-19 19:17:15 ,18629, exported ,,False,,True,True, 4685424 , https://www.vrbo.com/4685424?dateless=true ,
18629,393898, Mark Urban 2123 (SCounty) ,,,,False,,1,,,,david832haven@gmail.com, approved ,1,, 2026-08-11 19:30:34 ,True,, 1442085241506359283 ,1.25,279783412, sync_rates_and_availability , onlyHostaway , 279783412 ,,,,9.7,,,,1.03,,,,14453464,,,,,,,,,,,,,,,,,,True,1445346402,,,,,, https://www.expedia.com/Sevierville-Hotels-Smokeys-Summit-Epic-View.h118047958.Hotel-Information ,,False,,False,,,,,, https://www.google.com/travel/hotels/entity/CgsQkorGn_j_tYr6ARAC/overview?g2lb=43807868 ,True,,,1, 2025-06-25 14:37:10 , https://www.vrbo.com/4665416?unitId=5239583 ,1,,,,False,118047958, 2025-05-21 14:13:19 ,True,False,True,True,1,,,,False,False,True,False,,, 2026-08-11 19:20:48 ,350409,,,,, approved ,40547787,1.2, active ,,,,1.05,,False,,,,316,,,,,,,False,, 2025-05-21 14:13:19 ,18629, exported ,,False,,True,True, 4665416 , https://www.vrbo.com/4665416?dateless=true ,
18629,393926, Andrew Crawford 1024 (SCity) ,,,,False,,1,,,,david832haven@gmail.com, approved ,1,, 2026-08-11 19:28:02 ,True,, 1426076483478252015 ,1.25,279783412, sync_rates_and_availability , onlyHostaway , 279783412 ,,,,9.8,,,,1.03,,,,14371098,,,,,,,,,,,,,,,,,,True,1437109802,,,,,, https://www.expedia.com/Sevierville-Hotels-Mountain-Getaway-Hot-Tub-2-King-Suites.h117631282.Hotel-Information ,,False,,False,,,,,, https://www.google.com/travel/hotels/entity/CgoQjaaau-fh95hHEAI=/overview?g2lb=43807868 ,True,,,1, 2025-06-13 14:57:14 , https://www.vrbo.com/4645122?unitId=5219289 ,1.06,,,,False,117631282, 2025-05-21 14:58:45 ,True,False,True,True,1,,,,False,False,True,False,,, 2026-08-11 19:21:01 ,350437,,,,, approved ,40534489,1.2, active ,,,,1.05,,False,,,,317,,,,,,,False,, 2025-05-21 14:58:45 ,18629, exported ,,False,,True,True, 4645122 , https://www.vrbo.com/4645122?dateless=true ,
18629,394794, Candace Thompson 673 (GAT) ,,,,False,,1,,,,jordan@havenvacationrentals.com, approved ,1,, 2026-08-11 19:28:54 ,True,, 1427522513275898238 ,1.18,695348407, sync_rates_and_availability , onlyHostaway , 695348407 ,,,,9.9,,,,1.03,,,,15312765,,,,,,,,,,,,,,,,,,True,1531276501,,,,,, https://www.expedia.com/Gatlinburg-Hotels-Gatlinburg-Splash-Home-Theater-Heated-Indoor-Pool-Game-Room.h124774761.Hotel-Information ,,False,,False,,,,,, https://www.google.com/travel/hotels/entity/CgoQsdyKsvvFkO9TEAI=/overview?g2lb=43807868 ,True,,,, 2026-01-09 13:07:25 , https://www.vrbo.com/5036512?unitId=5610675 ,1.06,,,,False,124774761, 2025-05-23 14:50:24 ,True,False,True,True,1,,,,False,False,True,False,,, 2026-08-11 19:21:20 ,351305,,,998656,, approved ,40631512,1.2, active ,,,,1.05,,False,,,,318,,,,,,,False,, 2025-05-23 14:50:24 ,18629, exported ,,False,,True,True, 5036512 , https://www.vrbo.com/5036512?dateless=true ,
18629,394796, Candace Thompson 720 (SCounty) ,,,,False,,1,,,,jordan@havenvacationrentals.com, approved ,1,, 2026-08-11 19:27:26 ,True,, 1426900501200579875 ,1.25,695348407, sync_rates_and_availability , onlyHostaway , 695348407 ,,,,10,,,,1.03,,,,15312766,,,,,,,,,,,,,,,,,,True,1531276601,,,,,, https://www.expedia.com/Gatlinburg-Hotels-Great-Smoky-Getaway-LUXURY-Hot-Tub-Indoor-Pool-Theater.h124774757.Hotel-Information ,,False,,False,,,,,, https://www.google.com/travel/hotels/entity/CgoQzLDh47fLlsooEAI=/overview?g2lb=43807868 ,True,,,, 2026-01-09 13:07:24 , https://www.vrbo.com/5036511?unitId=5610674 ,1.06,,,,False,124774757, 2025-05-23 14:50:48 ,True,False,True,True,1,,,,False,False,True,False,,, 2026-08-11 19:21:32 ,351306,,,998656,, approved ,40631510,1.2, active ,,,,1.05,,False,,,,319,,,,,,,False,, 2025-05-23 14:50:48 ,18629, exported ,,False,,True,True, 5036511 , https://www.vrbo.com/5036511?dateless=true ,
18629,395524, John Ehlers 3214 (SCounty) ,,,,False,,1,,,,,,,, 2025-05-26 18:45:30 ,False,,,1.25,,, onlyHostaway ,,,,,7.3,,,,1.03,,,,,,,,,,,,,,,,,,,,,,False,,,,,,, https://www.expedia.com/Sevierville-Hotels-Splash-Mountain-Pool.h116971070.Hotel-Information ,,False,,False,,,,,, https://www.google.com/travel/hotels/entity/CgsQr8DxvLegz4bZARAC/overview?g2lb=43807868 ,False,,,1, 2025-05-30 10:50:28 , https://www.vrbo.com/4618408?unitId=5192576 ,1.06,,,,False,116971070, 2025-05-26 18:43:52 ,True,False,True,True,1,,,,False,False,True,False,,, 2026-03-23 18:08:11 ,352010,,,,, approved ,40529029,1.2, inactive ,,,,1.05,,False,,,,320, archived ,,,,,,False,, 2025-05-26 18:43:52 ,18629, not_exported ,,False,,False,True, 4618408 , https://www.vrbo.com/4618408?dateless=true ,
18629,396703, Jason Hyre 568 (PF) ,,,,False,,1,,,,david832haven@gmail.com, approved ,1,, 2026-08-11 19:29:38 ,True,, 1431820942786086366 ,1.18,279783412, sync_rates_and_availability , onlyHostaway , 279783412 ,,,,8.7,,,,1.03,,,,14389344,,,,,,,,,,,,,,,,,,True,1438934402,,,,,, https://www.expedia.com/Pigeon-Forge-Hotels-Winding-Down-Modern-Cabin-Retreat.h117631286.Hotel-Information ,,False,,False,,,,,, https://www.google.com/travel/hotels/entity/CgsQkcmR38D9wYeqARAC/overview?g2lb=43807868 ,True,,,1, 2025-06-13 20:35:44 , https://www.vrbo.com/4645123?unitId=5219290 ,1.06,,,,False,117631286, 2025-05-29 12:59:29 ,True,False,True,True,1,,,,False,False,True,False,,, 2026-08-11 19:21:44 ,353165,,,,, approved ,40578326,1.2, active ,,,,1.05,,False,,,,321,,,,,,,False,, 2025-05-29 12:59:29 ,18629, exported ,,False,,True,True, 4645123 , https://www.vrbo.com/4645123?dateless=true ,
18629,396708, Dylan Robinson 744 (SCounty) ,,,,False,,1,,,,havensuperhost@gmail.com, approved ,1,, 2026-08-11 19:32:46 ,True,, 1445020842194659460 ,1.25,490316100, sync_rates_and_availability , onlyHostaway , 490316100 ,,,,9.9,,,,1.03,,,,15018101,,,,,,,,,,,,,,,,,,True,1501810101,,,,,, https://www.expedia.com/Gatlinburg-Hotels-Family-5BR-Cabin-Near-Downtown-Gatlinburg-With-Games-Hot-Tub.h120858748.Hotel-Information ,,False,,False,,,,,, https://www.google.com/travel/hotels/entity/CgoQzOfH_KGglMNdEAI=/overview?g2lb=43807868 ,True,,,, 2025-09-26 20:04:24 , https://www.vrbo.com/4864187?unitId=5438353 ,1.2,,,,False,120858748, 2025-05-29 13:21:41 ,True,False,True,True,1,,,,False,False,True,False,,, 2026-08-11 19:21:55 ,353170,,,,, approved ,40590887,1.2, active ,,,,1.05,,False,,,,322,,,,,,,False,, 2025-05-29 13:21:41 ,18629, exported ,,False,,True,True, 4864187 , https://www.vrbo.com/4864187?dateless=true ,
18629,398239, Lou and Elva Romano 2556 (SCounty) ,,,,False,,1,,,,staysimplireservations@gmail.com, approved ,1,, 2026-08-11 19:31:58 ,True,, 899281878782074465 ,1.25,45624891, sync_rates_and_availability , onlyHostaway , 45624891 ,,,,9,,,,1.03,,,,14681337,,,,,,,,,,,,,,,,,,True,1468133702,,,,,, https://www.expedia.com/Sevierville-Hotels-Mr-Blue-Skies-7BR-Sleeps-20-Views-Private-Pool.h94831595.Hotel-Information ,,False,,False,,,,,, https://www.google.com/travel/hotels/entity/CgsQzLaJtMDg57XOARAC/overview?g2lb=43807868 ,True,,,1, 2025-06-16 20:16:04 , https://www.vrbo.com/3424965?unitId=3998093 ,1.2,,,,False,94831595, 2025-06-03 14:11:00 ,True,False,True,True,1,,,,False,False,True,False,,, 2026-09-02 19:11:19 ,354698,,,,, approved ,40585477,1.2, active ,,,,1.05,,False,,,,323,,,,,,,False,, 2025-06-03 14:11:00 ,66979, exported ,,False,,False,True, 3424965 , https://www.vrbo.com/3424965?dateless=true ,
18629,398355, Josh Heuser 2646 (Scounty) ,,,,False,,1,,,,,,,, 2025-06-05 14:16:11 ,False,,,1.25,,, onlyHostaway ,,,,,9.4,,,,1.03,,,,,,,,,,,,,,,,,,,,,,False,,,,,,, https://www.expedia.com/Sevierville-Hotels-Game-TimePool.h113144888.Hotel-Information ,,False,,False,,,,,, https://www.google.com/travel/hotels/entity/CgoQuZHS5ZOn7c5AEAI=/overview?g2lb=43807868 ,False,,,1, 2025-06-16 20:16:00 , https://www.vrbo.com/4438051?unitId=5012220 ,1.06,,,,False,113144888, 2025-06-03 17:46:42 ,True,False,True,True,1,,,,False,False,True,False,,, 2025-12-19 16:29:04 ,354815,,,,, approved ,40585479,1.2, inactive ,,,,1.05,,False,,,,324, archived ,,,,,,False,, 2025-06-03 17:46:42 ,66979, not_exported ,,False,,False,True, 4438051 , https://www.vrbo.com/4438051?dateless=true ,
18629,398774, Patrick Glasco 2728 (Scounty) ,,,,False,,1,,,,,,,, 2026-04-20 17:05:08 ,False,,,1.25,,, onlyHostaway ,,,,,9.1,,,,1.03,,,,,,,,,,,,,,,,,,,,,,False,,,,,,, https://www.expedia.com/Sevierville-Hotels-Cha-Chas-Castle-8BR-Sleeps-30-W-Pool-Jacuzzi.h94831597.Hotel-Information ,,False,,False,,,,,, https://www.google.com/travel/hotels/entity/CgsQooW68LWRwoHXARAC/overview?g2lb=43807868 ,False,,,1, 2025-06-16 20:15:57 , https://www.vrbo.com/3424966?unitId=3998094 ,1.06,,,,False,94831597, 2025-06-04 17:02:48 ,True,False,True,False,1,,,,False,False,True,False,,, 2026-06-12 18:15:44 ,355230,,,,, approved ,40617798,1.2, inactive ,,,,1.05,,False,,,,325, archived ,,,,,,False,, 2025-06-04 17:02:48 ,66979, not_exported ,,False,,False,True, 3424966 , https://www.vrbo.com/3424966?dateless=true ,
18629,398775, Rachel Ewe 816 (GAT) ,,,,False,,1,,,,staysimplireservations@gmail.com, approved ,1,, 2026-08-11 19:34:33 ,True,, 1321615632291200478 ,1.25,45624891, sync_rates_and_availability , onlyHostaway , 45624891 ,,,,9.4,,,,1.03,,,,14673959,,,,,,,,,,,,,,,,,,True,1467395902,,,,,, https://www.expedia.com/Gatlinburg-Hotels-Chalet-Vista-Pool-Hot-Tub-Game-Room-Views.h71997118.Hotel-Information ,,False,,False,,,,,, https://www.google.com/travel/hotels/entity/CgoQ__KB4aPRx-xwEAI=/overview?g2lb=43807868 ,True,,,1, 2025-06-16 20:15:54 , https://www.vrbo.com/2511863?unitId=3081753 ,1.06,,,,False,71997118, 2025-06-04 17:03:25 ,True,False,True,True,1,,,,False,False,True,False,,, 2026-08-22 17:18:27 ,355231,,,,, approved ,40567817,1, active ,,,,1.05,,False,,,,326,,,,,,,False,, 2025-06-04 17:03:25 ,66979, exported ,,False,,False,True, 2511863 , https://www.vrbo.com/2511863?dateless=true ,
18629,398789, Angela McIlveen 811 (SCounty) ,,,,False,,1,,,,staysimplireservations@gmail.com, approved ,1,, 2026-04-29 17:22:34 ,True,, 1241908858970564698 ,1.25,45624891, sync_rates_and_availability , onlyHostaway , 45624891 ,,,,9.5,,,,1.03,,,,14681341,,,,,,,,,,,,,,,,,,True,1468134102,,,,,, https://www.expedia.com/Sevierville-Hotels-Best-Area-Views-GamesHotTubPrivate-PoolPuttPutt.h113144845.Hotel-Information ,,False,,False,,,,,, https://www.google.com/travel/hotels/entity/CgsQrMXiz6byk-vKARAC/overview?g2lb=43807868 ,True,,,1, 2025-06-16 20:15:49 , https://www.vrbo.com/4438039?unitId=5012208 ,1.2,,,,False,113144845, 2025-06-04 17:23:58 ,True,False,True,True,1,,,,False,False,True,False,,, 2026-08-11 19:22:44 ,355245,,,,, approved ,40567815,1.2, active ,,,,1.05,,False,,,,332,,,,,,,False,, 2025-06-04 17:23:58 ,66979, exported ,,False,,False,True, 4438039 , https://www.vrbo.com/4438039?dateless=true ,
18629,399869, Taylor Mast 793 (GAT) ,,,,False,,1,,,,staysimplireservations@gmail.com, approved ,1,, 2026-08-11 19:30:41 ,True,, 835626031109305768 ,1.3,45624891, sync_rates_and_availability , onlyHostaway , 45624891 ,,,,8.9,,,,1.03,,,,14673960,,,,,,,,,,,,,,,,,,True,1467396002,,,,,, https://www.expedia.com/Gatlinburg-Hotels-Grand-Vista-Lodge-Pool.h91614530.Hotel-Information ,,False,,False,,,,,, https://www.google.com/travel/hotels/entity/CgsQ87rx1t-Xj6qjARAC/overview?g2lb=43807868 ,True,,,1, 2025-06-16 20:15:37 , https://www.vrbo.com/3274101?unitId=3847196 ,1.2,,,,False,91614530, 2025-06-07 02:35:24 ,True,False,True,True,1,,,,False,False,True,False,,, 2026-08-11 19:22:56 ,356322,,,,, approved ,40631522,1.2, active ,,,,1.05,,False,,,,336,,,,,,,False,, 2025-06-07 02:35:24 ,66979, exported ,,False,,False,True, 3274101 , https://www.vrbo.com/3274101?dateless=true ,
18629,402604, Daryl Nelson 159 (JC) ,,,,False,,1,,,,david832haven@gmail.com, approved ,1,, 2026-08-11 19:30:43 ,True,, 1447160786534185718 ,1.25,279783412, sync_rates_and_availability , onlyHostaway , 279783412 ,,,,8.7,,,,1.03,,,,14453466,,,,,,,,,,,,,,,,,,True,1445346602,,,,,, https://www.expedia.com/Dandridge-Hotels-Blessed-Getaway-Hot-TubTheaterLakeViewGAMES.h118047969.Hotel-Information ,,False,,False,,,,,, https://www.google.com/travel/hotels/entity/CgoQ2pmTqPbpycAMEAI=/overview?g2lb=43807868 ,True,,,1, 2025-06-25 14:37:30 , https://www.vrbo.com/4665420?unitId=5239587 ,1.2,,,,False,118047969, 2025-06-13 20:40:12 ,True,False,True,True,1,,,,False,False,True,False,,, 2026-08-11 19:23:15 ,359056,,,,, rejected ,40547105,1.2, new ,,,,1.05,,False,,,,327,,,,,,,False,, 2025-06-13 20:40:12 ,18629, exported ,,False,,True,True, 4665420 , https://www.vrbo.com/4665420?dateless=true ,
18629,403210, Jamie Braddy 810 (GAT) ,,,,False,,1,,,,david832haven@gmail.com, approved ,,, 2026-08-11 19:31:36 ,True,, 1452267370795718597 ,1.25,279783412, sync_rates_and_availability , onlyHostaway , 279783412 ,,,,9.8,,,,1.03,,,,14600755,,,,,,,,,,,,,,,,,,True,1460075502,,,,,, https://www.expedia.com/Gatlinburg-Hotels-Gatlinburgs-Getaway-View.h118858875.Hotel-Information ,,False,,False,,,,,, https://www.google.com/travel/hotels/entity/CgsQicqP3PeYrNG6ARAC/overview?g2lb=43807868 ,False,,,1, 2025-07-16 19:51:46 , https://www.vrbo.com/4702841?unitId=5277008 ,1.2,,,,False,118858875, 2025-06-16 16:54:00 ,True,False,True,True,1,,,,False,False,True,False,,, 2026-08-11 19:23:27 ,359660,,,,, approved ,40556211,1.2, inactive ,,,,1.05,,False,,,,328,,,,,,,False,, 2025-06-16 16:54:00 ,18629, not_exported ,,False,,False,True, 4702841 , https://www.vrbo.com/4702841?dateless=true ,
18629,403224, Rachel Turbyville 2244 (SCounty) ,,,,False,,1,,,,,,,, 2025-06-18 19:31:06 ,False,,,1.25,,, onlyHostaway ,,,,,7.5,,,,1.03,,,,14637996,,,,,,,,,,,,,,,,,,True,1463799602,,,,,, https://www.expedia.com/Sevierville-Hotels-Tucked-Inn-Hot-Tub.h119054300.Hotel-Information ,,False,,False,,,,,, https://www.google.com/travel/hotels/entity/CgsQxf7OuZ6Th4DCARAC/overview?g2lb=43807868 ,False,,,, 2025-07-23 14:31:53 , https://www.vrbo.com/4713111?unitId=5287278 ,1.06,,,,False,119054300, 2025-06-16 17:25:30 ,True,False,True,True,1,,,,False,False,True,False,,, 2026-08-11 19:24:22 ,359674,,,,, approved ,40562699,1.2, inactive ,,,,1.05,,False,,,,329,,,,,,,False,, 2025-06-16 17:25:30 ,18629, not_exported ,,False,,False,True, 4713111 , https://www.vrbo.com/4713111?dateless=true ,
18629,403233, Rachel Turbyville 2246 (SCounty) ,,,,False,,1,,,,david832haven@gmail.com, approved ,,, 2026-08-11 19:29:17 ,True,, 1446530964512080382 ,1.25,279783412, sync_rates_and_availability , onlyHostaway , 279783412 ,,,,9.8,,,,1.03,,,,14638447,,,,,,,,,,,,,,,,,,True,1463844702,,,,,, https://www.expedia.com/Sevierville-Hotels.d6814.Travel-Guide-Hotels ,,False,,False,,,,,, https://www.google.com/travel/hotels/entity/CgsQipGy-_rTwpi6ARAC/overview?g2lb=43807868 ,False,,,, 2025-07-25 16:09:58 , https://www.vrbo.com/4717141?unitId=5291308 ,1,,,,False,119128656, 2025-06-16 17:45:40 ,True,False,True,True,1,,,,False,False,True,False,,, 2026-08-11 19:25:00 ,359683,,,,, approved ,40562701,1.2, inactive ,,,,1.05,,False,,,,330,,,,,,,False,, 2025-06-16 17:45:40 ,18629, not_exported ,,False,,False,True, 4717141 , https://www.vrbo.com/4717141?dateless=true ,
18629,403310, Brandon Brown 207 (GAT) ,,,,False,,1,,,,david832haven@gmail.com, approved ,1,, 2026-08-11 19:29:32 ,True,, 1451493047554986781 ,1.25,279783412, sync_rates_and_availability , onlyHostaway , 279783412 ,,,,8.7,,,,1.03,,,,14501794,,,,,,,,,,,,,,,,,,True,1450179402,,,,,, https://www.expedia.com/Gatlinburg-Hotels-Ski-View-Hideout-View.h118273526.Hotel-Information ,,False,,False,,,,,, https://www.google.com/travel/hotels/entity/CgsQ75yxofO6gM-nARAC/overview?g2lb=43807868 ,True,,,1, 2025-07-02 16:10:25 , https://www.vrbo.com/4677717?unitId=5251884 ,1.1,,,,False,118273526, 2025-06-16 19:55:47 ,True,False,True,True,1,,,,False,False,True,False,,, 2026-08-11 19:25:13 ,359760,,,,, approved ,40548905,1.2, active ,,,,1.05,,False,,,,331,,,,,,,False,, 2025-06-16 19:55:47 ,18629, exported ,,False,,True,True, 4677717 , https://www.vrbo.com/4677717?dateless=true ,
18629,406536, Nancy Nguyen 2832 (PF) ,,,,False,,1,,,,,,,, 2025-07-08 19:36:44 ,False,,,1.25,,, onlyHostaway ,,,,,,,,,1.03,,,,,,,,,,,,,,,,,,,,,,False,,,,,,,,,False,,False,,,,,,,False,,,,,,1,,,,False,, 2025-06-25 15:50:19 ,True,False,True,False,1,,,,False,False,True,False,,, 2026-02-16 14:56:52 ,362966,,,,,,,1.2,,,,,1.05,,False,,,,333, archived ,,,,,,False,, 2025-06-25 15:50:19 ,, not_exported ,,False,,False,False,,,
18629,407312, Jonathan Hill 4205 (GAT) ,,,,False,,1,,,,,,,, 2025-07-10 20:11:49 ,False,,,1.25,,, onlyHostaway ,,,,,9.3,,,,1.03,,,,,,,,,,,,,,,,,,,1,,,False,,,,,,, https://www.expedia.com/Gatlinburg-Hotels-Cloudtop-Escape-Fireplace-Community-Amenities.h119287643.Hotel-Information ,,False,,False,,,,,, https://www.google.com/travel/hotels/entity/CgoQ4Z79pJzTtLIqEAI=/overview?g2lb=43807868 ,False,,,, 2025-07-31 20:31:45 , https://www.vrbo.com/4728186?unitId=5302353 ,1,,,,False,119287643, 2025-06-27 19:07:22 ,True,False,True,False,1,,,,False,False,True,False,,, 2026-02-16 14:59:33 ,363742,,,,, approved ,40613780,1.2, inactive ,,,,1.05,,False,,,,334, archived ,,,,,,False,, 2025-06-27 19:07:22 ,18629, not_exported ,,False,,False,True, 4728186 , https://www.vrbo.com/4728186?dateless=true ,
18629,407952, Jeanine Spangler 1150 (SCounty) ,,,,False,,1,,,,,,,, 2025-07-18 17:50:32 ,False,,,1.25,,, onlyHostaway ,,,,,8.2,,,,1.03,,,,,,,,,,,,,,,,,,,,,,False,,,,,,, https://www.expedia.com/Sevierville-Hotels-Smokies-Sanctuary-Hot-Tub-Fireplace-FirePit.h119350886.Hotel-Information ,,False,,False,,,,,, https://www.google.com/travel/hotels/entity/CgoQk8SV89ma8P0KEAI=/overview?g2lb=43807868 ,False,,,, 2025-08-04 18:54:43 , https://www.vrbo.com/4734646?unitId=5308813 ,1,,,,False,119350886, 2025-06-30 17:18:47 ,True,False,True,False,1,,,,False,False,True,False,,, 2026-02-16 15:02:10 ,364379,,,,, approved ,40615124,1.2, inactive ,,,,1.05,,False,,,,335, archived ,,,,,,False,, 2025-06-30 17:18:47 ,18629, not_exported ,,False,,False,True, 4734646 , https://www.vrbo.com/4734646?dateless=true ,
18629,408382, Priya Dhawan 2534 (SCounty) ,,,,False,,1,,,,jordan@havenvacationrentals.com, approved ,1,, 2026-08-11 19:36:36 ,True,, 1455864320309618130 ,1.16,695348407, sync_rates_and_availability , onlyHostaway , 695348407 ,,,,9.9,,,,1.03,,,,15581422,,,,,,,,,,,,,,,,,,True,1558142201,,,,,, https://www.expedia.com/Sevierville-Hotels-Golf-Sim.h124791321.Hotel-Information ,,False,,False,,,,,, https://www.google.com/travel/hotels/entity/CgoQmZX5yKCfvLMPEAI=/overview?g2lb=43807868 ,True,,,, 2026-01-09 18:57:34 , https://www.vrbo.com/5037147?unitId=5611310 ,1,,,,False,124791321, 2025-07-01 18:08:42 ,True,False,True,True,1,,,1,False,False,True,False,,, 2026-08-28 14:31:59 ,364804,,,998656,, approved ,40631518,1.2, active ,,,,1.05,,False,,,,337,,,,,,,False,, 2025-07-01 18:08:42 ,18629, exported ,,False,,True,True, 5037147 , https://www.vrbo.com/5037147?dateless=true ,
18629,409413, Ramesh Kumar 772 (GAT) ,,,,False,,1,,,,david832haven@gmail.com, approved ,1,, 2026-08-11 19:31:55 ,True,, 1467537714524511897 ,1.25,279783412, sync_rates_and_availability , onlyHostaway , 279783412 ,,,,9.7,,,,1.03,,,,14766952,,,,,,,,,,,,,,,,,,True,1476695202,,,,,, https://www.expedia.com/Gatlinburg-Hotels-Bearfoot-Ridge-Hot-Tub-Game-Room-MTN-Views.h119600547.Hotel-Information ,,False,,False,,,,,, https://www.google.com/travel/hotels/entity/CgsQhaGs7YT15ZXWARAC/overview?g2lb=43807868 ,True,,,, 2025-08-14 13:53:30 , https://www.vrbo.com/4752171?unitId=5326338 ,1.06,,,,False,119600547, 2025-07-03 19:40:30 ,True,False,True,True,1,,,,False,False,True,False,,, 2026-08-11 19:25:58 ,365829,,,,, rejected ,40571823,1.2, new ,,,,1.05,,False,,,,338,,,,,,,False,, 2025-07-03 19:40:30 ,18629, exported ,,False,,True,True, 4752171 , https://www.vrbo.com/4752171?dateless=true ,
18629,409426, Nick Jacoby 440 (PCenter) ,,,,False,,1,,,,david832haven@gmail.com, approved ,1,, 2026-08-11 19:34:51 ,True,, 1466755716682405400 ,1.25,279783412, sync_rates_and_availability , onlyHostaway , 279783412 ,,,,9.4,,,,1.03,,,,14665529,,,,,,,,,,,,,,,,,,True,1466552902,,,,,, https://www.expedia.com/Gatlinburg-Hotels.d7474.Travel-Guide-Hotels ,,False,,False,,,,,, https://www.google.com/travel/hotels/entity/CgsQ-cnyqYK2s7-LARAC/overview?g2lb=43807868 ,True,,,, 2025-07-25 17:01:58 , https://www.vrbo.com/4717234?unitId=5291401 ,1.2,,,,False,119130107, 2025-07-03 20:07:01 ,True,False,True,True,1,,,,False,False,True,False,,, 2026-08-11 19:26:11 ,365842,,,,, approved ,40609728,1.2, active ,,,,1.05,,False,,,,339,,,,,,,False,, 2025-07-03 20:07:01 ,18629, exported ,,False,,True,True, 4717234 , https://www.vrbo.com/4717234?dateless=true ,
18629,411807, Matt Painter 2104 (KCity) ,,,,False,,1,,,,, approved ,1,, 2026-08-11 19:35:31 ,True,, 1467401184134041182 ,1.155,100290800, sync_rates_and_availability , onlyHostaway , 100290800 ,,,,8.8,,,,1.03,,,,14665629,,,,,,,,,,,,,,,,,,True,1466562902,,,,,, https://www.expedia.com/Knoxville-Hotels-Cozy-Corner-Spacious-Area-Outdoor-Lounges.h119174606.Hotel-Information ,,False,,False,,,,,, https://www.google.com/travel/hotels/entity/CgsQ8JS4kM3r-6STARAC/overview?g2lb=43807868 ,False,,,, 2025-07-28 14:19:07 , https://www.vrbo.com/4721113?unitId=5295280 ,1.06,,,,False,119174606, 2025-07-10 14:04:42 ,True,False,True,True,1,,,,False,False,True,False,,, 2026-08-27 15:00:45 ,368213,,,,, rejected ,40563755,1.2, new ,,,,1.05,,False,,,,340,,,,,,,False,, 2025-07-10 14:04:42 ,18629, not_exported ,,False,,True,True, 4721113 , https://www.vrbo.com/4721113?dateless=true ,
18629,413958, Sarah George 2208 (GAT) ,,,,False,,1,,,,,,,, 2025-07-29 19:35:42 ,False,,,1.25,,, onlyHostaway ,,,,,,,,,1.03,,,,,,,,,,,,,,,,,,,,,,False,,,,,,,,,False,,False,,,,,,,False,,,,,,1.06,,,,False,, 2025-07-16 20:26:30 ,True,False,True,False,1,,,,False,False,True,False,,, 2026-02-16 15:04:18 ,370363,,,,,,,1.2,,,,,1.05,,False,,,,341, archived ,,,,,,False,, 2025-07-16 20:26:30 ,, not_exported ,,False,,False,False,,,
18629,413961, Ann Pulgar 3017 (SCounty) ,,,,False,,1,,,,,,,, 2025-07-22 19:15:12 ,False,,,1.25,,, onlyHostaway ,,,,,10,,,,1.03,,,,,,,,,,,,,,,,,,,,,,False,,,,,,, https://www.expedia.com/Sevierville-Hotels-Smoky-Mountain-Nest-Hot-TubLake-ViewFireplace.h119213810.Hotel-Information ,,False,,False,,,,,, https://www.google.com/travel/hotels/entity/CgsQmurQipPktqOsARAC/overview?g2lb=43807868 ,False,,,, 2025-07-30 13:56:34 ,,1.06,,,,False,119213810, 2025-07-16 20:36:46 ,True,False,True,True,1,,,,False,False,True,False,,, 2026-02-16 15:04:37 ,370366,,,,, rejected ,40566473,1.2, new ,,,,1.05,,False,,,,342, archived ,,,,,,False,, 2025-07-16 20:36:46 ,18629, not_exported ,,False,,True,True, 4723552 , https://www.vrbo.com/4723552?dateless=true ,
18629,413965, Jenn Sackenheim 112-B3 (KCity) ,,,,False,,1,,,,, approved ,1,, 2026-08-11 19:36:14 ,True,, 1699346368890855251 ,1.25,100290800, sync_rates_and_availability , onlyHostaway , 100290800 ,,,,8.3,,,,1.03,,,,16666612,,,,,,,,,,,,,,,,,,True,1666661201,,,,,, https://www.expedia.com/Knoxville-Hotels-Stylish-Loft-In-South-Gay-Downtown-Knoxville.h132503714.Hotel-Information ,,False,,False,,,,,, https://www.google.com/travel/hotels/entity/CgoQ05qM8KW-_YV-EAI=/overview?g2lb=43807868 ,True,,,, 2026-06-09 16:32:04 , https://ws.homeaway.com/public/listing?id=5325344vb ,1.06,,,,False,132503714, 2025-07-16 20:47:52 ,True,False,True,True,1,,,,False,False,True,False,,, 2026-08-24 15:46:38 ,370370,,,,, pending ,40755047,1.2, new ,,,,1.05,,False,,,,343,,,,,,,False,, 2025-07-16 20:47:52 ,18629, exported ,,False,,True,True, 5325344 , https://www.vrbo.com/5325344?dateless=true ,
18629,415225, Jeanine Patterson 1161 (GAT) ,,,,False,,1,,,,david832haven@gmail.com, approved ,1,, 2026-08-11 19:41:17 ,True,, 1475387421235216136 ,1.25,279783412, sync_rates_and_availability , onlyHostaway , 279783412 ,,,,7.4,,,,1.03,,,,14871479,,,,,,,,,,,,,,,,,,True,1487147901,,,,,, https://www.expedia.com/Gatlinburg-Hotels-Smoky-Hearth-Retreat-Pool.h120085260.Hotel-Information ,,False,,False,,,,,, https://www.google.com/travel/hotels/entity/CgsQ3I7Qw7ruiJT7ARAC/overview?g2lb=43807868 ,True,,,, 2025-09-01 20:09:50 , https://www.vrbo.com/4791487?unitId=5365654 ,1,,,,False,120085260, 2025-07-21 14:56:02 ,True,False,True,True,1,,,,False,False,True,False,,, 2026-08-11 19:26:56 ,371618,,,,, approved ,40577233,1.2, active ,,,,1.05,,False,,,,344,,,,,,,False,, 2025-07-21 14:56:02 ,18629, exported ,,False,,True,True, 4791487 , https://www.vrbo.com/4791487?dateless=true ,
18629,416589, Orel Brodt 325 (KCity) ,,,,False,,1,,,,,,,, 2025-07-24 18:16:52 ,False,,,1.25,,, onlyHostaway ,,,,,9.2,,,,1.03,,,,,,,,,,,,,,,,,,,,,,False,,,,,,, https://www.expedia.com/Knoxville-Hotels-Luxurious-Loft-Overlooking-Market-Square.h120044199.Hotel-Information ,,False,,False,,,,,, https://www.google.com/travel/hotels/entity/CgoQ2rGno5TB2JciEAI=/overview?g2lb=43807868 ,False,,,, 2025-08-29 19:10:12 ,,1.06,,,,False,120044199, 2025-07-24 18:15:11 ,True,False,True,True,1,,,,False,False,True,False,,, 2026-02-16 15:05:13 ,372981,,,,, approved ,40622546,1.2, inactive ,,,,1.05,,False,,,,345, archived ,,,,,,False,, 2025-07-24 18:15:11 ,18629, not_exported ,,False,,False,True, 4786538 , https://www.vrbo.com/4786538?dateless=true ,
18629,418398, Robin Lall 3931 (SCounty) ,,,,False,,1,,,,david832haven@gmail.com, approved ,1,, 2026-08-11 19:33:18 ,True,, 1483341472665038848 ,1.25,279783412, sync_rates_and_availability , onlyHostaway , 279783412 ,,,,9.9,,,,1.03,,,,14852044,,,,,,,,,,,,,,,,,,True,1485204401,,,,,, https://www.expedia.com/Sevierville-Hotels-HoneyscapeTreehouseHotTubIntimateGetawayFirepit.h120034681.Hotel-Information ,,False,,False,,,,,, https://www.google.com/travel/hotels/entity/CgsQkPy2spHVkJzTARAC/overview?g2lb=43807868 ,True,,,, 2025-08-29 15:07:31 ,,1.06,,,,False,120034681, 2025-07-30 20:15:24 ,True,False,True,True,1,,,,False,False,True,False,,, 2026-08-11 19:27:09 ,374788,,,,, rejected ,40622368,1.2, new ,,,,1.05,,False,,,,346,,,,,,,False,, 2025-07-30 20:15:24 ,18629, exported ,,False,,True,True, 4786116 , https://www.vrbo.com/4786116?dateless=true ,
18629,420819, Nathan Holden 1009 (SCounty) ,,,,False,,1,,,,,,,, 2025-08-21 17:34:42 ,False,,,1.25,,, onlyHostaway ,,,,,,,,,1.03,,,,,,,,,,,,,,,,,,,,,,False,,,,,,,,,False,,False,,,,,,,False,,,,,,1,,,,False,, 2025-08-06 17:37:40 ,True,False,True,False,1,,,,False,False,True,False,,, 2026-02-16 15:05:42 ,377202,,,,,,,1.2,,,,,1.05,,False,,,,347, archived ,,,,,,False,, 2025-08-06 17:37:40 ,, not_exported ,,False,,False,False,,,
18629,422503, Karen Wanamarta 3736 (SCounty) ,,,,False,,1,,,,david832haven@gmail.com, approved ,1,, 2026-08-31 13:18:08 ,True,, 1487824812857872070 ,1.25,279783412, sync_rates_and_availability , onlyHostaway , 279783412 ,,,,9.5,,,,1.03,,,,14951361,,,,,,,,,,,,,,,,,,True,1495136101,,,,,, https://www.expedia.com/Sevierville-Hotels-Dollys-Darling-Cabin-Views.h119850625.Hotel-Information ,,False,,False,,,,,, https://www.google.com/travel/hotels/entity/CgsQ0b2bq5a-15CVARAC/overview?g2lb=43807868 ,True,,,, 2025-08-22 19:49:32 , https://www.vrbo.com/4771929?unitId=5346096 ,1,,,,False,119850625, 2025-08-11 17:06:29 ,True,False,True,True,1,,,,False,False,True,False,, Failed to generate access token in time , 2026-08-30 17:45:27 ,378882,,,,, approved ,40585015,1.2, active ,,,,1.05,,False,,,,348,,,,,,,False,, 2025-08-11 17:06:29 ,18629, exported ,,False,,True,True, 4771929 , https://www.vrbo.com/4771929?dateless=true ,
18629,422587, Jerry Pegram 2137 (SCounty) ,,,,False,,1,,,,david832haven@gmail.com, approved ,1,, 2026-08-12 19:26:36 ,True,, 1500811441674438606 ,1.3,279783412, sync_rates_and_availability , onlyHostaway , 279783412 ,,,,9.8,,,,1.03,,,,14951364,,,,,,,,,,,,,,,,,,True,1495136401,,,,,, https://www.expedia.com/Sevierville-Hotels-Secluded-Cabin-Hot-Tub.h120767997.Hotel-Information ,,False,,False,,,,,, https://www.google.com/travel/hotels/entity/CgsQ_86SuOObwKOfARAC/overview?g2lb=43807868 ,True,,,1, 2025-09-16 13:32:53 , https://www.vrbo.com/4857137?unitId=5431303 ,1.1,,,,False,120767997, 2025-08-11 21:57:22 ,True,False,True,True,1,,,,False,False,True,False,,, 2026-08-12 19:14:36 ,378966,,,,, approved ,40585017,1.2, active ,,,,1.05,,False,,,,349,,,,,,,False,, 2025-08-11 21:57:22 ,18629, exported ,,False,,True,True, 4857137 , https://www.vrbo.com/4857137?dateless=true ,
18629,423920, Marcy Holloway 3110 (SCounty) ,,,,False,,1,,,,,,,, 2025-09-05 17:24:10 ,False,,,1.25,,, onlyHostaway ,,,,,9.1,,,,1.03,,,,,,,,,,,,,,,,,,,,,,False,,,,,,, https://www.expedia.com/Sevierville-Hotels-Scandinavian-Getaway-Cozy-Vibe-W-Outdoor-Lounge.h120768004.Hotel-Information ,,False,,False,,,,,, https://www.google.com/travel/hotels/entity/CgsQn9Cond-q_NypARAC/overview?g2lb=43807868 ,False,,,1, 2025-09-17 15:31:09 ,,1.06,,,,False,120768004, 2025-08-15 18:10:59 ,True,False,True,False,1,,,,False,False,True,False,,, 2026-03-23 18:19:04 ,380299,,,,, approved ,40631942,1.2, inactive ,,,,1.05,,False,,,,350, archived ,,,,,,False,, 2025-08-15 18:10:59 ,18629, not_exported ,,False,,False,True, 4857138 , https://www.vrbo.com/4857138?dateless=true ,
18629,423924, Patty Cloninger 2208 (SCounty) ,,,,False,,1,,,,david832haven@gmail.com, approved ,1,, 2026-08-11 19:35:30 ,True,, 1496499601296237112 ,1.25,279783412, sync_rates_and_availability , onlyHostaway , 279783412 ,,,,9.5,,,,1.03,,,,15146769,,,,,,,,,,,,,,,,,,True,1514676901,,,,,, https://www.expedia.com/Sevierville-Hotels-Peaceful-Retreat-Hot-Tub.h121944517.Hotel-Information ,,False,,False,,,,,, https://www.google.com/travel/hotels/entity/CgoQtZXH4NKiiNQUEAI=/overview?g2lb=43807868 ,True,,,, 2025-10-22 19:08:16 ,,1,,,,False,121944517, 2025-08-15 18:30:37 ,True,False,True,True,1,,,,False,False,True,False,,, 2026-08-11 19:27:53 ,380303,,,,, approved ,40601231,1.2, active ,,,,1.05,,False,,,,351,,,,,,,False,, 2025-08-15 18:30:37 ,18629, exported ,,False,,True,True, 4909204 , https://www.vrbo.com/4909204?dateless=true ,
18629,423929, Patrick Lannon 210 (KCity) ,,,,False,,1,,,,, approved ,1,, 2026-08-11 19:34:08 ,True,, 1502221068953498404 ,1.155,100290800, sync_rates_and_availability , onlyHostaway , 100290800 ,,,,10,,,,1.03,,,,15057646,,,,,,,,,,,,,,,,,,True,1505764601,,,,,, https://www.expedia.com/Knoxville-Hotels-Urban-Haven-Loft-Near-Market-Square.h121302303.Hotel-Information ,,False,,False,,,,,, https://www.google.com/travel/hotels/entity/CgsQ6tDP653gruS5ARAC/overview?g2lb=43807868 ,True,,,, 2025-10-06 17:46:16 , https://www.vrbo.com/4883466?unitId=5457630 ,1.06,,,,False,121302303, 2025-08-15 18:48:28 ,True,False,True,True,1,,,,False,False,True,False,,, 2026-08-11 19:28:05 ,380308,,,,, approved ,40641784,1.2, active ,,,,1.05,,False,,,,352,,,,,,,False,, 2025-08-15 18:48:28 ,18629, exported ,,False,,True,True, 4883466 , https://www.vrbo.com/4883466?dateless=true ,
18629,431015, Bob Surak 2010 (SCounty) ,,,,False,,1,,,,david832haven@gmail.com, approved ,1,, 2026-08-11 19:35:07 ,True,, 1506577695949789522 ,1.3,279783412, sync_rates_and_availability , onlyHostaway , 279783412 ,,,,9.6,,,,1.03,,,,15018100,,,,,,,,,,,,,,,,,,True,1501810001,,,,,, https://www.expedia.com/Sevierville-Hotels-Rustic-Cove-Views.h120858746.Hotel-Information ,,False,,False,,,,,, https://www.google.com/travel/hotels/entity/CgoQ74LGvbbWlZ4BEAI=/overview?g2lb=43807868 ,True,,,, 2025-09-26 20:03:38 , https://www.vrbo.com/4864186?unitId=5438352 ,1.2,,,,False,120858746, 2025-09-08 14:57:50 ,True,False,True,True,1,,,,False,False,True,False,, Failed to sync listing images for listing 431015 , 2026-08-29 19:02:49 ,387367,,,,, rejected ,40637232,1.2, new ,,,,1.05,,False,,,,353,,,,,,,False,, 2025-09-08 14:57:50 ,18629, exported ,,False,,True,True, 4864186 , https://www.vrbo.com/4864186?dateless=true ,
18629,431878, Jeff Winberry 2627 (BC) ,,,,False,,1,,,,david832haven@gmail.com, approved ,1,, 2026-03-24 13:45:06 ,True,, 1510810725831113013 ,1.155,279783412, sync_rates_and_availability , onlyHostaway , 279783412 ,,,,10,,,,1.03,,,,15031695,,,,,,,,,,,,,,,,,,True,1503169501,,,,,, https://www.expedia.com/Maryville-Hotels-The-White-Lodge-4BDR-Sleeps-8-With-Fire-Pit.h121111117.Hotel-Information ,,False,,False,,,,,, https://www.google.com/travel/hotels/entity/CgsQ0Pq5yYfx3MvSARAC/overview?g2lb=43807868 ,True,,,, 2025-10-01 13:53:13 , https://ws.homeaway.com/public/listing?id=4875303vb ,1.06,,,,False,121111117, 2025-09-10 17:50:59 ,True,False,True,True,1,,,,False,False,True,False,,, 2026-08-11 19:28:30 ,388230,,,,, approved ,40640296,1.2, active ,,,,1.05,,False,,,,354,,,,,,,False,, 2025-09-10 17:50:59 ,18629, exported ,,False,,True,True, 4875303 , https://www.vrbo.com/4875303?dateless=true ,
18629,432526, Daniel Shepherd 1931 (SCounty) ,,,,False,,1,,,,david832haven@gmail.com, approved ,1,, 2026-08-11 19:33:26 ,True,, 1557411243649201487 ,1.25,279783412, sync_rates_and_availability , onlyHostaway , 279783412 ,,,,9.2,,,,1.03,,,,15540163,,,,,,,,,,,,,,,,,,True,1554016301,,,,,, https://www.expedia.com/Sevierville-Hotels-Smokies-Mountain-Charm-Views.h124412492.Hotel-Information ,,False,,False,,,,,, https://www.google.com/travel/hotels/entity/CgoQ1p2rqOy1v_t2EAI=/overview?g2lb=43807868 ,True,,,, 2025-12-30 18:54:17 , https://www.vrbo.com/5021705?unitId=5595868 ,1.06,,,,False,124412492, 2025-09-12 14:15:32 ,True,False,True,True,1,,,,False,False,True,False,,, 2026-08-16 14:46:28 ,388878,,,,, approved ,40671053,1.2, active ,,,,1.05,,False,,,,355,,,,,,,False,, 2025-09-12 14:15:32 ,18629, exported ,,False,,True,True, 5021705 , https://www.vrbo.com/5021705?dateless=true ,
18629,432546, Simon Shanco 1626 (GAT) ,,,,False,,1,,,,david832haven@gmail.com, approved ,1,, 2026-08-11 19:39:13 ,True,, 1518928763163347361 ,1.25,279783412, sync_rates_and_availability , onlyHostaway , 279783412 ,,,,9.3,,,,1.03,,,,15037602,,,,,,,,,,,,,,,,,,True,1503760201,,,,,, https://www.expedia.com/Gatlinburg-Hotels-Whispers-Of-The-Smokies-Hot-TubPool-TableGrill.h121171718.Hotel-Information ,,False,,False,,,,,, https://www.google.com/travel/hotels/entity/CgsQw9D36ZH_hPvNARAC/overview?g2lb=43807868 ,True,,,, 2025-10-02 17:30:12 , https://www.vrbo.com/4877683?unitId=5451847 ,1.06,,,,False,121171718, 2025-09-12 14:58:50 ,True,False,True,True,1,,,,False,False,True,False,,, 2026-08-25 13:31:13 ,388898,,,,, approved ,40594569,1.2, active ,,,,1.05,,False,,,,356,,,,,,,False,, 2025-09-12 14:58:50 ,18629, exported ,,False,,True,True, 4877683 , https://www.vrbo.com/4877683?dateless=true ,
18629,432553, Kerry Doane 3005 (SCounty) ,,,,False,,1,,,,david832haven@gmail.com, approved ,,, 2026-08-11 19:37:06 ,True,, 1537736101383677304 ,1.25,279783412, sync_rates_and_availability , onlyHostaway , 279783412 ,,,,9.2,,,,1.03,,,,15189413,,,,,,,,,,,,,,,,,,True,1518941301,,,,,, https://www.expedia.com/Sevierville-Hotels-Secluded-Cabin-W-Mountain-Views.h122238680.Hotel-Information ,,False,,False,,,,,, https://www.google.com/travel/hotels/entity/CgoQl8bGoqLn9bE6EAI=/overview?g2lb=43807868 ,False,,,, 2025-10-29 19:28:10 , https://ws.homeaway.com/public/listing?id=4922307vb ,1.06,,,,False,122238680, 2025-09-12 15:27:07 ,True,False,True,True,1,,,,False,False,True,False,,, 2026-08-11 19:29:16 ,388905,,,,, approved ,40605951,1.2, inactive ,,,,1.05,,False,,,,357,,,,,,,False,, 2025-09-12 15:27:07 ,18629, not_exported ,,False,,False,True, 4922307 , https://www.vrbo.com/4922307?dateless=true ,
18629,432565, David Artuso 69 ,,,,False,,1,,,,david832haven@gmail.com, approved ,1,, 2026-08-11 19:39:53 ,True,, 1508727552775966820 ,1.25,279783412, sync_rates_and_availability , onlyHostaway , 279783412 ,,,,,,,,1,,,,,,,,,,,,,,,,,,,,,,False,,,,,,,,,False,,False,,,,,,,False,,,,,,1,,,,False,, 2025-09-12 15:48:14 ,True,False,True,False,1,,,,False,False,True,False,,, 2026-08-11 19:29:28 ,388917,,,,,,,1,,,,,1,,False,,,,358,,,,,,,False,, 2025-09-12 15:48:14 ,, not_exported ,,False,,False,False,,,
18629,434009, Bobby Nicely 1132 (SCounty) ,,,,False,,1,,,,david832haven@gmail.com, approved ,1,, 2026-08-11 19:41:20 ,True,, 1513865651097655952 ,1.25,279783412, sync_rates_and_availability , onlyHostaway , 279783412 ,,,,9.1,,,,1.03,,,,15196510,,,,,,,,,,,,,,,,,,True,1519651001,,,,,, https://www.expedia.com/Sevierville-Hotels-Fireside-Lodge-Lake-View.h122238678.Hotel-Information ,,False,,False,,,,,, https://www.google.com/travel/hotels/entity/CgoQk8KAj5qXhp8NEAI=/overview?g2lb=43807868 ,True,,,, 2025-10-29 19:28:04 , https://www.vrbo.com/4922306?unitId=5496470 ,1.06,,,,False,122238678, 2025-09-17 17:43:01 ,True,False,True,True,1,,,,False,False,True,False,,, 2026-08-11 19:29:45 ,390361,,,,, approved ,40603269,1.2, active ,,,,1.05,,False,,,,359,,,,,,,False,, 2025-09-17 17:43:01 ,18629, exported ,,False,,True,True, 4922306 , https://www.vrbo.com/4922306?dateless=true ,
18629,434010, Mohan Thorat 2424 (SCounty) ,,,,False,,1,,,,david832haven@gmail.com, approved ,1,, 2026-08-14 20:38:28 ,True,, 1521827368510833056 ,1.25,279783412, sync_rates_and_availability , onlyHostaway , 279783412 ,,,,9.8,,,,1.03,,,,15189412,,,,,,,,,,,,,,,,,,True,1518941201,,,,,, https://www.expedia.com/Sevierville-Hotels-The-Real-McCoy-Epic-Views.h122238684.Hotel-Information ,,False,,False,,,,,, https://www.google.com/travel/hotels/entity/CgoQpuDpj6TNrpESEAI=/overview?g2lb=43807868 ,True,,,, 2025-10-29 19:28:24 , https://www.vrbo.com/4922308?unitId=5496472 ,1.06,,,,False,122238684, 2025-09-17 17:43:45 ,True,False,True,True,1,,,,False,False,True,False,,, 2026-08-22 19:31:58 ,390362,,,,, approved ,40603271,1.2, active ,,,,1.05,,False,,,,360,,,,,,,False,, 2025-09-17 17:43:45 ,18629, exported ,,False,,True,True, 4922308 , https://www.vrbo.com/4922308?dateless=true ,
18629,434011, Janet Briel 316 (KCity) ,,,,False,,1,,,,, approved ,1,, 2026-08-11 19:36:19 ,True,, 1516792285453393674 ,1.155,100290800, sync_rates_and_availability , onlyHostaway , 100290800 ,,,,9.2,,,,1.03,,,,15156664,,,,,,,,,,,,,,,,,,True,1515666401,,,,,, https://www.expedia.com/Knoxville-Hotels-Cityscape-Townhouse-Near-Market-Square-Downtown.h122085284.Hotel-Information ,,False,,False,,,,,, https://www.google.com/travel/hotels/entity/CgoQhom9oOPk5_4sEAI=/overview?g2lb=43807868 ,True,,,, 2025-10-24 14:49:55 , https://www.vrbo.com/4914041?unitId=5488205 ,1.06,,,,False,122085284, 2025-09-17 17:47:43 ,True,False,True,True,1,,,,False,False,True,False,,, 2026-08-11 19:30:14 ,390363,,,,, approved ,40602123,1.2, active ,,,,1.05,,False,,,,361,,,,,,,False,, 2025-09-17 17:47:43 ,18629, exported ,,False,,True,True, 4914041 , https://www.vrbo.com/4914041?dateless=true ,
18629,436020, Rick Norris 1712 (SCounty) ,,,,False,,1,,,,david832haven@gmail.com, approved ,1,, 2026-08-11 19:41:38 ,True,, 1518189021020194226 ,1.25,279783412, sync_rates_and_availability , onlyHostaway , 279783412 ,,,,10,,,,1.03,,,,15057647,,,,,,,,,,,,,,,,,,True,1505764701,,,,,, https://www.expedia.com/Sevierville-Hotels-Warm-Modern-Lodge-Hot-Tub.h121302335.Hotel-Information ,,False,,False,,,,,, https://www.google.com/travel/hotels/entity/CgoQh6-y8fXfoNwMEAI=/overview?g2lb=43807868 ,True,,,, 2025-10-06 17:49:03 , https://www.vrbo.com/4883473?unitId=5457637 ,1.06,,,,False,121302335, 2025-09-24 16:03:25 ,True,False,True,True,1,,,,False,False,True,False,,, 2026-08-11 19:30:27 ,392372,,,,, rejected ,40595599,1.2, new ,,,,1.05,,False,,,,362,,,,,,,False,, 2025-09-24 16:03:25 ,18629, exported ,,False,,True,True, 4883473 , https://www.vrbo.com/4883473?dateless=true ,
18629,436992, Juan Nunez 3272 (SCounty) ,,,,False,,1,,,,david832haven@gmail.com, approved ,1,, 2026-08-24 20:10:03 ,True,, 1528296981417954550 ,1.25,279783412, sync_rates_and_availability , onlyHostaway , 279783412 ,,,,9,,,,1.03,,,,15138548,,,,,,,,,,,,,,,,,,True,1513854801,,,,,, https://www.expedia.com/Sevierville-Hotels-Rustic-RidgeView-Hot-Tub.h121848809.Hotel-Information ,,False,,False,,,,,, https://www.google.com/travel/hotels/entity/CgsQ243-v83Dr4b2ARAC/overview?g2lb=43807868 ,True,,,, 2025-10-22 19:26:44 ,,1.06,,,,False,121848809, 2025-09-26 21:16:22 ,True,False,True,True,1,,,,False,False,True,False,,, 2026-08-24 20:03:38 ,393344,,,,, approved ,40646690,1.2, active ,,,,1.05,,False,,,,363,,,,,,,False,, 2025-09-26 21:16:22 ,18629, exported ,,False,,True,True, 4904759 , https://www.vrbo.com/4904759?dateless=true ,
18629,436996, Lauren Dela Cruz 1550 (SCounty) ,,,,False,,1,,,,david832haven@gmail.com, approved ,1,, 2026-08-11 19:39:23 ,True,, 1526974154265869679 ,1.25,279783412, sync_rates_and_availability , onlyHostaway , 279783412 ,,,,9.4,,,,1.03,,,,12675327,,,,,,,,,,,,,,,,,,True,1267532701,,,,,, https://www.expedia.com/Sevierville-Hotels-Pitch-Perfect-View.h121848797.Hotel-Information ,,False,,False,,,,,, https://www.google.com/travel/hotels/entity/CgoQrJqHwr-xk444EAI=/overview?g2lb=43807868 ,True,,,, 2025-11-06 16:55:30 ,,1.06,,,,False,121848797, 2025-09-26 21:29:52 ,True,False,True,True,1,,,,False,False,True,False,,, 2026-08-11 19:32:01 ,393348,,,,, approved ,40646692,1.2, active ,,,,1.05,,False,,,,364,,,,,,,False,, 2025-09-26 21:29:52 ,18629, exported ,,False,,True,True, 4904757 , https://www.vrbo.com/4904757?dateless=true ,
18629,436999, Lauren Dela Cruz 526 (PF) ,,,,False,,1,,,,david832haven@gmail.com, approved ,1,, 2026-08-11 19:42:24 ,True,, 1526839236376685893 ,1.25,279783412, sync_rates_and_availability , onlyHostaway , 279783412 ,,,,9.6,,,,1.03,,,,12675415,,,,,,,,,,,,,,,,,,True,1267541501,,,,,, https://www.expedia.com/Pigeon-Forge-Hotels-Bearly-Behavin-Hot-Tub.h121848776.Hotel-Information ,,False,,False,,,,,, https://www.google.com/travel/hotels/entity/CgoQ6L3mtJrd0MUiEAI=/overview?g2lb=43807868 ,True,,,, 2025-11-06 16:55:39 ,,1.06,,,,False,121848776, 2025-09-26 21:41:54 ,True,False,True,True,1,,,,False,False,True,False,,, 2026-08-13 22:46:52 ,393351,,,,, approved ,40600301,1.2, active ,,,,1.05,,False,,,,365,,,,,,,False,, 2025-09-26 21:41:54 ,18629, exported ,,False,,True,True, 4904754 , https://www.vrbo.com/4904754?dateless=true ,
18629,437003, Krista Fontana 2779 (SCounty) ,,,,False,,1,,,,david832haven@gmail.com, approved ,1,, 2026-08-11 19:44:09 ,True,, 1537011831805109953 ,1.25,279783412, sync_rates_and_availability , onlyHostaway , 279783412 ,,,,10,,,,1.03,,,,15156667,,,,,,,,,,,,,,,,,,True,1515666701,,,,,, https://www.expedia.com/Sevierville-Hotels-Sleeps-10.h122085280.Hotel-Information ,,False,,False,,,,,, https://www.google.com/travel/hotels/entity/CgoQyKqE76f8j_NbEAI=/overview?g2lb=43807868 ,True,,,, 2025-10-24 14:49:57 , https://www.vrbo.com/4914040?unitId=5488204 ,1.15,,,,False,122085280, 2025-09-26 21:55:01 ,True,False,True,True,1,,,,False,False,True,False,,, 2026-08-11 19:32:27 ,393355,,,,, approved ,40602125,1.2, active ,,,,1.05,,False,,,,366,,,,,,,False,, 2025-09-26 21:55:01 ,18629, exported ,,False,,True,True, 4914040 , https://www.vrbo.com/4914040?dateless=true ,
18629,444432, Laurie Keenan 3428 (JC) ,,,,False,,1,,,,david832haven@gmail.com, approved ,1,, 2026-08-11 19:46:15 ,True,, 1542100392956379191 ,1.25,279783412, sync_rates_and_availability , onlyHostaway , 279783412 ,,,,9.3,,,,1.03,,,,15251531,,,,,,,,,,,,,,,,,,True,1525153101,,,,,, https://www.expedia.com/White-Pine-Hotels-Whiskey-Cove-Lake-View.h122726960.Hotel-Information ,,False,,False,,,,,, https://www.google.com/travel/hotels/entity/CgsQh_zHkrKEu6_tARAC/overview?g2lb=43807868 ,True,,,, 2025-11-10 16:42:44 , https://www.vrbo.com/4942949?unitId=5517112 ,1.06,,,,False,122726960, 2025-10-20 16:40:33 ,True,False,True,True,1,,,,False,False,True,False,,, 2026-08-11 19:32:41 ,400780,,,,, rejected ,40657192,1.2, new ,,,,1.05,,False,,,,367,,,,,,,False,, 2025-10-20 16:40:33 ,18629, exported ,,False,,True,True, 4942949 , https://www.vrbo.com/4942949?dateless=true ,
18629,445961, Emily Korte 1114 (SCounty) ,,,,False,,1,,,,david832haven@gmail.com, approved ,,, 2026-08-11 19:42:28 ,True,, 1552962945872163491 ,1.25,279783412, sync_rates_and_availability , onlyHostaway , 279783412 ,,,,9.7,,,,1.03,,,,15312714,,,,,,,,,,,,,,,,,,True,1531271401,,,,,, https://www.expedia.com/Sevierville-Hotels-Bluebird-Escape-Rooftop-Deck.h123040249.Hotel-Information ,,False,,False,,,,,, https://www.google.com/travel/hotels/entity/CgsQ096V3cCw6I-YARAC/overview?g2lb=43807868 ,False,,,, 2025-11-19 20:19:21 ,,1.06,,,,False,123040249, 2025-10-23 18:37:02 ,True,False,True,True,1,,,,False,False,True,False,,, 2026-08-11 19:33:00 ,402303,,,,, approved ,40662640,1.2, inactive ,,,,1.05,,False,,,,368,,,,,,,False,, 2025-10-23 18:37:02 ,18629, not_exported ,,False,,False,True, 4958680 , https://www.vrbo.com/4958680?dateless=true ,
18629,447892, Patrick Hurd 1825 (SCounty) ,,,,False,,1,,,,david832haven@gmail.com, approved ,1,, 2026-08-11 19:42:05 ,True,, 1609364815734710865 ,1.25,279783412, sync_rates_and_availability , onlyHostaway , 279783412 ,,,,8.9,,,,1.03,,,,10316828,,,,,,,,,,,,,,,,,,True,1031682801,,,,,, https://www.expedia.com/Sevierville-Hotels-Sunshine-Cottage-Hot-Tub.h125763460.Hotel-Information ,,False,,False,,,,,,,True,,,, 2026-02-04 15:46:41 , https://www.vrbo.com/5084475?unitId=5658637 ,1.06,,,,False,125763460, 2025-10-29 20:38:45 ,True,False,True,False,1,,,,False,False,True,False,,, 2026-08-23 13:35:33 ,404233,,,,, approved ,40738438,1.2, active ,,,,1.05,,False,,,,369,,,,,,,False,, 2025-10-29 20:38:45 ,18629, exported ,,False,,True,True, 5084475 , https://www.vrbo.com/5084475?dateless=true ,
18629,449759, Laurie Keenan Combo 2587/2589 (SCounty) ,,,,False,,1,,,,david832haven@gmail.com, approved ,1,, 2026-09-01 17:35:09 ,True,, 1547198600320116282 ,1.25,279783412, sync_rates_and_availability , onlyHostaway , 279783412 ,,,,10,,,,1.03,,,,15251532,,,,,,,,,,,,,,,,,,True,1525153201,,,,,, https://www.expedia.com/Sevierville-Hotels-Whiskey-Duo-2-Cabins-SidebySide.h122726961.Hotel-Information ,,False,,False,,,,,, https://www.google.com/travel/hotels/entity/CgoQ4f_CtsTp3fR5EAI=/overview?g2lb=43807868 ,True,,,, 2025-11-10 16:42:40 ,,1.06,,,,False,122726961, 2025-11-04 23:01:11 ,True,False,True,True,1,,,1,False,False,True,False,,, 2026-09-01 17:29:23 ,406101,,,,, approved ,40657190,1.2, active ,,,,1.05,,False,,,,370,,,,,,,False,, 2025-11-04 23:01:11 ,18629, exported ,,False,,True,True, 4942950 , https://www.vrbo.com/4942950?dateless=true ,
18629,453233, Sarah Pearce 2622 (SCounty) ,,,,False,,1,,,,david832haven@gmail.com, approved ,1,, 2026-08-11 19:39:01 ,True,, 1556571696853225996 ,1.25,279783412, sync_rates_and_availability , onlyHostaway , 279783412 ,,,,9.4,,,,1.03,,,,15484324,,,,,,,,,,,,,,,,,,True,1548432401,,,,,, https://www.expedia.com/Sevierville-Hotels-High-Cotton-Epic-Views.h124136760.Hotel-Information ,,False,,False,,,,,, https://www.google.com/travel/hotels/entity/CgsQ-uO24MrqqeDIARAC/overview?g2lb=43807868 ,True,,,, 2025-12-18 19:50:22 , https://www.vrbo.com/5007051?unitId=5581214 ,1.06,,,,False,124136760, 2025-11-14 07:58:59 ,True,False,True,True,1,,,,False,False,True,False,,, 2026-08-30 16:33:05 ,409570,,,,, approved ,40664205,1.2, active ,,,,1.05,,False,,,,371,,,,,,,False,, 2025-11-14 07:58:59 ,18629, exported ,,False,,True,True, 5007051 , https://www.vrbo.com/5007051?dateless=true ,
18629,454793, Siobhan Belgiovene 1820 (SCounty) ,,,,False,,1,,,,,,,, 2026-07-03 18:49:50 ,False,,,1.3,,, onlyHostaway ,,,,,7.8,,,,1.03,,,,15650456,,,,,,,,,,,,,,,,,,True,1565045601,,,,,, https://www.expedia.com/Sevierville-Hotels-Little-Woods-Cabin-Family-Friendly-W-Games.h125072211.Hotel-Information ,,False,,False,,,,,,,True,,,, 2026-01-16 15:23:20 , https://www.vrbo.com/5049196?unitId=5623358 ,1.15,,,,False,125072211, 2025-11-18 16:46:50 ,True,False,True,False,1,,,,False,False,True,False,,, 2026-08-17 02:18:48 ,411131,,,,, approved ,40732174,1.2, active ,,,,1.05,,False,,,,372,,,,,,,False,, 2025-11-18 16:46:50 ,18629, exported ,,False,,True,True, 5049196 , https://www.vrbo.com/5049196?dateless=true ,
18629,454800, Raman Gurai 1118 (PF) ,,,,False,,1,,,,havensuperhost@gmail.com, approved ,1,, 2026-08-11 19:51:23 ,True,, 1571720182664033292 ,1.25,490316100, sync_rates_and_availability , onlyHostaway , 490316100 ,,,,9.3,,,,1.03,,,,15484323,,,,,,,,,,,,,,,,,,True,1548432301,,,,,, https://www.expedia.com/Pigeon-Forge-Hotels-The-Wedded-Nest-Views.h124136675.Hotel-Information ,,False,,False,,,,,, https://www.google.com/travel/hotels/entity/CgoQyNTm3ojlqd9BEAI=/overview?g2lb=43807868 ,True,,,, 2025-12-18 19:50:04 , https://www.vrbo.com/5007045?unitId=5581208 ,1.2,,,,False,124136675, 2025-11-18 17:02:57 ,True,False,True,True,1,,,,False,False,True,False,,, 2026-09-01 17:19:31 ,411137,,,,, approved ,40664201,1.2, active ,,,,1.05,,False,,,,373,,,,,,,False,, 2025-11-18 17:02:57 ,18629, exported ,,False,,True,True, 5007045 , https://www.vrbo.com/5007045?dateless=true ,
18629,457014, Lindsey Burch 110-B (KCity) ,,,,False,,1,,,,, approved ,1,, 2026-08-11 19:45:41 ,True,, 1617605411917425640 ,1.25,100290800, sync_rates_and_availability , onlyHostaway , 100290800 ,,,,7.9,,,,1.03,,,,15820148,,,,,,,,,,,,,,,,,,True,1582014801,,,,,, https://www.expedia.com/Knoxville-Hotels-The-Luxe-Loft-Knoxville.h126456567.Hotel-Information ,,False,,False,,,,,,,True,,,, 2026-02-16 15:24:19 , https://www.vrbo.com/5104063?unitId=5678225 ,1.06,,,,False,126456567, 2025-11-24 13:52:53 ,True,False,True,False,1,,,,False,False,True,False,,, 2026-08-30 16:02:23 ,413343,,,,, pending ,40684741,1.2, new ,,,,1.05,,False,,,,374,,,,,,,False,, 2025-11-24 13:52:53 ,18629, exported ,,False,,True,True, 5104063 , https://www.vrbo.com/5104063?dateless=true ,
18629,457025, Lindsey Burch 110-A (KCity) ,,,,False,,1,,,,, approved ,1,, 2026-08-11 19:48:05 ,True,, 1618153120096109580 ,1.2,100290800, sync_rates_and_availability , onlyHostaway , 100290800 ,,,,8.3,,,,1.03,,,,15820149,,,,,,,,,,,,,,,,,,True,1582014901,,,,,, https://www.expedia.com/Knoxville-Hotels-Old-City-Loft-Knoxville.h126456565.Hotel-Information ,,False,,False,,,,,,,True,,,, 2026-02-16 15:24:14 , https://www.vrbo.com/5104062?unitId=5678224 ,1.15,,,,False,126456565, 2025-11-24 14:18:27 ,True,False,True,False,1,,,,False,False,True,False,,, 2026-08-24 14:33:37 ,413354,,,,, pending ,40684739,1.2, new ,,,,1.05,,False,,,,375,,,,,,,False,, 2025-11-24 14:18:27 ,18629, exported ,,False,,True,True, 5104062 , https://www.vrbo.com/5104062?dateless=true ,
18629,458087, Eric Fleming 1260-6203 (GAT) ,,,,False,,1,,,,david832haven@gmail.com, approved ,1,, 2026-08-26 21:06:06 ,True,, 1665995498731347262 ,1.25,279783412, sync_rates_and_availability , onlyHostaway , 279783412 ,,,,10,,,,1.03,,,,16258263,,,,,,,,,,,,,,,,,,True,1625826301,,,,,, https://www.expedia.com/Gatlinburg-Hotels-Ski-View-Overlook-Community-Pools-Hot-Tubs.h129496680.Hotel-Information ,,False,,False,,,,,,,True,,,, 2026-04-27 18:28:48 , https://www.vrbo.com/5236855?unitId=5811016 ,1.06,,,,False,129496680, 2025-11-26 06:54:04 ,True,False,True,False,1,,,,False,False,True,False,,, 2026-08-11 19:35:24 ,414416,,,,, pending ,40790454,1.2, new ,,,,1.05,,False,,,,376,,,,,,,False,, 2025-11-26 06:54:04 ,18629, exported ,,False,,True,True, 5236855 , https://www.vrbo.com/5236855?dateless=true ,
18629,461618, Jeff Albaum 215 (BC) ,,,,False,,1,,,,havensuperhost@gmail.com, approved ,1,, 2026-08-11 19:41:38 ,True,, 1568980668075594993 ,1.25,490316100, sync_rates_and_availability , onlyHostaway , 490316100 ,,,,9.4,,,,1.03,,,,15540162,,,,,,,,,,,,,,,,,,True,1554016201,,,,,, https://www.expedia.com/Townsend-Hotels-The-WoodView-Hideaway-Hot-Tub.h124412486.Hotel-Information ,,False,,False,,,,,, https://www.google.com/travel/hotels/entity/CgoQiqCx2q2XjeVGEAI=/overview?g2lb=43807868 ,True,,,, 2025-12-30 18:54:16 , https://www.vrbo.com/5021704?unitId=5595867 ,1.06,,,,False,124412486, 2025-12-04 16:00:52 ,True,False,True,True,1,,,,False,False,True,False,,, 2026-08-20 13:02:57 ,417944,,,,, rejected ,40671051,1.2, new ,,,,1.05,,False,,,,377,,,,,,,False,, 2025-12-04 16:00:52 ,18629, exported ,,False,,True,True, 5021704 , https://www.vrbo.com/5021704?dateless=true ,
18629,465438, Annie Wang 904 (SCounty) ,,,,False,,1,,,,havensuperhost@gmail.com, approved ,1,, 2026-08-11 19:55:25 ,True,, 1587769001745653344 ,1.25,490316100, sync_rates_and_availability , onlyHostaway , 490316100 ,,,,9.8,,,,1.03,,,,15573441,,,,,,,,,,,,,,,,,,True,1557344101,,,,,, https://www.expedia.com/Sevierville-Hotels-Peak-View-Retreat-Spacious.h124542471.Hotel-Information ,,False,,False,,,,,, https://www.google.com/travel/hotels/entity/CgoQm4C8psn_o4EIEAI=/overview?g2lb=43807868 ,True,,,, 2026-01-05 20:54:41 , https://www.vrbo.com/5029817?unitId=5603980 ,1.06,,,,False,124542471, 2025-12-12 20:00:14 ,True,False,True,True,1,,,,False,False,True,False,,, 2026-08-11 19:35:55 ,421763,,,,, approved ,40671623,1.2, active ,,,,1.05,,False,,,,378,,,,,,,False,, 2025-12-12 20:00:14 ,18629, exported ,,False,,True,True, 5029817 , https://www.vrbo.com/5029817?dateless=true ,
18629,465445, Jake Cowley 745 (PF) ,,,,False,,1,,,,havensuperhost@gmail.com, approved ,1,, 2026-03-13 07:59:17 ,True,, 1592849227526327168 ,1.25,490316100, sync_rates_and_availability , onlyHostaway , 490316100 ,,,,9,,,,1.03,,,,15650458,,,,,,,,,,,,,,,,,,True,1565045801,,,,,, https://www.expedia.com/Pigeon-Forge-Hotels-Whisperwood-Lodge-Hot-Tub.h125072228.Hotel-Information ,,False,,False,,,,,,,True,,,, 2026-01-16 15:23:42 , https://www.vrbo.com/5049198?unitId=5623360 ,1.06,,,,False,125072228, 2025-12-12 20:21:51 ,True,False,True,False,1,,,,False,False,True,False,,, 2026-08-11 19:36:07 ,421770,,,,, approved ,40675537,1.2, active ,,,,1.05,,False,,,,379,,,,,,,False,, 2025-12-12 20:21:51 ,18629, exported ,,False,,True,True, 5049198 , https://www.vrbo.com/5049198?dateless=true ,
18629,466115, Duane Reeder 136 (BC) ,,,,False,,1,,,,havensuperhost@gmail.com, approved ,1,, 2026-08-11 19:48:28 ,True,, 1594292459120525692 ,1.25,490316100, sync_rates_and_availability , onlyHostaway , 490316100 ,,,,10,,,,1.03,,,,15650459,,,,,,,,,,,,,,,,,,True,1565045901,,,,,, https://www.expedia.com/Townsend-Hotels-Above-The-Clouds-Views.h125072242.Hotel-Information ,,False,,False,,,,,, https://www.google.com/travel/hotels/entity/CgoQ3Mrmys7AzpVuEAI=/overview?g2lb=43807868 ,False,,,, 2026-01-16 15:23:53 , https://www.vrbo.com/5049199?unitId=5623361 ,1.06,,,,False,125072242, 2025-12-15 14:49:05 ,True,False,True,True,1,,,,False,False,True,False,,, 2026-08-11 19:36:19 ,422440,,,,, approved ,40732178,1.2, inactive ,,,,1.05,,False,,,,380,,,,,,,False,, 2025-12-15 14:49:05 ,18629, not_exported ,,False,,False,True, 5049199 , https://www.vrbo.com/5049199?dateless=true ,
18629,467671, Raju Kalidindi 2685 (SCounty) ,,,,False,,1,,,,havensuperhost@gmail.com, approved ,1,, 2026-08-11 19:46:16 ,True,, 1597853234444129703 ,1.3,490316100, sync_rates_and_availability , onlyHostaway , 490316100 ,,,,9.5,,,,1.03,,,,15650457,,,,,,,,,,,,,,,,,,True,1565045701,,,,,, https://www.expedia.com/Sevierville-Hotels-Serene-Mountain-Cabin-Hot-Tub.h125072225.Hotel-Information ,,False,,False,,,,,,,True,,,, 2026-01-16 15:23:39 , https://www.vrbo.com/5049197?unitId=5623359 ,1.2,,,,False,125072225, 2025-12-18 19:41:27 ,True,False,True,False,1,,,,False,False,True,False,,, 2026-08-11 19:36:31 ,423996,,,,, approved ,40732176,1.2, active ,,,,1.05,,False,,,,381,,,,,,,False,, 2025-12-18 19:41:27 ,18629, exported ,,False,,True,True, 5049197 , https://www.vrbo.com/5049197?dateless=true ,
18629,473513, Sharon Holderman 1523 (SCounty) ,,,,False,,1,,,,havensuperhost@gmail.com, approved ,1,, 2026-08-11 19:44:24 ,True,, 1599348862725310366 ,1.25,490316100, sync_rates_and_availability , onlyHostaway , 490316100 ,,,,9.6,,,,1.03,,,,15671294,,,,,,,,,,,,,,,,,,True,1567129401,,,,,, https://www.expedia.com/Sevierville-Hotels-Eagles-Sky-View-Peaceful.h125448336.Hotel-Information ,,False,,False,,,,,, https://www.google.com/travel/hotels/entity/CgoQxtKx96vn8rpGEAI=/overview?g2lb=43807868 ,True,,,, 2026-01-27 18:21:06 ,,1.06,,,,False,125448336, 2026-01-07 16:27:49 ,True,False,True,True,1,,,,False,False,True,False,,, 2026-08-11 19:36:50 ,429826,,,,, approved ,40735634,1.2, active ,,,,1.05,,False,,,,383,,,,,,,False,, 2026-01-07 16:27:49 ,18629, exported ,,False,,True,True, 5069972 , https://www.vrbo.com/5069972?dateless=true ,
18629,473518, Ken Brown 510 (GAT) ,,,,False,,1,,,,,,,, 2026-03-13 08:45:07 ,False,,,1.25,,, onlyHostaway ,,,,,7.8,,,,1.03,,,,15671295,,,,,,,,,,,,,,,,,,True,1567129501,,,,,, https://www.expedia.com/Gatlinburg-Hotels-Bear-Trax-Retreat-Fireplace.h125448339.Hotel-Information ,,False,,False,,,,,,,True,,,, 2026-01-27 18:21:16 , https://www.vrbo.com/5069974?unitId=5644136 ,1.06,,,,False,125448339, 2026-01-07 16:55:17 ,True,False,True,False,1,,,,False,False,True,False,,, 2026-08-11 19:37:02 ,429831,,,,, approved ,40735636,1.2, active ,,,,1.05,,False,,,,384,,,,,,,False,, 2026-01-07 16:55:17 ,18629, exported ,,False,,True,True, 5069974 , https://www.vrbo.com/5069974?dateless=true ,
18629,473977, Derek Trainer 1687 (GAT) ,,,,False,,1,,,,havensuperhost@gmail.com, approved ,1,, 2026-08-11 19:44:15 ,True,, 1598579691240545741 ,1.25,490316100, sync_rates_and_availability , onlyHostaway , 490316100 ,,,,9.7,,,,1.03,,,,15707638,,,,,,,,,,,,,,,,,,True,1570763801,,,,,, https://www.expedia.com/Gatlinburg-Hotels-Locklyns-Loft-Views.h125448629.Hotel-Information ,,False,,False,,,,,, https://www.google.com/travel/hotels/entity/CgsQ39-JhMOi4NGVARAC/overview?g2lb=43807868 ,True,,,, 2026-01-27 18:27:39 ,,1.06,,,,False,125448629, 2026-01-08 16:16:47 ,True,False,True,True,1,,,,False,False,True,False,,, 2026-08-11 19:37:14 ,430290,,,,, approved ,40735638,1.2, active ,,,,1.05,,False,,,,385,,,,,,,False,, 2026-01-08 16:16:47 ,18629, exported ,,False,,True,True, 5069985 , https://www.vrbo.com/5069985?dateless=true ,
18629,474437, Rob Byun 2013 (PF) ,,,,False,,1,,,,david832haven@gmail.com, approved ,1,, 2026-08-11 19:43:18 ,True,, 1612380137032362113 ,1.3,279783412, sync_rates_and_availability , onlyHostaway , 279783412 ,,,,9.7,,,,1.03,,,,15781498,,,,,,,,,,,,,,,,,,True,1578149801,,,,,, https://www.expedia.com/Pigeon-Forge-Hotels-Smoky-Dream-Lodge-Heated-Pool.h125665287.Hotel-Information ,,False,,False,,,,,, https://www.google.com/travel/hotels/entity/CgsQ4vLapuz6nb2KARAC/overview?g2lb=43807868 ,True,,,, 2026-02-02 20:06:09 , https://www.vrbo.com/5080620?unitId=5654782 ,1.2,,,,False,125665287, 2026-01-09 15:34:57 ,True,False,True,True,1,,,,False,False,True,False,,, 2026-08-15 16:00:42 ,430750,,,,, pending ,40682575,1.2, new ,,,,1.05,,False,,,,386,,,,,,,False,, 2026-01-09 15:34:57 ,18629, exported ,,False,,True,True, 5080620 , https://www.vrbo.com/5080620?dateless=true ,
18629,475435, Jason Barton 750 (GAT) ,,,,False,,1,,,,david832haven@gmail.com, approved ,1,, 2026-08-11 19:47:21 ,True,, 1609544807454924126 ,1.25,279783412, sync_rates_and_availability , onlyHostaway , 279783412 ,,,,9.5,,,,1.03,,,,15761159,,,,,,,,,,,,,,,,,,True,1576115901,,,,,, https://www.expedia.com/Gatlinburg-Hotels-Bear-Point-The-Meeting-Place-W-Hot-Tub.h125854603.Hotel-Information ,,False,,False,,,,,, https://www.google.com/travel/hotels/entity/CgsQjMOLgPH33cDLARAC/overview?g2lb=43807868 ,True,,,, 2026-02-05 13:08:58 , https://www.vrbo.com/5086378?unitId=5660540 ,1.06,,,,False,125854603, 2026-01-12 20:38:50 ,True,False,True,True,1,,,,False,False,True,False,,, 2026-08-23 17:48:01 ,431748,,,,, approved ,40681919,1.2, active ,,,,1.05,,False,,,,387,,,,,,,False,, 2026-01-12 20:38:50 ,18629, exported ,,False,,True,True, 5086378 , https://www.vrbo.com/5086378?dateless=true ,
18629,476929, Bonnie Olsten 317 (SCounty) ,,,,False,,1,,,,,,,, 2026-08-11 19:49:46 ,False,,,1.25,,, onlyHostaway ,,,,,10,,,,1.03,,,,,,,,,,,,,,,,,,,,,,False,,,,,,, https://www.expedia.com/Sevierville-Hotels-A-Dolly-Good-Time-With-Fireplace-And-Game-Room.h127325921.Hotel-Information ,,False,,False,,,,,, https://www.google.com/travel/hotels/entity/CgsQ676Jn4DFrb3mARAC/overview?g2lb=43807868 ,False,,,, 2026-03-11 19:20:24 , https://www.vrbo.com/5151879?unitId=5726041 ,1.06,,,,False,127325921, 2026-01-16 15:11:37 ,True,False,True,False,1,,,,False,False,True,False,,, 2026-08-11 19:37:58 ,433242,,,,, rejected ,40754262,1.2, new ,,,,1.05,,False,,,,388, archived ,,,,,,False,, 2026-01-16 15:11:37 ,18629, not_exported ,,False,,False,True, 5151879 , https://www.vrbo.com/5151879?dateless=true ,
18629,478090, Laura Earl 1117 (SCounty) ,,,,False,,1,,,,, approved ,1,, 2026-05-18 14:08:45 ,False,, 1623995278382109591 ,1.25,279783412, sync_rates_and_availability , onlyHostaway , 279783412 ,,,,8.1,,,,1.03,,,,15945057,,,,,,,,,,,,,,,,,,True,1594505701,,,,,, https://www.expedia.com/Sevierville-Hotels-Perfect-Cabin-In-Paradise-Hot-Tub.h127239579.Hotel-Information ,,False,,False,,,,,, https://www.google.com/travel/hotels/entity/CgsQgdSVv-_JzO6jARAC/overview?g2lb=43807868 ,True,,,, 2026-03-09 16:31:20 , https://www.vrbo.com/5146871?unitId=5721033 ,1.06,,,,False,127239579, 2026-01-20 17:20:26 ,True,False,True,True,1,,,,False,False,True,False,,, 2026-08-20 19:47:50 ,434403,,,,, pending ,40696991,1.2, new ,,,,1.05,,False,,,,389,,,,,,,False,, 2026-01-20 17:20:26 ,18629, exported ,,False,,True,True, 5146871 , https://www.vrbo.com/5146871?dateless=true ,
18629,480709, Laura Gill 327-304 (KCity) ,,,,False,,1,,,,, approved ,1,, 2026-08-11 19:50:18 ,True,, 1630456089159613689 ,1.155,100290800, sync_rates_and_availability , onlyHostaway , 100290800 ,,,,10,,,,1.03,,,,15945058,,,,,,,,,,,,,,,,,,True,1594505801,,,,,, https://www.expedia.com/Knoxville-Hotels-NEW-Construction-1BR-Condo-Downtown-Knoxville.h127239925.Hotel-Information ,,False,,False,,,,,, https://www.google.com/travel/hotels/entity/CgsQtf2qkcqRmtycARAC/overview?g2lb=43807868 ,True,,,, 2026-03-09 16:36:41 , https://www.vrbo.com/5146879?unitId=5721041 ,1.06,,,,False,127239925, 2026-01-27 18:09:36 ,True,False,True,True,1,,,,False,False,True,False,,, 2026-08-11 19:38:22 ,437020,,,,, pending ,40696993,1.2, new ,,,,1.05,,False,,,,390,,,,,,,False,, 2026-01-27 18:09:36 ,18629, exported ,,False,,True,True, 5146879 , https://www.vrbo.com/5146879?dateless=true ,
18629,482838, Troy Mowery 3452 (PF) ,,,,False,,1,,,,david832haven@gmail.com, approved ,1,, 2026-08-31 21:47:41 ,True,, 1749343598545943846 ,1.25,279783412, sync_rates_and_availability , onlyHostaway , 279783412 ,,,,,,,,1.03,,,,17139059,, Knoxville  ,, 302 Lake Forest Dr; Knoxville; TN; 37920 , Haven Vacation Rentals , US ,,, Haven Vacation Rentals LLC ,, 37920 , TN ,,,,,,True,1713905901,,,,,, https://www.expedia.com/Sevierville-Hotels-Overwatch-2-Cabins.h135295843.Hotel-Information ,,False,,False,,,,,, https://www.google.com/travel/hotels/entity/CgoQqOjIpNT1-tZuEAI=/overview?g2lb=43807868 ,True,,,, 2026-08-24 16:45:41 ,,1.06,,,,False,135295843, 2026-02-02 18:57:59 ,True,False,True,True,1,,,,False,False,True,False,,, 2026-08-25 15:51:33 ,439145,,,,, pending ,40858756,1.2, new ,,,,1.05,,False,,,,391,,,,,,,False,, 2026-02-02 18:57:59 ,18629, exported ,,False,,True,True, 5452958 , https://www.vrbo.com/5452958?dateless=true ,
18629,484286, Su-Tang Lo 4005 (SCounty) ,,,,False,,1,,,,david832haven@gmail.com, approved ,1,, 2026-08-28 17:25:46 ,True,, 1635507235764990496 ,1.25,279783412, sync_rates_and_availability , onlyHostaway , 279783412 ,,,,9.8,,,,1.03,,,,15959256,,,,,,,,,,,,,,,,,,True,1595925601,,,,,, https://www.expedia.com/Sevierville-Hotels-Dollys-Outdoor-Oasis-Hot-Tub.h127288508.Hotel-Information ,,False,,False,,,,,,,True,,,, 2026-03-10 20:42:05 , https://www.vrbo.com/5149924?unitId=5724086 ,1.06,,,,False,127288508, 2026-02-05 17:31:21 ,True,False,True,False,1,,,,False,False,True,False,,, 2026-09-01 14:32:15 ,440591,,,,, pending ,40753830,1.2, new ,,,,1.05,,False,,,,392,,,,,,,False,, 2026-02-05 17:31:21 ,18629, exported ,,False,,True,True, 5149924 , https://www.vrbo.com/5149924?dateless=true ,
18629,484372, Rebecca Eisenback 1152 (BC) ,,,,False,,1,,,,david832haven@gmail.com, approved ,1,, 2026-03-13 08:49:43 ,True,, 1618239412999983648 ,1.25,279783412, sync_rates_and_availability , onlyHostaway , 279783412 ,,,,10,,,,1.03,,,,15831465,,,,,,,,,,,,,,,,,,True,1583146501,,,,,, https://www.expedia.com/Townsend-Hotels-Mountain-Top-Getaway-Hot-Tub.h126492227.Hotel-Information ,,False,,False,,,,,, https://www.google.com/travel/hotels/entity/CgsQmKG8vd6_x9TLARAC/overview?g2lb=43807868 ,True,,,, 2026-02-17 18:36:27 , https://www.vrbo.com/5106346?unitId=5680508 ,1.06,,,,False,126492227, 2026-02-05 18:51:37 ,True,False,True,True,1,,,,False,False,True,False,,, 2026-08-11 19:39:11 ,440677,,,,, pending ,40741828,1.2, new ,,,,1.05,,False,,,,393,,,,,,,False,, 2026-02-05 18:51:37 ,18629, exported ,,False,,True,True, 5106346 , https://www.vrbo.com/5106346?dateless=true ,
18629,484695, Megan Hatcher 255-202 (KCity) ,,,,False,,1,,,,, approved ,1,, 2026-08-11 19:50:34 ,True,, 1720518051527797846 ,1.25,100290800, sync_rates_and_availability , onlyHostaway , 100290800 ,,,,10,,,,1.03,,,,16852436,,,,,,,,,,,,,,,,,,True,1685243601,,,,,, https://www.expedia.com/Knoxville-Hotels-Gay-Street-Getaway-Prime-Location-In-Knoxville.h133479682.Hotel-Information ,,False,,False,,,,,, https://www.google.com/travel/hotels/entity/CgsQqtyX9ISzv--mARAC/overview?g2lb=43807868 ,True,,,, 2026-07-07 16:45:18 , https://www.vrbo.com/5377770?unitId=5951931 ,1.06,,,,False,133479682, 2026-02-06 11:24:19 ,True,False,True,True,1,,,,False,False,True,False,,, 2026-08-11 19:39:23 ,441000,,,,, pending ,40829368,1.2, new ,,,,1.05,,False,,,,394,,,,,,,False,, 2026-02-06 11:24:19 ,18629, exported ,,False,,True,True, 5377770 , https://www.vrbo.com/5377770?dateless=true ,
18629,484697, Lindsey Hatcher 255-200 (KCity) ,,,,False,,1,,,,, approved ,1,, 2026-08-20 12:36:18 ,True,, 1721035367469448371 ,1.25,100290800, sync_rates_and_availability , onlyHostaway , 100290800 ,,,,9.2,,,,1.03,,,,16852430,,,,,,,,,,,,,,,,,,True,1685243001,,,,,, https://www.expedia.com/Knoxville-Hotels-South-Gay-Skyline-Prime-Location-In-Knoxville.h133479659.Hotel-Information ,,False,,False,,,,,, https://www.google.com/travel/hotels/entity/CgoQxey747P2xsdWEAI=/overview?g2lb=43807868 ,True,,,, 2026-07-07 16:44:23 , https://www.vrbo.com/5377766?unitId=5951927 ,1.06,,,,False,133479659, 2026-02-06 11:31:27 ,True,False,True,True,1,,,,False,False,True,False,,, 2026-09-05 14:18:38 ,441002,,,,, pending ,40765033,1.2, new ,,,,1.05,,False,,,,395,,,,,,,False,, 2026-02-06 11:31:27 ,18629, exported ,,False,,True,True, 5377766 , https://www.vrbo.com/5377766?dateless=true ,
18629,485423, Richard Wright 810 (GAT) ,,,,False,,1,,,,david832haven@gmail.com, approved ,,, 2026-08-11 19:53:18 ,True,, 1623223765942867149 ,1.3,279783412, sync_rates_and_availability , onlyHostaway , 279783412 ,,,,8.4,,,,1.03,,,,15945056,,,,,,,,,,,,,,,,,,True,1594505601,,,,,, https://www.expedia.com/Gatlinburg-Hotels-Lookout-Lodge-Views.h127239338.Hotel-Information ,,False,,False,,,,,,,False,,,, 2026-03-09 16:27:39 , https://www.vrbo.com/5146865?unitId=5721027 ,1.2,,,,False,127239338, 2026-02-09 15:30:47 ,True,False,True,False,1,,,,False,False,True,False,,, 2026-08-30 16:02:30 ,441728,,,,, pending ,40753292,1.2, new ,,,,1.05,,False,,,,396,,,,,,,False,, 2026-02-09 15:30:47 ,18629, not_exported ,,False,,False,True, 5146865 , https://www.vrbo.com/5146865?dateless=true ,
18629,485560, Katie Smith 2880 (SCounty) ,,,,False,,1,,,,david832haven@gmail.com, approved ,1,, 2026-08-11 19:46:00 ,True,, 1627577412593275399 ,1.25,279783412, sync_rates_and_availability , onlyHostaway , 279783412 ,,,,9.7,,,,1.03,,,,15883290,,,,,,,,,,,,,,,,,,True,1588329001,,,,,, https://www.expedia.com/Sevierville-Hotels-Mountain-Majesty-Views.h126866430.Hotel-Information ,,False,,False,,,,,, https://www.google.com/travel/hotels/entity/CgsQmIa9uvSF3Yj-ARAC/overview?g2lb=43807868 ,True,,,, 2026-02-26 16:07:14 , https://www.vrbo.com/5126157?unitId=5700319 ,1.06,,,,False,126866430, 2026-02-09 17:34:56 ,True,False,True,True,1,,,,False,False,True,False,,, 2026-08-11 19:40:09 ,441865,,,,, pending ,40749768,1.2, new ,,,,1.05,,False,,,,397,,,,,,,False,, 2026-02-09 17:34:56 ,18629, exported ,,False,,True,True, 5126157 , https://www.vrbo.com/5126157?dateless=true ,
18629,485771, Richard Nevels 3286 (JC) ,,,,False,,1,,,,david832haven@gmail.com, approved ,1,, 2026-08-11 19:45:58 ,True,, 1619616298869205293 ,1.25,279783412, sync_rates_and_availability , onlyHostaway , 279783412 ,,,,9.5,,,,1.03,,,,15820150,,,,,,,,,,,,,,,,,,True,1582015001,,,,,, https://www.expedia.com/Dandridge-Hotels-Hill-Top-Retreat-Lake.h126456699.Hotel-Information ,,False,,False,,,,,, https://www.google.com/travel/hotels/entity/CgsQmZyj1O2b1Pr6ARAC/overview?g2lb=43807868 ,True,,,, 2026-02-16 15:30:47 , https://www.vrbo.com/5104073?unitId=5678235 ,1.06,,,,False,126456699, 2026-02-09 22:28:40 ,True,False,True,True,1,,,,False,False,True,False,,, 2026-08-16 17:33:52 ,442076,,,,, pending ,40741482,1.2, new ,,,,1.05,,False,,,,398,,,,,,,False,, 2026-02-09 22:28:40 ,18629, exported ,,False,,True,True, 5104073 , https://www.vrbo.com/5104073?dateless=true ,
18629,485969, Nathan Frame 4530 (SCounty) ,,,,False,,1,,,,david832haven@gmail.com, approved ,1,, 2026-08-11 19:47:45 ,True,, 1620279797310117206 ,1.25,279783412, sync_rates_and_availability , onlyHostaway , 279783412 ,,,,9,,,,1.03,,,,15820153,,,,,,,,,,,,,,,,,,True,1582015301,,,,,, https://www.expedia.com/Sevierville-Hotels-Perfect-Smokies-Escape-Park-View.h126456707.Hotel-Information ,,False,,False,,,,,, https://www.google.com/travel/hotels/entity/CgsQtIqY18-Lu6ezARAC/overview?g2lb=43807868 ,True,,,, 2026-02-16 15:30:47 ,,1.06,,,,False,126456707, 2026-02-10 14:11:38 ,True,False,True,True,1,,,,False,False,True,False,,, 2026-08-15 20:33:12 ,442274,,,,, pending ,40741480,1.2, new ,,,,1.05,,False,,,,399,,,,,,,False,, 2026-02-10 14:11:38 ,18629, exported ,,False,,True,True, 5104076 , https://www.vrbo.com/5104076?dateless=true ,
18629,491160, Travis Anders 1437 (SCounty) ,,,,False,,1,,,,david832haven@gmail.com, approved ,1,, 2026-08-11 19:52:09 ,True,, 1635616669951283574 ,1.25,279783412, sync_rates_and_availability , onlyHostaway , 279783412 ,,,,9.9,,,,1.03,,,,15959254,,,,,,,,,,,,,,,,,,True,1595925401,,,,,, https://www.expedia.com/Sevierville-Hotels-Smokies-Twin-Rock-Views.h127288526.Hotel-Information ,,False,,False,,,,,, https://www.google.com/travel/hotels/entity/CgoQ0a_c4s63l7dYEAI=/overview?g2lb=43807868 ,True,,,, 2026-03-10 20:42:37 , https://www.vrbo.com/5149925?unitId=5724087 ,1.06,,,,False,127288526, 2026-02-24 17:38:25 ,True,False,True,True,1,,,,False,False,True,False,,, 2026-09-05 19:17:27 ,447463,,,,, pending ,40753828,1.2, new ,,,,1.05,,False,,,,400,,,,,,,False,, 2026-02-24 17:38:25 ,18629, exported ,,False,,True,True, 5149925 , https://www.vrbo.com/5149925?dateless=true ,
18629,491167, Teresa Wentz 4161 (SCounty) ,,,,False,,1,,,,david832haven@gmail.com, approved ,1,, 2026-08-11 19:49:56 ,True,, 1679067865455402800 ,1.25,279783412, sync_rates_and_availability , onlyHostaway , 279783412 ,,,,10,,,,1.03,,,,16507677,,,,,,,,,,,,,,,,,,True,1650767701,,,,,, https://www.expedia.com/Sevierville-Hotels-Dancing-Bear-Views.h131373715.Hotel-Information ,,False,,False,,,,,, https://www.google.com/travel/hotels/entity/CgsQ35a8lfmQg-PtARAC/overview?g2lb=43807868 ,True,,,, 2026-05-20 13:47:53 ,,1.06,,,,False,131373715, 2026-02-24 17:58:21 ,True,False,True,True,1,,,,False,False,True,False,,, 2026-08-11 19:41:06 ,447470,,,,, pending ,40741139,1.2, new ,,,,1.05,,False,,,,401,,,,,,,False,, 2026-02-24 17:58:21 ,18629, exported ,,False,,True,True, 5283047 , https://www.vrbo.com/5283047?dateless=true ,
18629,491503, Cale Hanie 6617 (BC) ,,,,False,,1,,,,david832haven@gmail.com, approved ,1,, 2026-08-11 19:51:01 ,True,, 1634775013960156494 ,1.25,279783412, sync_rates_and_availability , onlyHostaway , 279783412 ,,,,10,,,,1.03,,,,16007873,,,,,,,,,,,,,,,,,,True,1600787301,,,,,, https://www.expedia.com/Townsend-Hotels-Townsend-Charm-River-View-Historic-Log-Cabin.h127564990.Hotel-Information ,,False,,False,,,,,, https://www.google.com/travel/hotels/entity/CgsQjOnsl-WCrreCARAC/overview?g2lb=43807868 ,True,,,, 2026-03-18 16:25:19 , https://ws.homeaway.com/public/listing?id=5163173vb ,1.06,,,,False,127564990, 2026-02-25 17:38:31 ,True,False,True,True,1,,,,False,False,True,False,,, 2026-08-11 19:41:18 ,447806,,,,, pending ,40756532,1.2, new ,,,,1.05,,False,,,,402,,,,,,,False,, 2026-02-25 17:38:31 ,18629, exported ,,False,,True,True, 5163173 , https://www.vrbo.com/5163173?dateless=true ,
18629,494261, Billie Armstrong 2915 (PF) ,,,,False,,1,,,,david832haven@gmail.com, approved ,1,, 2026-08-11 19:50:56 ,True,, 1649312736745894848 ,1.25,279783412, sync_rates_and_availability , onlyHostaway , 279783412 ,,,,10,,,,1.03,,,,16121580,,,,,,,,,,,,,,,,,,True,1612158001,,,,,, https://www.expedia.com/Pigeon-Forge-Hotels-NEW-Build-Smokies-Haven-W-Hot-Tub.h128439632.Hotel-Information ,,False,,False,,,,,,,True,,,, 2026-04-07 13:08:24 , https://www.vrbo.com/5201248?unitId=5775410 ,1.06,,,,False,128439632, 2026-03-05 17:29:03 ,True,False,True,False,1,,,,False,False,True,False,,, 2026-08-11 19:41:39 ,450564,,,,, pending ,40767650,1.2, new ,,,,1.05,,False,,,,403,,,,,,,False,, 2026-03-05 17:29:03 ,18629, exported ,,False,,True,True, 5201248 , https://www.vrbo.com/5201248?dateless=true ,
18629,494265, Thom Capps 542 (GAT) ,,,,False,,1,,,,david832haven@gmail.com, approved ,1,, 2026-08-17 20:15:17 ,True,, 1658738277575226384 ,1.25,279783412, sync_rates_and_availability , onlyHostaway , 279783412 ,,,,9.5,,,,1.03,,,,16172876,,,,,,,,,,,,,,,,,,True,1617287601,,,,,, https://www.expedia.com/Gatlinburg-Hotels-Memory-Maker-LodgeHot-Tub.h128730911.Hotel-Information ,,False,,False,,,,,,,True,,,, 2026-04-15 14:32:38 , https://www.vrbo.com/5217218?unitId=5791380 ,1.06,,,,False,128730911, 2026-03-05 17:50:45 ,True,False,True,False,1,,,,False,False,True,False,,, 2026-08-30 19:45:50 ,450568,,,,, approved ,40774674,1.2, active ,,,,1.05,,False,,,,404,,,,,,,False,, 2026-03-05 17:50:45 ,18629, exported ,,False,,True,True, 5217218 , https://www.vrbo.com/5217218?dateless=true ,
18629,494274, Paul Ganev 1073 (SCounty) ,,,,False,,1,,,,david832haven@gmail.com, approved ,1,, 2026-08-11 19:50:55 ,True,, 1660916300898419100 ,1.25,279783412, sync_rates_and_availability , onlyHostaway , 279783412 ,,,,9.5,,,,1.03,,,,16179460,,,,,,,,,,,,,,,,,,True,1617946001,,,,,, https://www.expedia.com/Sevierville-Hotels-Picturesque-MTN-Escape-Hot-Tub.h128803719.Hotel-Information ,,False,,False,,,,,,,True,,,, 2026-04-16 15:02:01 , https://www.vrbo.com/5219108?unitId=5793270 ,1.06,,,,False,128803719, 2026-03-05 18:19:35 ,True,False,True,False,1,,,,False,False,True,False,,, 2026-08-31 14:33:09 ,450577,,,,,,,1.2,,,,,1.05,,False,,,,405,,,,,,,False,, 2026-03-05 18:19:35 ,18629, exported ,,False,,True,True, 5219108 , https://www.vrbo.com/5219108?dateless=true ,
18629,494307, Heidi Schelton 247 (BC) ,,,,False,,1,,,,david832haven@gmail.com, approved ,1,, 2026-08-11 19:49:13 ,True,, 1679837559852119284 ,1.3,279783412, sync_rates_and_availability , onlyHostaway , 279783412 ,,,,10,,,,1.03,,,,16431613,,,,,,,,,,,,,,,,,,True,1643161301,,,,,, https://www.expedia.com/Townsend-Hotels-Log-Hollow-Hot-Tub.h130763723.Hotel-Information ,,False,,False,,,,,, https://www.google.com/travel/hotels/entity/CgsQguSG14OQqemzARAC/overview?g2lb=43807868 ,True,,,, 2026-05-14 16:34:44 , https://www.vrbo.com/5272086?unitId=5846247 ,1.15,,,,False,130763723, 2026-03-05 19:40:36 ,True,False,True,True,1,,,,False,False,True,False,,, 2026-08-11 19:42:18 ,450610,,,,, pending ,40797004,1.2, new ,,,,1.05,,False,,,,406,,,,,,,False,, 2026-03-05 19:40:36 ,18629, exported ,,False,,True,True, 5272086 , https://www.vrbo.com/5272086?dateless=true ,
18629,494315, Thom Capps 1386-114 (GAT) ,,,,False,,1,,,,david832haven@gmail.com, approved ,1,, 2026-08-17 21:09:05 ,True,, 1663796645813694059 ,1.25,279783412, sync_rates_and_availability , onlyHostaway , 279783412 ,,,,9.8,,,,1.03,,,,16172856,,,,,,,,,,,,,,,,,,True,1617285601,,,,,, https://www.expedia.com/Gatlinburg-Hotels-Tranquility-Skies-MTN-View.h128730848.Hotel-Information ,,False,,False,,,,,,,True,,,, 2026-04-15 14:31:05 , https://www.vrbo.com/5217215?unitId=5791377 ,1.06,,,,False,128730848, 2026-03-05 20:02:36 ,True,False,True,False,1,,,,False,False,True,False,,, 2026-08-17 20:57:44 ,450618,,,,, pending ,40774672,1.2, new ,,,,1.05,,False,,,,407,,,,,,,False,, 2026-03-05 20:02:36 ,18629, exported ,,False,,True,True, 5217215 , https://www.vrbo.com/5217215?dateless=true ,
18629,494319, Adam Pike 1071 (PF) ,,,,False,,1,,,,david832haven@gmail.com, approved ,1,, 2026-08-11 19:03:36 ,True,, 1645762345641663453 ,1.3,279783412, sync_rates_and_availability , onlyHostaway , 279783412 ,,,,10,,,,1.03,,,,16165879,,,,,,,,,,,,,,,,,,True,1616587901,,,,,, https://www.expedia.com/Pigeon-Forge-Hotels-Relaxing-Cabin-Views.h128652414.Hotel-Information ,,False,,False,,,,,,,True,,,, 2026-04-13 16:54:35 , https://www.vrbo.com/5213860?unitId=5788022 ,1.2,,,,False,128652414, 2026-03-05 20:23:00 ,True,False,True,False,1,,,,False,False,True,False,,, 2026-08-11 18:57:55 ,450622,,,,, pending ,40773640,1.2, new ,,,,1.05,,False,,,,408,,,,,,,False,, 2026-03-05 20:23:00 ,18629, exported ,,False,,True,True, 5213860 , https://www.vrbo.com/5213860?dateless=true ,
18629,494328, Hali Hoag 2140 (SCounty) ,,,,False,,1,,,,david832haven@gmail.com, approved ,1,, 2026-08-11 19:08:52 ,True,, 1657989301513504913 ,1.25,279783412, sync_rates_and_availability , onlyHostaway , 279783412 ,,,,9.8,,,,1.03,,,,16136531,,,,,,,,,,,,,,,,,,True,1613653101,,,,,, https://www.expedia.com/Sevierville-Hotels-Green-Sky-Lodge-Views.h128529540.Hotel-Information ,,False,,False,,,,,, https://www.google.com/travel/hotels/entity/CgoQytuO3PvQgusYEAI=/overview?g2lb=43807868 ,True,,,, 2026-04-09 15:32:22 , https://www.vrbo.com/5206500?unitId=5780662 ,1.06,,,,False,128529540, 2026-03-05 20:51:04 ,True,False,True,True,1,,,,False,False,True,False,,, 2026-08-11 18:58:59 ,450631,,,,, approved ,40712205,1.2, active ,,,,1.05,,False,,,,409,,,,,,,False,, 2026-03-05 20:51:04 ,18629, exported ,,False,,True,True, 5206500 , https://www.vrbo.com/5206500?dateless=true ,
18629,498061, Amy Christopher 3303 (SCounty) ,,,,False,,1,,,,david832haven@gmail.com, approved ,1,, 2026-08-22 19:30:16 ,True,, 1659608517185637665 ,1.25,279783412, sync_rates_and_availability , onlyHostaway , 279783412 ,,,,9.5,,,,1.03,,,,16172904,,,,,,,,,,,,,,,,,,True,1617290401,,,,,, https://www.expedia.com/Sevierville-Hotels-Be-Still-MTN-Views.h128730642.Hotel-Information ,,False,,False,,,,,, https://www.google.com/travel/hotels/entity/CgsQkaLa3IK9_PHfARAC/overview?g2lb=43807868 ,True,,,, 2026-04-15 14:23:10 , https://www.vrbo.com/5217201?unitId=5791363 ,1.06,,,,False,128730642, 2026-03-17 18:19:51 ,True,False,True,True,1,,,,False,False,True,False,,, 2026-08-22 19:26:21 ,454361,,,,, pending ,40717077,1.2, new ,,,,1.05,,False,,,,410,,,,,,,False,, 2026-03-17 18:19:51 ,18629, exported ,,False,,True,True, 5217201 , https://www.vrbo.com/5217201?dateless=true ,
18629,498421, James Johnson 1250 (SCounty) ,,,,False,,1,,,,david832haven@gmail.com, approved ,1,, 2026-08-11 19:11:18 ,True,, 1100675341897414927 ,1.25,279783412, sync_rates_and_availability , onlyHostaway , 279783412 ,,,,8.6,,,,1.03,,,,11819516,,,,,,,,,,,,,,,,,,True,1181951602,,,,,, https://www.expedia.com/Sevierville-Hotels-Tennessee-Cabin-Escape-With-Fire-Pit.h128221241.Hotel-Information ,,False,,False,,,,,, https://www.google.com/travel/hotels/entity/CgoQzujz9fe8wbYeEAI=/overview?g2lb=43807868 ,True,,,, 2026-04-01 16:02:10 , https://www.vrbo.com/5191430?unitId=5765592 ,1.06,,,,False,128221241, 2026-03-18 13:52:40 ,True,False,True,True,1,,,,False,False,True,False,,, 2026-08-11 19:00:18 ,454724,,,,, pending ,40763286,1.2, new ,,,,1.05,,False,,,,411,,,,,,,False,, 2026-03-18 13:52:40 ,18629, exported ,,False,,True,True, 5191430 , https://www.vrbo.com/5191430?dateless=true ,
18629,498422, David Joyner 3136 (PF) ,,,,False,,1,,,,david832haven@gmail.com, approved ,1,, 2026-08-11 19:07:14 ,True,, 1387016329426096081 ,1.3,279783412, sync_rates_and_availability , onlyHostaway , 279783412 ,,,,10,,,,1.03,,,,14060709,,,,,,,,,,,,,,,,,,True,1406070902,,,,,, https://www.expedia.com/Sevierville-Hotels-Creekside-Paradise-Hot-Tub.h128221310.Hotel-Information ,,False,,False,,,,,, https://www.google.com/travel/hotels/entity/CgsQhPKiqv-v5u27ARAC/overview?g2lb=43807868 ,True,,,, 2026-04-01 16:03:15 ,,1.15,,,,False,128221310, 2026-03-18 13:54:42 ,True,False,True,True,1,,,,False,False,True,False,,, 2026-08-11 19:00:29 ,454725,,,,, pending ,40706495,1.2, new ,,,,1.05,,False,,,,412,,,,,,,False,, 2026-03-18 13:54:42 ,18629, exported ,,False,,True,True, 5191431 , https://www.vrbo.com/5191431?dateless=true ,
18629,500280, Robert Miller 191 (Cocke County) ,,,,False,,1,,,,david832haven@gmail.com, approved ,1,, 2026-08-11 19:13:53 ,True,, 1663076149772348862 ,1.25,279783412, sync_rates_and_availability , onlyHostaway , 279783412 ,,,,9.2,,,,1.03,,,,16231172,,,,,,,,,,,,,,,,,,True,1623117201,,,,,, https://www.expedia.com/Cosby-Hotels.d601133.Travel-Guide-Hotels ,,False,,False,,,,,,,True,,,, 2026-04-13 18:45:59 ,,1.06,,,,False,128657913, 2026-03-24 16:24:09 ,True,False,True,False,1,,,,False,False,True,False,,, 2026-08-19 13:33:53 ,456583,,,,, pending ,40730907,1.2, new ,,,,1.05,,False,,,,413,,,,,,,False,, 2026-03-24 16:24:09 ,18629, exported ,,False,,True,True, 5214106 , https://www.vrbo.com/5214106?dateless=true ,
18629,502327, Ricardo Robles 1254 (SCounty) ,,,,False,,1,,,,, approved ,1,, 2026-04-15 16:41:32 ,False,, 1659442640486009539 ,1.25,279783412, sync_rates_and_availability , onlyHostaway , 279783412 ,,,,6.9,,,,1.03,,,,16172872,,,,,,,,,,,,,,,,,,True,1617287201,,,,,, https://www.expedia.com/Sevierville-Hotels-Peaceful-Nest-Hot-Tub.h128731796.Hotel-Information ,,False,,False,,,,,,,True,,,, 2026-04-15 14:50:02 , https://www.vrbo.com/5217243?unitId=5791405 ,1.06,,,,False,128731796, 2026-03-30 20:49:38 ,True,False,True,False,1,,,,False,False,True,False,,, 2026-08-22 13:00:58 ,458629,,,,, pending ,40717085,1.2, new ,,,,1.05,,False,,,,414,,,,,,,False,, 2026-03-30 20:49:38 ,18629, exported ,,False,,True,True, 5217243 , https://www.vrbo.com/5217243?dateless=true ,
18629,504537, Catherine Nelms 1274 (GAT) ,,,,False,,1,,,,david832haven@gmail.com, approved ,,, 2026-08-11 19:09:38 ,True,, 1659557462377262120 ,1.25,279783412, sync_rates_and_availability , onlyHostaway , 279783412 ,,,,9.5,,,,1.03,,,,16209532,,,,,,,,,,,,,,,,,,True,1620953201,,,,,, https://www.expedia.com/Gatlinburg-Hotels-Ober-Overlook-Views.h128657677.Hotel-Information ,,False,,False,,,,,, https://www.google.com/travel/hotels/entity/CgsQhOXHjYT514aiARAC/overview?g2lb=43807868 ,False,,,, 2026-04-13 18:40:54 , https://www.vrbo.com/5214102?unitId=5788264 ,1.06,,,,False,128657677, 2026-04-06 13:16:17 ,True,False,True,True,1,,,,False,False,True,False,,, 2026-08-18 14:35:38 ,460838,,,,, pending ,40728931,1.2, new ,,,,1.05,,False,,,,415,,,,,,,False,, 2026-04-06 13:16:17 ,18629, not_exported ,,False,,False,True, 5214102 , https://www.vrbo.com/5214102?dateless=true ,
18629,507465, Stephanie Keegan 1260-5307 (GAT) ,,,,False,,1,,,,david832haven@gmail.com, approved ,1,, 2026-08-11 19:14:57 ,True,, 1669627693337842433 ,1.25,279783412, sync_rates_and_availability , onlyHostaway , 279783412 ,,,,9.8,,,,1.03,,,,16285338,,,,,,,,,,,,,,,,,,True,1628533801,,,,,, https://www.expedia.com/Gatlinburg-Hotels-HighView-Suites-Fireplace-Community-Amenities.h129704754.Hotel-Information ,,False,,False,,,,,,,True,,,, 2026-04-29 16:14:52 , https://www.vrbo.com/5242761?unitId=5816922 ,1.06,,,,False,129704754, 2026-04-10 21:13:18 ,True,False,True,False,1,,,,False,False,True,False,,, 2026-08-28 14:31:24 ,463765,,,,, pending ,40733233,1.2, new ,,,,1.05,,False,,,,416,,,,,,,False,, 2026-04-10 21:13:18 ,18629, exported ,,False,,True,True, 5242761 , https://www.vrbo.com/5242761?dateless=true ,
18629,507467, Stephanie Keegan 1260-1306 (GAT) ,,,,False,,1,,,,david832haven@gmail.com, approved ,1,, 2026-08-11 19:15:59 ,True,, 1668193655920480858 ,1.3,279783412, sync_rates_and_availability , onlyHostaway , 279783412 ,,,,8.9,,,,1.03,,,,16285276,,,,,,,,,,,,,,,,,,True,1628527601,,,,,, https://www.expedia.com/Gatlinburg-Hotels-Skyfield-Suites-Fireplace-Community-Amenities.h129704747.Hotel-Information ,,False,,False,,,,,,,True,,,, 2026-04-29 16:14:51 , https://www.vrbo.com/5242760?unitId=5816921 ,1.1,,,,False,129704747, 2026-04-10 21:22:11 ,True,False,True,False,1,,,,False,False,True,False,,, 2026-09-02 21:01:49 ,463768,,,,, pending ,40733231,1.2, new ,,,,1.05,,False,,,,417,,,,,,,False,, 2026-04-10 21:22:11 ,18629, exported ,,False,,True,True, 5242760 , https://www.vrbo.com/5242760?dateless=true ,
18629,511571, David Maningding 3809 (SCounty) ,,,,False,,1,,,,david832haven@gmail.com, approved ,1,, 2026-08-11 19:05:38 ,True,, 1670344480412769909 ,1.25,279783412, sync_rates_and_availability , onlyHostaway , 279783412 ,,,,10,,,,1.03,,,,16285253,,,,,,,,,,,,,,,,,,True,1628525301,,,,,, https://www.expedia.com/Sevierville-Hotels-Hillside-Happiness-GameRoom.h129704779.Hotel-Information ,,False,,False,,,,,,,True,,,, 2026-04-29 16:14:59 , https://www.vrbo.com/5242762?unitId=5816923 ,1.06,,,,False,129704779, 2026-04-21 13:38:28 ,True,False,True,False,1,,,,False,False,True,False,,, 2026-08-11 19:01:53 ,467871,,,,, pending ,40791432,1.2, new ,,,,1.05,,False,,,,418,,,,,,,False,, 2026-04-21 13:38:28 ,18629, exported ,,False,,True,True, 5242762 , https://www.vrbo.com/5242762?dateless=true ,
18629,511593, Billie-Shaye Harper 2610 ,,,,False,,1,,,,,,,,,False,,,1.25,,, onlyHostaway ,,,,,,,,,1.03,,,,,,,,,,,,,,,,,,,,,,False,,,,,,,,,False,,False,,,,,,,False,,,,,,1.06,,,,False,, 2026-04-21 14:35:19 ,True,False,True,False,1,,,,False,False,True,False,,, 2026-08-11 19:02:03 ,467893,,,,,,,1.2,,,,,1.05,,False,,,,419,,,,,,,False,, 2026-04-21 14:35:19 ,, not_exported ,,False,,False,False,,,
18629,512035, John Kuvshinikov 2948 ,,,,False,,1,,,,david832haven@gmail.com, approved ,1,, 2026-08-21 17:25:04 ,True,, 1757356309032768114 ,1.25,279783412, sync_rates_and_availability , onlyHostaway , 279783412 ,,,,,,,,1.03,,,,,, Knoxville  ,, 302 Lake Forest Dr; Knoxville; TN; 37920 , Haven Vacation Rentals , US ,,, Haven Vacation Rentals LLC ,, 37920 , TN ,,,,,,False,,,,,,,,,False,,False,,,,,,,False,,,,,,1.06,,,,False,, 2026-04-22 20:51:06 ,True,False,True,False,1,,,,False,False,True,False,,, 2026-08-27 16:44:54 ,468335,,,,,,,1.2,,,,,1.05,,False,,,,420,,,,,,,False,, 2026-04-22 20:51:06 ,, not_exported ,,False,,False,False,,,
18629,512526, Mike Gunter 413-207 (GAT) ,,,,False,,1,,,,david832haven@gmail.com, approved ,1,, 2026-08-11 19:17:59 ,True,, 1676119375219865966 ,1.25,279783412, sync_rates_and_availability , onlyHostaway , 279783412 ,,,,9.7,,,,1.03,,,,16475584,,,,,,,,,,,,,,,,,,True,1647558401,,,,,, https://www.expedia.com/Gatlinburg-Hotels-Stylish-2025-Condo-Pool-Prime-Downtown-Spot.h130953635.Hotel-Information ,,False,,False,,,,,, https://www.google.com/travel/hotels/entity/CgsQ8vO1lsLDkeK8ARAC/overview?g2lb=43807868 ,True,,,, 2026-05-18 15:21:51 , https://www.vrbo.com/5279129?unitId=5853290 ,1.06,,,,False,130953635, 2026-04-23 21:12:53 ,True,False,True,True,1,,,,False,False,True,False,,, 2026-08-24 16:47:36 ,468826,,,,, pending ,40798228,1.2, new ,,,,1.05,,False,,,,421,,,,,,,False,, 2026-04-23 21:12:53 ,18629, exported ,,False,,True,True, 5279129 , https://www.vrbo.com/5279129?dateless=true ,
18629,512532, Mike Gunter 2691-8 (SCounty) ,,,,False,,1,,,,david832haven@gmail.com, approved ,1,, 2026-08-11 19:17:00 ,True,, 1686404954046823091 ,1.25,279783412, sync_rates_and_availability , onlyHostaway , 279783412 ,,,,9.6,,,,1.03,,,,16657790,,,,,,,,,,,,,,,,,,True,1665779001,,,,,, https://www.expedia.com/Sevierville-Hotels-Twilight-Meadow-Hot-Tub.h132473564.Hotel-Information ,,False,,False,,,,,,,True,,,, 2026-06-08 19:43:40 , https://www.vrbo.com/5323305?unitId=5897466 ,1.06,,,,False,132473564, 2026-04-23 21:26:15 ,True,False,True,False,1,,,,False,False,True,False,,, 2026-08-11 19:04:17 ,468832,,,,,,,1.2,,,,,1.05,,False,,,,423,,,,,,,False,, 2026-04-23 21:26:15 ,18629, exported ,,False,,True,True, 5323305 , https://www.vrbo.com/5323305?dateless=true ,
18629,512799, Izzy Ludwick 2084 (SCounty) ,,,,False,,1,,,,david832haven@gmail.com, approved ,1,, 2026-08-11 19:13:06 ,True,, 1709593472985289928 ,1.3,279783412, sync_rates_and_availability , onlyHostaway , 279783412 ,,,,9,,,,1.03,,,,16768362,,,,,,,,,,,,,,,,,,True,1676836201,,,,,, https://www.expedia.com/Sevierville-Hotels-New-In-Law-Apt-Hot-Tub.h133109765.Hotel-Information ,,False,,False,,,,,,,True,,,, 2026-06-26 14:08:50 , https://www.vrbo.com/5358997?unitId=5933158 ,1.06,,,,False,133109765, 2026-04-24 19:27:44 ,True,False,True,True,1,,,,False,False,True,False,,, 2026-08-23 14:48:42 ,469099,,,,, pending ,40760709,1.2, new ,,,,1.05,,False,,,,424,,,,,,,False,, 2026-04-24 19:27:44 ,18629, exported ,,False,,True,True, 5358997 , https://www.vrbo.com/5358997?dateless=true ,
18629,513522, Byron Bradshaw 1016 (GAT) ,,,,False,,1,,,,david832haven@gmail.com, approved ,1,, 2026-08-18 15:25:52 ,True,, 1685601593820629884 ,1.25,279783412, sync_rates_and_availability , onlyHostaway , 279783412 ,,,,9.3,,,,1.03,,,,16526072,,,,,,,,,,,,,,,,,,True,1652607201,,,,,, https://www.expedia.com/Gatlinburg-Hotels-Cedar-Ridge-Haven-Hot-Tub.h131550243.Hotel-Information ,,False,,False,,,,,, https://www.google.com/travel/hotels/entity/CgsQgYy1nMzIntuVARAC/overview?g2lb=43807868 ,True,,,, 2026-05-21 19:35:03 , https://www.vrbo.com/5285831?unitId=5859992 ,1.06,,,,False,131550243, 2026-04-27 14:21:14 ,True,False,True,True,1,,,,False,False,True,False,,, 2026-08-11 19:04:40 ,469822,,,,, pending ,40741863,1.2, new ,,,,1.05,,False,,,,425,,,,,,,False,, 2026-04-27 14:21:14 ,18629, exported ,,False,,True,True, 5285831 , https://www.vrbo.com/5285831?dateless=true ,
18629,515261, Frank Spitznagel 1726 (PF) ,,,,False,,1,,,,david832haven@gmail.com, approved ,1,, 2026-08-11 19:10:22 ,True,, 1689313046941842162 ,1.3,279783412, sync_rates_and_availability , onlyHostaway , 279783412 ,,,,9.7,,,,1.03,,,,16611007,,,,,,,,,,,,,,,,,,True,1661100701,,,,,, https://www.expedia.com/Sevierville-Hotels-Smokies-Luxe-View-Hot-Tub.h132073173.Hotel-Information ,,False,,False,,,,,, https://www.google.com/travel/hotels/entity/CgsQ9tC2hP25yK3GARAC/overview?g2lb=43807868 ,True,,,, 2026-06-01 17:48:19 ,,1.15,,,,False,132073173, 2026-04-30 20:59:31 ,True,False,True,True,1,,,,False,False,True,False,,, 2026-08-29 14:19:22 ,471561,,,,, pending ,40751619,1.2, new ,,,,1.05,,False,,,,426,,,,,,,False,, 2026-04-30 20:59:31 ,18629, exported ,,False,,True,True, 5309428 , https://www.vrbo.com/5309428?dateless=true ,
18629,529779, Denny Johnson 2251-21 (SCounty) ,,,,False,,1,,,,david832haven@gmail.com, approved ,1,, 2026-08-11 19:19:52 ,True,, 1689925221819781886 ,1.25,279783412, sync_rates_and_availability , onlyHostaway , 279783412 ,,,,9.8,,,,1.03,,,,16610918,,,,,,,,,,,,,,,,,,True,1661091801,,,,,, https://www.expedia.com/Sevierville-Hotels-Adohi-Lodge-Panoramic-Views-Off-The-Deck.h132073187.Hotel-Information ,,False,,False,,,,,, https://www.google.com/travel/hotels/entity/CgoQ-vbPg53WhdNOEAI=/overview?g2lb=43807868 ,True,,,, 2026-06-01 17:48:42 , https://www.vrbo.com/5309429?unitId=5883590 ,1.06,,,,False,132073187, 2026-05-15 18:19:35 ,True,False,True,True,1,,,,False,False,True,False,,, 2026-08-17 13:04:11 ,486060,,,,, pending ,40815442,1.2, new ,,,,1.05,,False,,,,427,,,,,,,False,, 2026-05-15 18:19:35 ,18629, exported ,,False,,True,True, 5309429 , https://www.vrbo.com/5309429?dateless=true ,
18629,533028, Nanci Allen 917 (GAT) ,,,,False,,1,,,,david832haven@gmail.com, approved ,1,, 2026-07-31 18:54:11 ,True,, 1696357113956075199 ,1.25,279783412, sync_rates_and_availability , onlyHostaway , 279783412 ,,,,9.4,,,,1.03,,,,16618238,,,,,,,,,,,,,,,,,,True,1661823801,,,,,, https://www.expedia.com/Gatlinburg-Hotels-Peaceful-Peaks-Valleys-The-Ultimate-Escape.h132185232.Hotel-Information ,,False,,False,,,,,, https://www.google.com/travel/hotels/entity/CgkQ5ajVlrLk6B0QAg==/overview?g2lb=43807868 ,True,,,, 2026-06-03 18:38:41 ,,1.06,,,,False,132185232, 2026-05-18 15:05:25 ,True,False,True,True,1,,,,False,False,True,False,,, 2026-09-01 15:00:39 ,489309,,,,, pending ,40753613,1.2, new ,,,,1.05,,False,,,,428,,,,,,,False,, 2026-05-18 15:05:25 ,18629, exported ,,False,,True,True, 5313975 , https://www.vrbo.com/5313975?dateless=true ,
18629,534577, Reis Perry 3240 (SCounty) ,,,,False,,1,,,,david832haven@gmail.com, approved ,1,, 2026-08-11 19:17:19 ,True,, 1701576943708528422 ,1.18,279783412, sync_rates_and_availability , onlyHostaway , 279783412 ,,,,9.5,,,,1.03,,,,16673531,,,,,,,,,,,,,,,,,,True,1667353101,,,,,, https://www.expedia.com/Kodak-Hotels-Smoky-Trails-Retreat-Sleeps-16-Lots-Of-Games.h132648464.Hotel-Information ,,False,,False,,,,,,,True,,,, 2026-06-12 15:32:33 , https://www.vrbo.com/5331954?unitId=5906115 ,1.06,,,,False,132648464, 2026-05-19 17:02:24 ,True,False,True,False,1,,,,False,False,True,False,,, 2026-08-11 19:09:39 ,490858,,,,, pending ,40819992,1.2, new ,,,,1.05,,False,,,,429,,,,,,,False,, 2026-05-19 17:02:24 ,18629, exported ,,False,,True,True, 5331954 , https://www.vrbo.com/5331954?dateless=true ,
18629,535798, David Moscarelli 536 (GAT) ,,,,False,,1,,,,david832haven@gmail.com, approved ,1,, 2026-08-25 18:32:32 ,True,, 564519724058404971 ,1.25,279783412, sync_rates_and_availability , onlyHostaway , 279783412 ,,,,9.5,,,,1.03,,,,16628183,,,,,,,,,,,,,,,,,,True,1662818301,,,,,, https://www.expedia.com/Almont-Hotels-Whisk-A-Way-Hot-Tub.h132329471.Hotel-Information ,,False,,False,,,,,,,True,,,, 2026-06-04 19:03:56 , https://ws.homeaway.com/public/listing?id=5316140vb ,1.06,,,,False,132329471, 2026-05-20 13:36:37 ,True,False,True,False,1,,,,False,False,True,False,,, 2026-08-31 14:31:26 ,492079,,,,, pending ,40829022,1.2, new ,,,,1.05,,False,,,,430,,,,,,,False,, 2026-05-20 13:36:37 ,18629, exported ,,False,,True,True, 5316140 , https://www.vrbo.com/5316140?dateless=true ,
18629,535863, John Haynes 625-2 (PF) ,,,,False,,1,,,,david832haven@gmail.com, approved ,1,, 2026-08-11 19:20:20 ,True,, 1691345841039112014 ,1.3,279783412, sync_rates_and_availability , onlyHostaway , 279783412 ,,,,9.7,,,,1.03,,,,16610883,,,,,,,,,,,,,,,,,,True,1661088301,,,,,, https://www.expedia.com/Pigeon-Forge-Hotels-Hearthstone-Lodge-Family-Pet-Friendly-Home.h132073186.Hotel-Information ,,False,,False,,,,,, https://www.google.com/travel/hotels/entity/CgsQ-ez2jcCN__6rARAC/overview?g2lb=43807868 ,True,,,, 2026-06-01 17:48:43 , https://ws.homeaway.com/public/listing?id=5309430vb ,1.06,,,,False,132073186, 2026-05-20 14:44:41 ,True,False,True,True,1,,,,False,False,True,False,,, 2026-08-25 14:19:39 ,492144,,,,, pending ,40751621,1.2, new ,,,,1.05,,False,,,,431,,,,,,,False,, 2026-05-20 14:44:41 ,18629, exported ,,False,,True,True, 5309430 , https://www.vrbo.com/5309430?dateless=true ,
18629,538851, Bradley Quillen 1144 (PF) ,,,,False,,1,,,,david832haven@gmail.com, approved ,1,, 2026-08-20 15:01:29 ,True,, 1698597305180076529 ,1.25,279783412, sync_rates_and_availability , onlyHostaway , 279783412 ,,,,9.2,,,,1.03,,,,16657858,,,,,,,,,,,,,,,,,,True,1665785801,,,,,, https://www.expedia.com/Pigeon-Forge-Hotels-Beary-Lucky-Cabin-Hot-Tub.h132503694.Hotel-Information ,,False,,False,,,,,,,True,,,, 2026-06-09 16:31:37 , https://www.vrbo.com/5325341?unitId=5899502 ,1.06,,,,False,132503694, 2026-05-22 19:08:29 ,True,False,True,False,1,,,,False,False,True,False,,, 2026-08-24 14:30:56 ,495122,,,,, pending ,40755045,1.2, new ,,,,1.05,,False,,,,433,,,,,,,False,, 2026-05-22 19:08:29 ,18629, exported ,,False,,True,True, 5325341 , https://www.vrbo.com/5325341?dateless=true ,
18629,538875, Ryan Pack 802 (BC) ,,,,False,,1,,,,david832haven@gmail.com, approved ,1,, 2026-08-11 19:20:51 ,True,, 1718906297013396926 ,1.25,279783412, sync_rates_and_availability , onlyHostaway , 279783412 ,,,,10,,,,1.03,,,,16800433,,,,,,,,,,,,,,,,,,True,1680043301,,,,,, https://www.expedia.com/Townsend-Hotels-Fox-Hollow-Views.h133215269.Hotel-Information ,,False,,False,,,,,, https://www.google.com/travel/hotels/entity/CgoQtvLSkYL2gNcIEAI=/overview?g2lb=43807868 ,True,,,, 2026-07-02 13:07:00 , https://www.vrbo.com/5366390?unitId=5940551 ,1.06,,,,False,133215269, 2026-05-22 19:29:59 ,True,False,True,True,1,,,,False,False,True,False,,, 2026-08-11 19:10:33 ,495146,,,,, pending ,40827202,1.2, new ,,,,1.05,,False,,,,432,,,,,,,False,, 2026-05-22 19:29:59 ,18629, exported ,,False,,True,True, 5366390 , https://www.vrbo.com/5366390?dateless=true ,
18629,541842, Christina Kittle 1908 (SCounty) ,,,,False,,1,,,,david832haven@gmail.com, approved ,1,, 2026-08-11 19:16:31 ,True,, 1700075562341912541 ,1.25,279783412, sync_rates_and_availability , onlyHostaway , 279783412 ,,,,9.8,,,,1.03,,,,16666644,,,,,,,,,,,,,,,,,,True,1666664401,,,,,, https://www.expedia.com/Sevierville-Hotels-Creekfront-Pet-Friendly-Perfect-For-The-Family.h132619019.Hotel-Information ,,False,,False,,,,,,,True,,,, 2026-06-11 17:02:18 , https://www.vrbo.com/5329917?unitId=5904078 ,1.06,,,,False,132619019, 2026-05-25 15:20:28 ,True,False,True,False,1,,,,False,False,True,False,,, 2026-09-04 14:49:06 ,498113,,,,, pending ,40755645,1.2, new ,,,,1.05,,False,,,,434,,,,,,,False,, 2026-05-25 15:20:28 ,18629, exported ,,False,,True,True, 5329917 , https://www.vrbo.com/5329917?dateless=true ,
18629,552312, Kevin Parrish 3836 (SCounty) ,,,,False,,1,,,,david832haven@gmail.com, approved ,1,, 2026-08-11 19:17:30 ,True,, 1705206164745938431 ,1.25,279783412, sync_rates_and_availability , onlyHostaway , 279783412 ,,,,8,,,,1.03,,,,16699707,,,,,,,,,,,,,,,,,,True,1669970701,,,,,, https://www.expedia.com/Sevierville-Hotels-Firefly-Cove-Hot-Tub.h132738885.Hotel-Information ,,False,,False,,,,,, https://www.google.com/travel/hotels/entity/CgoQs9DSw4vG1_cqEAI=/overview?g2lb=43807868 ,True,,,, 2026-06-16 16:25:16 , https://www.vrbo.com/5339010?unitId=5913171 ,1.06,,,,False,132738885, 2026-06-02 14:22:52 ,True,False,True,True,1,,,,False,False,True,False,,, 2026-09-05 16:02:52 ,508580,,,,, pending ,40820960,1.2, new ,,,,1.05,,False,,,,435,,,,,,,False,, 2026-06-02 14:22:52 ,18629, exported ,,False,,True,True, 5339010 , https://www.vrbo.com/5339010?dateless=true ,
18629,552342, Philip Graves 857 (PF) ,,,,False,,1,,,,david832haven@gmail.com, approved ,1,, 2026-08-17 14:41:16 ,True,, 1730538647256458774 ,1.25,279783412, sync_rates_and_availability , onlyHostaway , 279783412 ,,,,10,,,,1.03,,,,16972387,,,,,,,,,,,,,,,,,,True,1697238701,,,,,, https://www.expedia.com/Sevierville-Hotels-Smokies-Finest-Cabin-SpaciousHot-TubGame-Room.h134218494.Hotel-Information ,,False,,False,,,,,, https://www.google.com/travel/hotels/entity/CgsQgLnvzKL52u_GARAC/overview?g2lb=43807868 ,True,,,, 2026-07-27 15:33:26 , https://www.vrbo.com/5410123?unitId=5984284 ,1.06,,,,False,134218494, 2026-06-02 14:44:01 ,True,False,True,True,1,,,,False,False,True,False,,, 2026-08-17 14:36:38 ,508610,,,,, pending ,40769999,1.2, new ,,,,1.05,,False,,,,436,,,,,,,False,, 2026-06-02 14:44:01 ,18629, exported ,,False,,True,True, 5410123 , https://www.vrbo.com/5410123?dateless=true ,
18629,553789, Kumar Sanam 576-4 (PF) ,,,,False,,1,,,,david832haven@gmail.com, approved ,1,, 2026-08-17 14:42:13 ,True,, 1746496103493873845 ,1.25,279783412, sync_rates_and_availability , onlyHostaway , 279783412 ,,,,10,,,,1.03,,,,17056859,, Knoxville ,, 302 Lake Forest Dr; Knoxville; TN; 37920 , Haven Vacation Rentals , US ,,, Haven Vacation Rentals LLC ,, 37920 , TN ,,,,,,True,1705685901,,,,,, https://www.expedia.com/Pigeon-Forge-Hotels-Dollywood-Retreat-Cozy-Home-W-Plenty-Of-Games.h134673271.Hotel-Information ,,False,,False,,,,,, https://www.google.com/travel/hotels/entity/CgsQ_cfbt6WT-8jnARAC/overview?g2lb=43807868 ,True,,,, 2026-08-10 14:21:10 ,,1.06,,,,False,134673271, 2026-06-03 15:17:32 ,True,False,True,True,1,,,,False,False,True,False,,, 2026-08-29 14:41:46 ,510057,,,,, pending ,40775289,1.2, new ,,,,1.05,,False,,,,437,,,,,,,False,, 2026-06-03 15:17:32 ,18629, exported ,,False,,True,True, 5432035 , https://www.vrbo.com/5432035?dateless=true ,
18629,555142, Antonio Michaelis 8540 (BC) ,,,,False,,1,,,,david832haven@gmail.com, approved ,1,, 2026-09-03 15:26:02 ,True,, 1371755542031639561 ,1.25,279783412, sync_rates_and_availability , onlyHostaway , 279783412 ,,,,8,,,,1.03,,,,16972500,,,,,,,,,,,,,,,,,,True,1697250001,,,,,, https://www.expedia.com/Townsend-Hotels-The-Skinners-Cabin-Hot-Tub.h134218809.Hotel-Information ,,False,,False,,,,,, https://www.google.com/travel/hotels/entity/CgsQv8nTtsbKwLvoARAC/overview?g2lb=43807868 ,True,,,, 2026-07-27 15:40:44 , https://www.vrbo.com/5410138?unitId=5984299 ,1.06,,,,False,134218809, 2026-06-04 14:59:54 ,True,False,True,True,1,,,,False,False,True,False,,, 2026-09-03 15:22:20 ,511409,,,,, pending ,40770003,1.2, new ,,,,1.05,,False,,,,438,,,,,,,False,, 2026-06-04 14:59:54 ,18629, exported ,,False,,True,True, 5410138 , https://www.vrbo.com/5410138?dateless=true ,
18629,556488, Jennifer Prompanya 2412 (SCounty) ,,,,False,,1,,,,david832haven@gmail.com, approved ,1,, 2026-08-11 19:21:40 ,True,, 1719746437376186720 ,1.25,279783412, sync_rates_and_availability , onlyHostaway , 279783412 ,,,,10,,,,1.03,,,,16821614,,,,,,,,,,,,,,,,,,True,1682161401,,,,,, https://www.expedia.com/Sevierville-Hotels-Grand-Splash-Cabin-Hot-Tub.h133420508.Hotel-Information ,,False,,False,,,,,, https://www.google.com/travel/hotels/entity/CgsQ0vmYjp7y-_jWARAC/overview?g2lb=43807868 ,True,,,, 2026-07-06 16:04:27 , https://www.vrbo.com/5375943?unitId=5950104 ,1.06,,,,False,133420508, 2026-06-05 13:38:02 ,True,False,True,True,1,,,,False,False,True,False,,, 2026-08-11 19:11:55 ,512754,,,,, pending ,40829020,1.2, new ,,,,1.05,,False,,,,439,,,,,,,False,, 2026-06-05 13:38:02 ,18629, exported ,,False,,True,True, 5375943 , https://www.vrbo.com/5375943?dateless=true ,
18629,558401, Vosa Ayisire 3741 (PF) ,,,,False,,1,,,,david832haven@gmail.com, approved ,1,, 2026-08-14 20:18:01 ,True,, 646133765234102800 ,1.25,279783412, sync_rates_and_availability , onlyHostaway , 279783412 ,,,,8.8,,,,1.03,,,,8839976,,,,,,,,,,,,,,,,,,True,883997602,,,,,, https://www.expedia.com/Pigeon-Forge-Hotels-Sweet-Tea-Timber-Indoor-Pool-Hot-Tub.h132711552.Hotel-Information ,,False,,False,,,,,, https://www.google.com/travel/hotels/entity/CgoQu4yxm7mFx8FuEAI=/overview?g2lb=43807868 ,True,,,, 2026-06-15 18:28:41 ,,1.06,,,,False,132711552, 2026-06-10 14:24:32 ,True,False,True,True,1,,,,False,False,True,False,,, 2026-09-01 02:45:21 ,514666,,,,, pending ,40820706,1.2, new ,,,,1.05,,False,,,,440,,,,,,,False,, 2026-06-10 14:24:32 ,18629, exported ,,False,,True,True, 5336924 , https://www.vrbo.com/5336924?dateless=true ,
18629,558422, Senthilkumar Davudkadirkamasundram 3725 (PF) ,,,,False,,1,,,,david832haven@gmail.com, approved ,1,, 2026-09-03 18:57:18 ,True,, 1752230873809984529 ,1.25,279783412, sync_rates_and_availability , onlyHostaway , 279783412 ,,,,,,,,1.03,,,,,, Knoxville  ,, 302 Lake Forest Dr; Knoxville; TN; 37920 , Haven Vacation Rentals , US ,,, Haven Vacation Rentals LLC ,, 37920 , TN ,,,,,,False,,,,,,,,,False,,False,,,,,,,False,,,,,,1.06,,,,False,, 2026-06-10 15:17:11 ,True,False,True,False,1,,,,False,False,True,False,,, 2026-09-03 18:53:37 ,514688,,,,,,,1.2,,,,,1.05,,False,,,,441,,,,,,,False,, 2026-06-10 15:17:11 ,, not_exported ,,False,,False,False,,,
18629,560527, Colin and Susan Tigwell 621 (GAT) ,,,,False,,1,,,,david832haven@gmail.com, approved ,1,, 2026-08-11 19:24:16 ,True,, 1714567476660359756 ,1.25,279783412, sync_rates_and_availability , onlyHostaway , 279783412 ,,,,10,,,,1.03,,,,16800590,,,,,,,,,,,,,,,,,,True,1680059001,,,,,, https://www.expedia.com/Gatlinburg-Hotels-The-Spirit-Bear-Lodge-Hot-Tub.h133215278.Hotel-Information ,,False,,False,,,,,, https://www.google.com/travel/hotels/entity/CgoQyIHIjtrLydluEAI=/overview?g2lb=43807868 ,True,,,, 2026-06-30 16:55:34 ,,1.06,,,,False,133215278, 2026-06-16 14:57:27 ,True,False,True,True,1,,,,False,False,True,False,,, 2026-08-11 19:12:36 ,516793,,,,, pending ,40827204,1.2, new ,,,,1.05,,False,,,,442,,,,,,,False,, 2026-06-16 14:57:27 ,18629, exported ,,False,,True,True, 5366391 , https://www.vrbo.com/5366391?dateless=true ,
18629,563252, Petra Dunn 976 (SCounty) ,,,,False,,1,,,,david832haven@gmail.com, approved ,1,, 2026-08-11 19:22:58 ,True,, 1720473535141872854 ,1.25,279783412, sync_rates_and_availability , onlyHostaway , 279783412 ,,,,9.5,,,,1.03,,,,16904057,,,,,,,,,,,,,,,,,,True,1690405701,,,,,, https://www.expedia.com/Sevierville-Hotels-Lakeside-Haven-Boat-Dock.h133830624.Hotel-Information ,,False,,False,,,,,, https://www.google.com/travel/hotels/entity/CgsQsOyp_rqdooilARAC/overview?g2lb=43807868 ,True,,,, 2026-08-07 15:33:54 ,,1.06,,,,False,133830624, 2026-06-23 19:30:10 ,True,False,True,True,1,,,,False,False,True,False,,, 2026-09-04 15:01:32 ,519518,,,,, pending ,40766937,1.2, new ,,,,1.05,,False,,,,443,,,,,,,False,, 2026-06-23 19:30:10 ,18629, exported ,,False,,True,True, 5391483 , https://www.vrbo.com/5391483?dateless=true ,
18629,567651, Kelly Armsworth 3634 (SCounty) ,,,,False,,1,,,,david832haven@gmail.com, approved ,1,, 2026-08-17 14:44:36 ,True,, 1742047100690638218 ,1.25,279783412, sync_rates_and_availability , onlyHostaway , 279783412 ,,,,,,,,1.03,,,,17025480,, Knoxville ,, 302 Lake Forest Dr Knoxville; TN 37920 , Haven Vacation Rentals , US ,,, Haven Vacation Rentals LLC ,, 37920 , TN ,,,,,,True,1702548001,,,,,, https://www.expedia.com/Sevierville-Hotels-High-Smokies-Lodge-Game-Room.h134485466.Hotel-Information ,,False,,False,,,,,, https://www.google.com/travel/hotels/entity/CgsQnerjyb3T5-u7ARAC/overview?g2lb=43807868 ,True,,,, 2026-08-04 17:37:28 ,,1.06,,,,False,134485466, 2026-07-06 19:03:04 ,True,False,True,True,1,,,,False,False,True,False,,, 2026-08-17 14:38:43 ,523910,,,,, pending ,40773811,1.2, new ,,,,1.05,,False,,,,445,,,,,,,False,, 2026-07-06 19:03:04 ,18629, exported ,,False,,True,True, 5423524 , https://www.vrbo.com/5423524?dateless=true ,
18629,567670, Kelly Armsworth 511 (GAT) ,,,,False,,1,,,,david832haven@gmail.com, approved ,1,, 2026-08-24 14:50:05 ,True,, 1755255863013037344 ,1.25,279783412, sync_rates_and_availability , onlyHostaway , 279783412 ,,,,,,,,1.03,,,,17138614,, Knoxville  ,, 302 Lake Forest Dr; Knoxville; TN; 37920 , Haven Vacation Rentals , US ,,, Haven Vacation Rentals LLC ,, 37920 , TN ,,,,,,True,1713861401,,,,,, https://www.expedia.com/Gatlinburg-Hotels-King-Of-Mountain-Views.h135294363.Hotel-Information ,,False,,False,,,,,, https://www.google.com/travel/hotels/entity/CgsQmaeC57CT96GfARAC/overview?g2lb=43807868 ,True,,,, 2026-08-24 15:34:57 , https://www.vrbo.com/5452865?unitId=6027026 ,1.06,,,,False,135294363, 2026-07-06 19:39:09 ,True,False,True,True,1,,,,False,False,True,False,,, 2026-08-25 01:03:15 ,523929,,,,, pending ,40858638,1.2, new ,,,,1.05,,False,,,,446,,,,,,,False,, 2026-07-06 19:39:09 ,18629, exported ,,False,,True,True, 5452865 , https://www.vrbo.com/5452865?dateless=true ,
18629,568787, Gary Koontz 255-205 (KCity) ,,,,False,,1,,,,, approved ,1,, 2026-08-12 20:17:49 ,True,, 1750932357218502929 ,1.25,100290800, sync_rates_and_availability , onlyHostaway , 100290800 ,,,,10,,,,1.03,,,,17124681,, Knoxville ,, 302 Lake Forest Dr; Knoxville; TN; 37920 ,  Haven Vacation Rentals  , US ,,, Haven Vacation Rentals LLC ,, 37920 , TN ,,,,,,True,1712468101,,,,,, https://www.expedia.com/Almont-Hotels-City-Lights-In-South-Gay-Knoxville.h135069126.Hotel-Information ,,False,,False,,,,,, https://www.google.com/travel/hotels/entity/CgsQ_Lbgmff9mMbPARAC/overview?g2lb=43807868 ,True,,,, 2026-08-19 15:53:44 ,,1.06,,,,False,135069126, 2026-07-09 14:48:14 ,True,False,True,True,1,,,,False,False,True,False,,, 2026-08-25 14:30:45 ,525046,,,,, pending ,40778335,1.2, new ,,,,1.05,,False,,,,447,,,,,,,False,, 2026-07-09 14:48:14 ,18629, exported ,,False,,True,True, 5445346 , https://www.vrbo.com/5445346?dateless=true ,
18629,569032, Jason Riordan 3825 (SCounty) ,,,,False,,1,,,,david832haven@gmail.com, approved ,1,, 2026-08-17 14:50:34 ,True,, 1750057754530296051 ,1.25,279783412, sync_rates_and_availability , onlyHostaway , 279783412 ,,,,,,,,1.03,,,,,, Knoxville  ,, 302 Lake Forest Dr; Knoxville; TN; 37920 , Haven Vacation Rentals , US ,,, Haven Vacation Rentals LLC ,, 37920 , TN ,,,,,,False,,,,,,,,,False,,False,,,,,,,False,,,,,,1.06,,,,False,, 2026-07-10 14:31:36 ,True,False,True,False,1,,,,False,False,True,False,,, 2026-08-17 14:11:53 ,525291,,,,,,,1.2,,,,,1.05,,False,,,,448,,,,,,,False,, 2026-07-10 14:31:36 ,, not_exported ,,False,,False,False,,,
18629,569066, Jeff Keithley 371 (PF) ,,,,False,,1,,,,david832haven@gmail.com, approved ,1,, 2026-09-04 19:52:28 ,True,, 1767523862704794265 ,1.25,279783412, sync_rates_and_availability , onlyHostaway , 279783412 ,,,,,,,,1.03,,,,,, Knoxville  ,, 302 Lake Forest Dr; Knoxville; TN; 37920 , Haven Vacation Rentals , US ,,, Haven Vacation Rentals LLC ,, 37920 , TN ,,,,,,False,,,,,,,,,False,,False,,,,,,,False,,,,,,1.06,,,,False,, 2026-07-10 15:49:58 ,True,False,True,False,1,,,,False,False,True,False,,, 2026-09-04 20:32:09 ,525325,,,,,,,1.25,,,,,1.05,,False,,,,449,,,,,,,False,, 2026-07-10 15:49:58 ,, not_exported ,,False,,False,False,,,
18629,569122, Ray Cooper 327-207 ,,,,False,,1,,,,,,,,,False,,,1,,, onlyHostaway ,,,,,,,,,1,,,,,,,,,,,,,,,,,,,,,,False,,,,,,,,,False,,False,,,,,,,False,,,,,,1,,,,False,, 2026-07-10 18:03:31 ,True,False,True,False,1,,,,False,False,True,False,,, 2026-08-11 19:14:52 ,525381,,,,,,,1,,,,,1,,False,,,,450,,,,,,,False,, 2026-07-10 18:03:31 ,, not_exported ,,False,,False,False,,,
18629,569708, Mike Householder 1646 (SCounty) ,,,,False,,1,,,,david832haven@gmail.com, approved ,1,, 2026-08-11 19:26:06 ,True,, 1735524960418041744 ,1.25,279783412, sync_rates_and_availability , onlyHostaway , 279783412 ,,,,10,,,,1.03,,,,16980946,,,,,,,,,,,,,,,,,,True,1698094601,,,,,, https://www.expedia.com/Sevierville-Hotels-Happy-Mountain-Cottage-Peaceful-Cabin-Escape.h134278359.Hotel-Information ,,False,,False,,,,,,,True,,,, 2026-07-28 19:04:33 ,,1.06,,,,False,134278359, 2026-07-13 16:01:02 ,True,False,True,False,1,,,,False,False,True,False,,, 2026-08-14 14:45:59 ,525967,,,,, pending ,40770391,1.2, new ,,,,1.05,,False,,,,451,,,,,,,False,, 2026-07-13 16:01:02 ,18629, exported ,,False,,True,True, 5412307 , https://www.vrbo.com/5412307?dateless=true ,
18629,572718, Karin Calimano 3815-18 (GAT) ,,,,False,,1,,,,david832haven@gmail.com, approved ,1,, 2026-08-24 20:30:06 ,True,, 1741363977353938304 ,1.25,279783412, sync_rates_and_availability , onlyHostaway , 279783412 ,,,,,,,,1.03,,,,17025523,, Knoxville  ,, 302 Lake Forest Dr; Knoxville; TN; 37920 , Haven Vacation Rentals , US ,,, Haven Vacation Rentals LLC ,, 37920 , TN ,,,,,,True,1702552301,,,,,, https://www.expedia.com/Gatlinburg-Hotels-Mountain-View-Loft-Cozy-Single-Level-Retreat.h134485495.Hotel-Information ,,False,,False,,,,,,,True,,,, 2026-08-04 17:37:56 , https://www.vrbo.com/5423528?unitId=5997689 ,1.06,,,,False,134485495, 2026-07-21 21:47:18 ,True,False,True,False,1,,,,False,False,True,False,,, 2026-08-24 21:07:38 ,528976,,,,, pending ,40851686,1.2, new ,,,,1.05,,False,,,,451,,,,,,,False,, 2026-07-21 21:47:18 ,18629, exported ,,False,,True,True, 5423528 , https://www.vrbo.com/5423528?dateless=true ,
18629,573027, Grant Chamberlain 3613 (SCounty) ,,,,False,,1,,,,david832haven@gmail.com, approved ,1,, 2026-08-11 19:25:24 ,True,, 1739921760767097075 ,1.25,279783412, sync_rates_and_availability , onlyHostaway , 279783412 ,,,,10,,,,1.03,,,,17011620,,,,,,,,,,,,,,,,,,True,1701162001,,,,,, https://www.expedia.com/Sevierville-Hotels-Endless-MTN-Escape-Spacious.h134413702.Hotel-Information ,,False,,False,,,,,, https://www.google.com/travel/hotels/entity/CgsQq9XXls6Z2bj_ARAC/overview?g2lb=43807868 ,True,,,, 2026-08-01 02:45:06 , https://www.vrbo.com/5418725?unitId=5992886 ,1.06,,,,False,134413702, 2026-07-22 19:03:54 ,True,False,True,True,1,,,,False,False,True,False,,, 2026-08-11 19:15:31 ,529285,,,,, pending ,40849406,1.2, new ,,,,1.05,,False,,,,452,,,,,,,False,, 2026-07-22 19:03:54 ,18629, exported ,,False,,True,True, 5418725 , https://www.vrbo.com/5418725?dateless=true ,
18629,573344, Gil Rivera 1235-602 (GAT) ,,,,False,,1,,,,david832haven@gmail.com, approved ,1,, 2026-09-01 18:11:13 ,True,, 1757266013761743446 ,1.25,279783412, sync_rates_and_availability , onlyHostaway , 279783412 ,,,,,,,,1.03,,,,17186460,, Knoxville ,, 302 Lake Forest Dr; Knoxville; TN; 37920 , Haven Vacation Rentals , US ,,, Haven Vacation Rentals LLC ,, 37920 , TN ,,,,,,True,1718646001,,,,,, https://www.expedia.com/Gatlinburg-Hotels-Smoky-Laurel-Cottage-Mountain-Views-Fireplace.h135585156.Hotel-Information ,,False,,False,,,,,,,True,,,, 2026-09-01 18:57:16 ,,1.06,,,,False,135585156, 2026-07-23 14:27:05 ,True,False,True,True,1,,,,False,False,True,False,,, 2026-09-02 01:11:52 ,529602,,,,, pending ,40783593,1.2, new ,,,,1.05,,False,,,,453,,,,,,,False,, 2026-07-23 14:27:05 ,18629, exported ,,False,,True,True, 5466665 , https://www.vrbo.com/5466665?dateless=true ,
18629,573790, James Nipper 3029-3 (SCounty) ,,,,False,,1,,,,david832haven@gmail.com, approved ,1,, 2026-08-11 19:21:21 ,True,, 1739228867331601772 ,1.25,279783412, sync_rates_and_availability , onlyHostaway , 279783412 ,,,,10,,,,1.03,,,,17040691,, Knoxville ,, 302 Lake Forest Dr; Knoxville; TN; 37920 , Haven Vacation Rentals , US ,,, Haven Vacation Rentals LLC ,, 37920 , TN ,,,,,,True,1704069101,,,,,, https://www.expedia.com/Sevierville-Hotels-Little-Bear-Getaway-Hot-Tub.h134528576.Hotel-Information ,,False,,False,,,,,, https://www.google.com/travel/hotels/entity/CgoQnJDKrub6vLA3EAI=/overview?g2lb=43807868 ,True,,,, 2026-08-05 20:04:44 ,,1.06,,,,False,134528576, 2026-07-24 13:48:06 ,True,False,True,True,1,,,,False,False,True,False,,, 2026-08-12 16:54:05 ,530048,,,,, pending ,40852238,1.25, new ,,,,1.05,,False,,,,454,,,,,,,False,, 2026-07-24 13:48:06 ,18629, exported ,,False,,True,True, 5425480 , https://www.vrbo.com/5425480?dateless=true ,
18629,574523, Chaitanya Chopra 1386 ,,,,False,,1,,,,,,,,,False,,,1,,, onlyHostaway ,,,,,,,,,1,,,,,,,,,,,,,,,,,,,,,,False,,,,,,,,,False,,False,,,,,,,False,,,,,,1,,,,False,, 2026-07-27 17:50:39 ,True,False,True,False,1,,,,False,False,True,False,,, 2026-08-11 19:16:08 ,530781,,,,,,,1,,,,,1,,False,,,,455,,,,,,,False,, 2026-07-27 17:50:39 ,, not_exported ,,False,,False,False,,,
18629,575028, Manish Birla 660 (Gat) ,,,,False,,1,,,,,,,, 2026-08-06 20:11:05 ,False,,,1.25,,, onlyHostaway ,,,,,,,,,1.03,,,,,,,,,,,,,,,,,,,,,,False,,,,,,,,,False,,False,,,,,,,False,,,,,,1.06,,,,False,, 2026-07-28 15:22:25 ,True,False,True,False,1,,,,False,False,True,False,,, 2026-08-06 19:53:52 ,531286,,,,,,,1.2,,,,,1.05,,False,,,,456, archived ,,,,,,False,, 2026-07-28 15:22:25 ,, not_exported ,,False,,False,False,,,
18629,575034, Walt Rountree 3738 (PF) ,,,,False,,1,,,,havensuperhost@gmail.com, approved ,1,, 2026-08-11 19:22:30 ,True,, 838359014728544347 ,1.25,490316100, sync_rates_and_availability , onlyHostaway , 490316100 ,,,,10,,,,1.03,,,,9712372,,,,,,,,,,,,,,,,,,True,971237202,,,,,, https://www.expedia.com/Pigeon-Forge-Hotels-Serene-MTN-Cabin-Indoor-Pool.h134485496.Hotel-Information ,,False,,False,,,,,, https://www.google.com/travel/hotels/entity/CgsQi9yjkZaH4aiTARAC/overview?g2lb=43807868 ,True,,,, 2026-08-04 17:37:56 ,,1.06,,,,False,134485496, 2026-07-28 15:29:31 ,True,False,True,True,1,,,,False,False,True,False,,, 2026-09-02 16:15:24 ,531292,,,,, pending ,40773813,1.2, new ,,,,1.05,,False,,,,457,,,,,,,False,, 2026-07-28 15:29:31 ,18629, exported ,,False,,True,True, 5423529 , https://www.vrbo.com/5423529?dateless=true ,
18629,575897, Samyuktha Ravi 576-8 (PF) ,,,,False,,1,,,,david832haven@gmail.com, approved ,1,, 2026-08-10 19:53:34 ,True,, 1749422062016202981 ,1.25,279783412, sync_rates_and_availability , onlyHostaway , 279783412 ,,,,10,,,,1.03,,,,17075783,, Knoxville  ,, 302 Lake Forest Dr; Knoxville; TN; 37920 , Haven Vacation Rentals , US ,,, Haven Vacation Rentals LLC ,, 37920 , TN ,,,,,,True,1707578301,,,,,, https://www.expedia.com/Pigeon-Forge-Hotels-Smokies-Modern-Cabin-Fireplace.h134817225.Hotel-Information ,,False,,False,,,,,, https://www.google.com/travel/hotels/entity/CgsQzcG9usC6hO_aARAC/overview?g2lb=43807868 ,True,,,,,,1.06,,,,False,134817225, 2026-07-30 17:38:29 ,True,False,True,True,1,,,,False,False,True,False,, Client error: `POST https://api.expediagroup.com/supply/lodging/graphql` resulted in a `403 Forbidden` response:\n{\ errors\ :[{\ message\ :\ You do not have sufficient rights to access the resource you requested.\ ;\ extensions\ :{\ code\ :\ FO (truncated...) , 2026-08-30 13:15:24 ,532155,,,,, pending ,40776535,1.2, new ,,,,1.05,,False,,,,458,,,,,,,False,, 2026-07-30 17:38:29 ,18629, exported ,,False,,True,True, 5437014 , https://www.vrbo.com/5437014?dateless=true ,
18629,575958, Jessee Cook 921 (GAT) ,,,,False,,1,,,,david832haven@gmail.com, approved ,1,, 2026-08-17 18:52:28 ,True,, 1747186752622113295 ,1.25,279783412, sync_rates_and_availability , onlyHostaway , 279783412 ,,,,,,,,1.03,,,,17075769,, Knoxville  ,, 302 Lake Forest Dr; Knoxville; TN; 37920 , Haven Vacation Rentals , US ,,, Haven Vacation Rentals LLC ,, 37920 , TN ,,,,,,True,1707576901,,,,,, https://www.expedia.com/Gatlinburg-Hotels-Smoky-Wood-Haven-Hot-Tub.h134817204.Hotel-Information ,,False,,False,,,,,, https://www.google.com/travel/hotels/entity/CgsQwKWz4rWdtIPMARAC/overview?g2lb=43807868 ,True,,,, 2026-08-17 18:34:05 ,,1.06,,,,False,134817204, 2026-07-30 19:35:04 ,True,False,True,True,1,,,,False,False,True,False,,, 2026-08-18 01:06:22 ,532216,,,,, pending ,40776531,1.2, new ,,,,1.05,,False,,,,459,,,,,,,False,, 2026-07-30 19:35:04 ,18629, exported ,,False,,True,True, 5437011 , https://www.vrbo.com/5437011?dateless=true ,
18629,577224, Jamie Gittemeier 1260-5203 (GAT) ,,,,False,,1,,,,david832haven@gmail.com, approved ,1,, 2026-08-26 21:03:24 ,True,, 1745802468421730482 ,1.25,279783412, sync_rates_and_availability , onlyHostaway , 279783412 ,,,,,,,,1.03,,,,17056892,, Knoxville ,, 302 Lake Forest Dr; Knoxville; TN; 37920 , Haven Vacation Rentals , US ,,, Haven Vacation Rentals LLC ,, 37920 , TN ,,,,,,True,1705689201,,,,,, https://www.expedia.com/Gatlinburg-Hotels-Cloudline-Condo-Gatlinburg-Fireplace-Pools.h134673269.Hotel-Information ,,False,,False,,,,,, https://www.google.com/travel/hotels/entity/CgoQgJegm-jRzLh2EAI=/overview?g2lb=43807868 ,True,,,, 2026-08-10 14:21:03 ,,1.06,,,,False,134673269, 2026-08-04 15:33:34 ,True,False,True,True,1,,,,False,False,True,False,,, 2026-08-12 17:10:13 ,533482,,,,, pending ,40775291,1.2, new ,,,,1.05,,False,,,,460,,,,,,,False,, 2026-08-04 15:33:34 ,18629, exported ,,False,,True,True, 5432034 , https://www.vrbo.com/5432034?dateless=true ,
18629,577271, Danae Downing 620 (PF) ,,,,False,,1,,,,david832haven@gmail.com, approved ,1,, 2026-08-21 19:09:51 ,True,, 1745684379004898592 ,1.25,279783412, sync_rates_and_availability , onlyHostaway , 279783412 ,,,,,,,,1.03,,,,17110957,, Knoxville  ,, 302 Lake Forest Dr; Knoxville; TN; 37920 , Haven Vacation Rentals , US ,,, Haven Vacation Rentals LLC ,, 37920 , TN ,,,,,,True,1711095701,,,,,, https://www.expedia.com/Pigeon-Forge-Hotels-American-Charm-Hot-Tub.h135068729.Hotel-Information ,,False,,False,,,,,, https://www.google.com/travel/hotels/entity/CgsQ-5nTgKnQ97awARAC/overview?g2lb=43807868 ,True,,,, 2026-08-19 15:43:54 , https://www.vrbo.com/5445330?unitId=6019491 ,1.06,,,,False,135068729, 2026-08-04 16:24:49 ,True,False,True,True,1,,,,False,False,True,False,,, 2026-08-21 19:07:15 ,533529,,,,, pending ,40856380,1.2, new ,,,,1.05,,False,,,,462,,,,,,,False,, 2026-08-04 16:24:49 ,18629, exported ,,False,,True,True, 5445330 , https://www.vrbo.com/5445330?dateless=true ,
18629,577276, Danae Downing 2620 (SCounty) ,,,,False,,1,,,,david832haven@gmail.com, approved ,1,, 2026-08-13 17:04:59 ,True,, 1749527395964817385 ,1.25,279783412, sync_rates_and_availability , onlyHostaway , 279783412 ,,,,,,,,1.03,,,,17110724,, Knoxville  ,, 302 Lake Forest Dr; Knoxville; TN; 37920 , Haven Vacation Rentals , US ,,, Haven Vacation Rentals LLC ,, 37920 , TN ,,,,,,True,1711072401,,,,,, https://www.expedia.com/Sevierville-Hotels-Wild-Turkey-Sleeps-18-Views.h135067628.Hotel-Information ,,False,,False,,,,,, https://www.google.com/travel/hotels/entity/CgsQ_7T-md7ur7TpARAC/overview?g2lb=43807868 ,True,,,, 2026-08-19 15:10:13 ,,1.06,,,,False,135067628, 2026-08-04 16:38:16 ,True,False,True,True,1,,,,False,False,True,False,,, 2026-08-20 01:09:20 ,533534,,,,, pending ,40778305,1.2, new ,,,,1.05,,False,,,,463,,,,,,,False,, 2026-08-04 16:38:16 ,18629, exported ,,False,,True,True, 5445290 , https://www.vrbo.com/5445290?dateless=true ,
18629,577298, Phillip Dueitt  3710-105 ,,,,False,,1,,,,,,,,,False,,,1.25,,, onlyHostaway ,,,,,,,,,1.03,,,,,,,,,,,,,,,,,,,,,,False,,,,,,,,,False,,False,,,,,,,False,,,,,,1.06,,,,False,, 2026-08-04 17:12:48 ,True,False,True,False,1,,,,False,False,True,False,,, 2026-08-11 19:17:45 ,533556,,,,,,,1.2,,,,,1.05,,False,,,,465,,,,,,,False,, 2026-08-04 17:12:48 ,, not_exported ,,False,,False,False,,,
18629,577727, Jennifer Coley 4413 ,,,,False,,1,,,,,,,,,False,,,1.25,,, onlyHostaway ,,,,,,,,,1.03,,,,,,,,,,,,,,,,,,,,,,False,,,,,,,,,False,,False,,,,,,,False,,,,,,1.2,,,,False,, 2026-08-05 16:27:05 ,True,False,True,False,1,,,,False,False,True,False,,, 2026-08-11 19:17:54 ,533985,,,,,,,1.06,,,,,1.05,,False,,,,465,,,,,,,False,, 2026-08-05 16:27:05 ,, not_exported ,,False,,False,False,,,
18629,579517, Greg Drury 1619-14 (SCounty) ,,,,False,,1,,,,david832haven@gmail.com, approved ,1,, 2026-08-27 21:12:30 ,True,, 1761749790138915193 ,1.25,279783412, sync_rates_and_availability , onlyHostaway , 279783412 ,,,,,,,,1.03,,,,17190808,, Knoxville  ,, 302 Lake Forest Dr; Knoxville; TN; 37920 , Haven Vacation Rentals , US ,,, Haven Vacation Rentals LLC ,, 37920 , TN ,,,,,,True,1719080801,,,,,, https://www.expedia.com/Sevierville-Hotels-Rustic-A-Frame-Charm-Hot-Tub.h135580807.Hotel-Information ,,False,,False,,,,,,,True,,,, 2026-09-01 16:55:14 ,,1.06,,,,False,135580807, 2026-08-10 14:38:59 ,True,False,True,True,1,,,,False,False,True,False,,, 2026-09-02 01:10:52 ,535773,,,,, pending ,40862408,1.2, new ,,,,1.05,,False,,,,465,,,,,,,False,, 2026-08-10 14:38:59 ,18629, exported ,,False,,True,True, 5466405 , https://www.vrbo.com/5466405?dateless=true ,
18629,580232, Denny Koontz 255-203 (KCity) ,,,,False,,1,,,,, approved ,1,, 2026-08-22 19:26:06 ,True,, 1751542316663154242 ,1.25,100290800, sync_rates_and_availability , onlyHostaway , 100290800 ,,,,,,,,1.03,,,,17111016,, Knoxville  ,, 302 Lake Forest Dr; Knoxville; TN; 37920 , Haven Vacation Rentals , US ,,, Haven Vacation Rentals LLC ,, 37920 , TN ,,,,,,True,1711101601,,,,,, https://www.expedia.com/Knoxville-Hotels-The-Downtown-Escape-Knoxville.h135069127.Hotel-Information ,,False,,False,,,,,, https://www.google.com/travel/hotels/entity/CgoQgpWd3Jbgl9R4EAI=/overview?g2lb=43807868 ,True,,,, 2026-08-19 15:53:44 , https://www.vrbo.com/5445347?unitId=6019508 ,1.06,,,,False,135069127, 2026-08-11 19:24:27 ,True,False,True,True,1,,,,False,False,True,False,,, 2026-08-22 19:21:23 ,536488,,,,, pending ,40856436,1.2, new ,,,,1.05,,False,,,,466,,,,,,,False,, 2026-08-11 19:24:27 ,18629, exported ,,False,,True,True, 5445347 , https://www.vrbo.com/5445347?dateless=true ,
18629,581922, Jason Paladino 4420 ,,,,False,,1,,,,,,,,,False,,,1.25,,, onlyHostaway ,,,,,,,,,1.03,,,,,,,,,,,,,,,,,,,,,,False,,,,,,,,,False,,False,,,,,,,False,,,,,,1.06,,,,False,, 2026-08-17 16:16:49 ,True,False,True,False,1,,,,False,False,True,False,,, 2026-08-17 16:20:57 ,538178,,,,,,,1.2,,,,,1.05,,False,,,,466,,,,,,,False,, 2026-08-17 16:16:49 ,, not_exported ,,False,,False,False,,,
18629,581926, Thuy Vu 255-204 ,,,,False,,1,,,,,,,,,False,,,1.25,,, onlyHostaway ,,,,,,,,,1.03,,,,,,,,,,,,,,,,,,,,,,False,,,,,,,,,False,,False,,,,,,,False,,,,,,1.06,,,,False,, 2026-08-17 16:31:11 ,True,False,True,False,1,,,,False,False,True,False,,, 2026-08-17 16:32:59 ,538182,,,,,,,1.2,,,,,1.05,,False,,,,467,,,,,,,False,, 2026-08-17 16:31:11 ,, not_exported ,,False,,False,False,,,
18629,583249, Brad Atkinson 840 ,,,,False,,1,,,,,,,,,False,,,1.25,,, onlyHostaway ,,,,,,,,,1.03,,,,,,,,,,,,,,,,,,,,,,False,,,,,,,,,False,,False,,,,,,,False,,,,,,1.06,,,,False,, 2026-08-20 20:19:23 ,True,False,True,False,1,,,,False,False,True,False,,, 2026-08-20 20:21:05 ,539505,,,,,,,1.2,,,,,1.05,,False,,,,468,,,,,,,False,, 2026-08-20 20:19:23 ,, not_exported ,,False,,False,False,,,
18629,585038, Gurmukh Singh 727 ,,,,False,,1,,,,,,,,,False,,,1.25,,, onlyHostaway ,,,,,,,,,1.03,,,,,,,,,,,,,,,,,,,,,,False,,,,,,,,,False,,False,,,,,,,False,,,,,,1.06,,,,False,, 2026-08-26 15:41:04 ,True,False,True,False,1,,,,False,False,True,False,,, 2026-08-26 15:43:18 ,541107,,,,,,,1,,,,,1.05,,False,,,,469,,,,,,,False,, 2026-08-26 15:41:04 ,, not_exported ,,False,,False,False,,,
18629,585041, Jessica Ryan 551 ,,,,False,,1,,,,,,,,,False,,,1.25,,, onlyHostaway ,,,,,,,,,1.03,,,,,,,,,,,,,,,,,,,,,,False,,,,,,,,,False,,False,,,,,,,False,,,,,,1.06,,,,False,, 2026-08-26 15:48:42 ,True,False,True,False,1,,,,False,False,True,False,,, 2026-09-01 18:00:44 ,541110,,,,,,,1,,,,,1.05,,False,,,,470,,,,,,,False,, 2026-08-26 15:48:42 ,, not_exported ,,False,,False,False,,,
18629,585605, Puja Patel 3141-1 (PF) ,,,,False,,1,,,,,,,,,False,,,1,,, onlyHostaway ,,,,,,,,,1,,,,,,,,,,,,,,,,,,,,,,False,,,,,,,,,False,,False,,,,,,,False,,,,,,1,,,,False,, 2026-08-27 14:07:51 ,True,False,True,False,1,,,,False,False,True,False,,, 2026-08-27 14:09:16 ,541540,,,,,,,1,,,,,1,,False,,,,471,,,,,,,False,, 2026-08-27 14:07:51 ,, not_exported ,,False,,False,False,,,
18629,585609, Jennifer Shirley 1074 (SCounty) ,,,,False,,1,,,,,,,,,False,,,1,,, onlyHostaway ,,,,,,,,,1,,,,,,,,,,,,,,,,,,,,,,False,,,,,,,,,False,,False,,,,,,,False,,,,,,1,,,,False,, 2026-08-27 14:15:29 ,True,False,True,False,1,,,,False,False,True,False,,, 2026-08-27 14:17:06 ,541543,,,,,,,1,,,,,1,,False,,,,472,,,,,,,False,, 2026-08-27 14:15:29 ,, not_exported ,,False,,False,False,,,
18629,588227, Nirav Patel 2266 (SCounty) ,,,,False,,1,,,,,,,,,False,,,1,,, onlyHostaway ,,,,,,,,,1,,,,,,,,,,,,,,,,,,,,,,False,,,,,,,,,False,,False,,,,,,,False,,,,,,1,,,,False,, 2026-09-03 16:18:08 ,True,False,True,False,1,,,,False,False,True,False,,, 2026-09-03 16:19:04 ,543857,,,,,,,1,,,,,1,,False,,,,472,,,,,,,False,, 2026-09-03 16:18:08 ,, not_exported ,,False,,False,False,,,
18629,588230, Craig Sheflin 2746 (SCounty) ,,,,False,,1,,,,,,,,,False,,,1,,, onlyHostaway ,,,,,,,,,1,,,,,,,,,,,,,,,,,,,,,,False,,,,,,,,,False,,False,,,,,,,False,,,,,,1,,,,False,, 2026-09-03 16:24:16 ,True,False,True,False,1,,,,False,False,True,False,,, 2026-09-04 20:39:35 ,543860,,,,,,,1,,,,,1,,False,,,,473,,,,,,,False,, 2026-09-03 16:24:16 ,, not_exported ,,False,,False,False,,,
18629,588249, Frank Jerca 3073 (PF) ,,,,False,,1,,,,,,,,,False,,,1,,, onlyHostaway ,,,,,,,,,1,,,,,,,,,,,,,,,,,,,,,,False,,,,,,,,,False,,False,,,,,,,False,,,,,,1,,,,False,, 2026-09-03 16:41:23 ,True,False,True,False,1,,,,False,False,True,False,,, 2026-09-03 16:42:05 ,543879,,,,,,,1,,,,,1,,False,,,,474,,,,,,,False,, 2026-09-03 16:41:23 ,, not_exported ,,False,,False,False,,,
18629,588814, David Kiger 338-105 ,,,,False,,1,,,,,,,,,False,,,1.25,,, onlyHostaway ,,,,,,,,,1.03,,,,,,,,,,,,,,,,,,,,,,False,,,,,,,,,False,,False,,,,,,,False,,,,,,1.06,,,,False,, 2026-09-04 20:53:17 ,True,False,True,False,1,,,,False,False,True,False,,, 2026-09-04 20:54:26 ,544444,,,,,,,1.2,,,,,1.05,,False,,,,475,,,,,,,False,, 2026-09-04 20:53:17 ,, not_exported ,,False,,False,False,,,
