Listing ID,Listing Name,Listing Sync,Show Listing,Listing Status,PMS Name,Base Price,Recommended Base Price,Min Price,Max Price,Bedroom Count,City,Customization Group,Customization Sub Group,Tags,Total Occupancy ( Next 60 Days ),Total Occupancy ( Next 90 Days ),Adjusted Occupancy ( Next 45 Days ),Reservations ( Past 15 Days ),Nights Booked ( Past 7 Days ),Nights Booked ( Past 15 Days ),Last Booked Date
78819,"Seann Gloss 459 (PF) -- Splash of Moonshine - Heated Indoor Pool, Hot Tub, Arcade/Game Room",TRUE,TRUE,available,hostaway,250,240.0,105,,2,Pigeon Forge,1-4BR Cabins / House,1-2 Bedroom Cabins,"1-2BR Cabin,Group 1,HA1,NotKnox,PF,Safely,Summer,BlessedCleaningTyler,Lily,Group 2,Pet,SCounty,3-4BR,Kyle,PrivateIndoorPool,2BDR,hottub,8guest,indoor pool,Key; vrbo:1779783; airbnb:1151807143597215795",65 %,47 %,80 %,1,0,3,24 Aug 2026
78824,Natasha Ross 2808 (PF) -- Cozy Smoky Mountain Tiny House,FALSE,TRUE,hidden,hostaway,145,,90,,2,Pigeon Forge,1-4BR Cabins / House,1-2 Bedroom Cabins,"1-2BR Cabin,Group 3,HA1,Katie,NotKnox,PF,Safely,BlessedCleaningTyler,Junior,SCounty,3-4BR,Group 1,Kyle,6guest,2BDR,Top; vrbo:1982023; airbnb:43389843",100 %,100 %,Fully Blocked,0,0,0,02 Jul 2026
79561,Julie Michala 338-101 (BC) -- Modern Cades Cove Condo w/ Community Pool,TRUE,TRUE,available,hostaway,130,128.0,80,,2,Townsend,1-4BR Cabins / House,1-2 Bedroom Condos,"1-2BR Condo,BC,Group 3,HA1,Junior,Katie,NotKnox,Safely,BlessedCleaningTyler,SCounty,1-2BR Cabin,3-4BR,Blake,Kyle,Townsend Condo,townsend,2BDR,Community outdoor pool,6guest; vrbo:2075067; airbnb:45485585",67 %,44 %,76 %,3,9,14,01 Sep 2026
82620,Chad Williams 326-104 (BC) -- Gorgeous Cades Cove Condo with Community Pool!,TRUE,TRUE,available,hostaway,130,127.0,90,,2,Townsend,1-4 BR with MINIMUM REQUESTS,1-2 Bedroom Condos,min rate; vrbo:2248063; airbnb:48194098,57 %,42 %,69 %,1,3,3,31 Aug 2026
82621,Chad Williams 223-202 (BC) -- Elegant Cades Cove Condo with Community Pool!,TRUE,TRUE,available,hostaway,130,130.0,90,,2,Townsend,1-4 BR with MINIMUM REQUESTS,1-2 Bedroom Condos,"1-2BR Condo,BC,Group 2,HA1,Katie,NotKnox,Safely,BlessedCleaningTyler,NORMAL,SCounty,1-2BR Cabin,3-4BR,Andrew,Group 1,Townsend Condo,townsend,community outdoor pool,4guest,2BDR,Key,min rate; vrbo:2248064; airbnb:48193245",77 %,59 %,76 %,3,2,9,31 Aug 2026
83048,Brett Dickinson 338-203 (BC) -- Cozy Cades Cove Condo with Community Pool!,FALSE,TRUE,hidden,hostaway,120,,90,,2,Townsend,1-4 BR with MINIMUM REQUESTS,,"BC,Group 3,HA1,Junior,Katie,NotKnox,Safely,BlessedCleaningTyler,SCounty,1-2BR Cabin,1-2BR Condo,3-4BR,Blake,Kyle,Townsend Condo,townsend,6guest,2BDR,Community outdoor Pool,min rate; vrbo:2256784",100 %,100 %,Fully Blocked,0,0,0,08 May 2026
83165,"Josef Wankerl 1030 (GAT) -- Bear View Chalet - Hot tub, Near Ober!",TRUE,TRUE,available,hostaway,160,156.0,90,,3,Gatlinburg,1-4BR Cabins / House,3-4 Bedrooms,"GAT,Group 2,HA1,Katie,NORMAL,NotKnox,Safely,TendwellCleaning,BlessedCleaningTyler,3-4BR,SCounty,1-2BR Cabin,Blake,Kyle,Gat,10guest,3BDR,hottub,view,Community Pool,Normal,Low 3-4BR; vrbo:2298653",77 %,58 %,80 %,3,6,13,04 Sep 2026
84093,"Chuane Li 1483 (SCounty) -- Bear Claw Cove - Hot Tub, Fireplace, View",TRUE,TRUE,available,hostaway,150,150.0,85,,2,Sevierville,1-4BR Cabins / House,1-2 Bedroom Cabins,"1-2BR Cabin,Group 2,HA1,Katie,NotKnox,Pet,Safely,BlessedCleaningTyler,SCounty,3-4BR,Scounty,2BDR,hottub,OnB- 4/26/21,8guest,Normal; vrbo:2334080; airbnb:49318725",48 %,32 %,53 %,2,4,14,30 Aug 2026
84248,Carl Chadwell 116-206 (KCity) -- Historic Sterchi Loft on Gay St,TRUE,TRUE,available,hostaway,220,217.0,97,,2,Knoxville,Knox All listing,Knox 1-2BR,"1-2BR Condo,EasyBNBAmanda,Group 3,HA2,KCity,Regina,Safely,KnoxStaytion,SCounty,1-2BR Cabin,3-4BR,Group 1,Kyle,NotKnox,Knox,2BDR,8Guest,Key; vrbo:2298656; airbnb:33966749",17 %,16 %,22 %,5,2,9,02 Sep 2026
84250,Dylan Robinson 116-203 (KCity) -- City Loft w/ View of Gay St,TRUE,TRUE,available,hostaway,225,225.0,100,,2,Knoxville,Knox All listing,Knox 1-2BR,"1-2BR Condo,EasyBNBAmanda,Group 2,HA1,KCity,Safely,Summer,KnoxStaytion,SCounty,1-2BR Cabin,3-4BR,Group 1,HA2,Kyle,NotKnox,Knox,2BDR,8Guest,Key; vrbo:2298659; airbnb:17525438",28 %,24 %,36 %,4,4,16,03 Sep 2026
84251,Dylan Robinson 3115 (KCity) -- 1940's Bungalow near Downtown & UT Campus,TRUE,TRUE,available,hostaway,129,132.0,89,,3,Knoxville,Knox All listing,Knox 3-4BR,"EasyBNBAmanda,Group 2,HA2,KCity,Safely,Summer,KnoxStaytion,SCounty,1-2BR Cabin,3-4BR,Group 1,HA3,Kyle,NotKnox,Knox,3BDR,9Guest,Key; vrbo:2298662; airbnb:1593573554661842805",25 %,27 %,33 %,5,3,21,01 Sep 2026
84252,Kirk Kelso 116-102 (KCity) -- Modern Downtown Loft - 1 mile to UT,TRUE,TRUE,available,hostaway,135,132.0,80,,1,Knoxville,Knox All listing,Knox 1-2BR,"1-2BR Condo,EasyBNBAmanda,Group 2,HA2,KCity,Regina,Safely,KnoxStaytion,Group 3,SCounty,1-2BR Cabin,3-4BR,Kyle,NotKnox,Knox,1BDR,6Guest,Junior; vrbo:2298663; airbnb:38405093",22 %,19 %,29 %,3,6,13,03 Sep 2026
84254,Dylan Robinson 116-106 (KCity) -- Modern Loft w/ View,TRUE,TRUE,available,hostaway,185,182.0,100,,2,Knoxville,Knox All listing,Knox 1-2BR,"1-2BR Condo,EasyBNBAmanda,Group 2,HA2,KCity,Safely,Summer,KnoxStaytion,SCounty,1-2BR Cabin,3-4BR,Group 1,Kyle,NotKnox,Knox,2BDR,7Guest,Key; vrbo:2298665; airbnb:16546834",22 %,22 %,29 %,2,8,8,31 Aug 2026
84255,Brad Johnson 116-207 (KCity) -- Sunny Sterchi Loft w/ view,TRUE,TRUE,available,hostaway,255,266.0,105,,3,Knoxville,Knox All listing,Knox 3-4BR,"EasyBNBAmanda,Group 3,HA2,KCity,Regina,Safely,KnoxStaytion,3-4BR,SCounty,1-2BR Cabin,Group 2,Kyle,NotKnox,Knox,3BDR,8Guest,Normal; vrbo:2298666; airbnb:38291398",33 %,30 %,43 %,6,12,18,05 Sep 2026
84257,Dylan Robinson 116-204 (KCity) -- Sunny Loft w/ View of Gay St,TRUE,TRUE,available,hostaway,140,139.0,85,,1,Knoxville,Knox All listing,Knox 1-2BR,"1-2BR Condo,EasyBNBAmanda,Group 2,HA2,KCity,Safely,Summer,KnoxStaytion,SCounty,1-2BR Cabin,3-4BR,Group 1,Kyle,NotKnox,Knox,1BDR,6Guest,Key; vrbo:2298668; airbnb:36975992",15 %,14 %,20 %,3,2,7,01 Sep 2026
84259,Spike & Nadim 507 (KCity) -- Historic 1900's Townhome with a Modern Flair,TRUE,TRUE,available,hostaway,270,271.0,120,,4,Knoxville,Knox All listing,Knox 3-4BR,"EasyBNBAmanda,Group 1,HA2,KCity,Regina,Safely,KnoxStaytion,3-4BR,SCounty,1-2BR Cabin,Group 2,Kyle,NotKnox,Knox,4BDR,9Guest,Key; vrbo:2298671; airbnb:48444452",33 %,28 %,44 %,2,4,4,03 Sep 2026
84261,Sandra Hill 116-101 (KCity) -- Cozy Downtown Loft,TRUE,TRUE,available,hostaway,150,146.0,85,,1,Knoxville,Knox All listing,Knox 1-2BR,"1-2BR Condo,EasyBNBAmanda,Group 3,HA2,KCity,Regina,Safely,KnoxStaytion,SCounty,1-2BR Cabin,3-4BR,Kyle,NotKnox,Knox,1BDR,6Guest,Junior; vrbo:2298673; airbnb:40704073",30 %,24 %,29 %,1,5,5,03 Sep 2026
84290,Michael Rohwer 2455 (SCounty) -- Cabin in the Woods w/ Hot Tub,TRUE,TRUE,available,hostaway,140,140.0,90,,2,Sevierville,1-4BR Cabins / House,1-2 Bedroom Cabins,"1-2BR Cabin,Group 3,HA1,Junior,Katie,NotKnox,Safely,SCounty,BlessedCleaningTyler,3-4BR,Kyle,PF,1BDR,4guest,Hottub,Pooltable,OB 4/28/21; vrbo:2334082; airbnb:49444164",75 %,51 %,73 %,3,0,13,29 Aug 2026
84743,"Heidi Schelton 247 (BC) · The Woodstock - Hot Tub, Fire Pit, Arcade & Grill -- The Woodstock - Hot Tub, Fire Pit, Arcade & Grill",FALSE,TRUE,hidden,hostaway,295,,159,,5,Townsend,,,"Townsend,5BDR,14guest,hottub,OB6/11/21,Normal,Low 3-4BR",100 %,100 %,100 %,0,0,0,07 Jul 2024
85745,David Holland 1645 (SCounty) -- Romantic Mountain Shanty - Hot Tub & Fireplace,TRUE,TRUE,available,hostaway,120,120.0,85,,1,Sevierville,1-4BR Cabins / House,1-2 Bedroom Cabins,"1-2BR Cabin,Group 3,HA1,Katie,NotKnox,Safely,SCounty,BlessedCleaningTyler,Summer,3-4BR,Blake,PF,1BDR,2Guest,hottub,OB6/10/21,Junior; vrbo:2416836; airbnb:50258612",43 %,29 %,50 %,3,3,10,02 Sep 2026
86231,Philip Graves 527 (PF) -- Bearly Out of Bounds w/ Fire Pit,TRUE,TRUE,available,hostaway,160,157.0,90,,2,Pigeon Forge,1-4BR Cabins / House,1-2 Bedroom Cabins,"1-2BR Cabin,Group 2,HA1,Katie,NORMAL,NotKnox,PF,Safely,BlessedCleaningTyler,SCounty,3-4BR,Andrew,2BDR,4guest,OB6/22/21,Normal; vrbo:2416838; airbnb:50488573",83 %,63 %,89 %,1,0,4,26 Aug 2026
86393,"Leigh Anne Chong 2021 (SCounty) -- Peaks of Blue - View, Hot Tub, Theater Room!",TRUE,TRUE,available,hostaway,250,235.0,105,,3,Sevierville,1-4BR Cabins / House,3-4 Bedrooms,"Group 2,HA1,NotKnox,Safely,SCounty,Summer,TendwellCleaning,BlessedCleaningTyler,3-4BR,1-2BR Cabin,PF,3BDR,10guest,theatre,gameroom,hottub,OB6/24/21,Normal,Low 3-4BR; vrbo:2397792; airbnb:831938837413472455",67 %,57 %,76 %,4,9,14,03 Sep 2026
89008,"Brad Spurgin 1410 (SCounty) -- Papa Bear - Private w/ Hot Tub, Pool Table, & View",TRUE,TRUE,available,hostaway,130,140.0,85,,2,Sevierville,1-4BR Cabins / House,1-2 Bedroom Cabins,"1-2BR Cabin,Group 3,HA1,Pet,Regina,Safely,SCounty,BlessedCleaningTyler,3-4BR,NotKnox,Summer,PF,2BDR,6Guest,hottub,OB8/24/21,Junior; vrbo:2541705; airbnb:51750147",100 %,100 %,Fully Blocked,0,0,0,04 Jul 2026
90024,"Donnie Rath 748 (PF) -- Stairway to Heaven - Hot Tub, Pool, Prime Location!",TRUE,TRUE,available,hostaway,150,140.0,80,,1,Pigeon Forge,1-4BR Cabins / House,1-2 Bedroom Cabins,"1-2BR Cabin,Group 2,HA1,Junior,Katie,NotKnox,Pet,Safely,BlessedCleaningTyler,SCounty,3-4BR,Blake,Group 3,Kyle,PF,1BDR,4Guest,Hottub,OB9/15/21,Community Pool,Community GameRoom; vrbo:2541706; airbnb:52258916",47 %,31 %,39 %,6,19,19,06 Sep 2026
90093,Leo Shum 4150 (SCounty) -- Copper Top - Stunning Views,TRUE,TRUE,available,hostaway,170,148.0,100,,4,Sevierville,1-4BR Cabins / House,3-4 Bedrooms,"Group 1,HA1,NotKnox,Safely,SCounty,Summer,BlessedCleaningTyler,3-4BR,1-2BR Cabin,Andrew,Townsend,4BDR,14guest,hottub,indoor pool,View,Theater,OB-9/17/21,gameroom,Top,Low 3-4BR; vrbo:2590827",42 %,37 %,40 %,2,6,6,05 Sep 2026
90258,"Wah Shum 4160 (SCounty) -- Million Dollar View - Hot Tub, and Sauna!",TRUE,TRUE,available,hostaway,270,258.0,105,,4,Sevierville,1-4BR Cabins / House,3-4 Bedrooms,"Group 1,HA1,NotKnox,Safely,SCounty,Summer,BlessedCleaningTyler,3-4BR,1-2BR Cabin,Andrew,Townsend,4BDR,14 Guest,Hottub,Indoor Pool,Gameroom,Theatre,Sauna,OB 9/22/21,Top,Low 3-4BR; vrbo:2590828; airbnb:1272477338264615269",48 %,40 %,51 %,2,4,7,04 Sep 2026
90666,"Stephen Su 641 (SCounty) -- Sweet Dreams - Romantic, Hot Tub",TRUE,TRUE,available,hostaway,145,123.0,80,,1,Sevierville,1-4BR Cabins / House,1-2 Bedroom Cabins,"1-2BR Cabin,Group 2,HA1,NotKnox,Safely,SCounty,Summer,BlessedCleaningTyler,Lily,3-4BR,PF,1BDR,2Guest,Pool Table,hottub,OB10/1/21,Normal; vrbo:2507870; airbnb:640684599621098935",73 %,50 %,78 %,7,13,20,06 Sep 2026
90930,"Stephen Su 637 (SCounty) -- Peekaboo - Hot Tub, Pool Table, and Jacuzzi!",TRUE,TRUE,available,hostaway,140,140.0,90,,1,Sevierville,1-4BR Cabins / House,1-2 Bedroom Cabins,"1-2BR Cabin,Group 2,HA1,NotKnox,Safely,SCounty,Summer,BlessedCleaningTyler,Lily,3-4BR,PF,1BDR,2Guest,Pool Table,hottub,OB10/1/21,Normal; vrbo:2507871; airbnb:52626784",72 %,48 %,73 %,3,4,11,03 Sep 2026
91281,Lisa Collier 333 (BC) -- Beary Relaxing Cabin - Rustic w/ Outdoor Patio!,TRUE,TRUE,available,hostaway,140,117.0,70,,2,Townsend,1-4BR Cabins / House,1-2 Bedroom Cabins,"1-2BR Cabin,BC,Group 3,HA1,Junior,Katie,NotKnox,Safely,BlessedCleaningTyler,SCounty,3-4BR,Andrew,Group 1,HA3,Townsend,2BDR,4guest,OB10/15/21,Key; vrbo:2544118",68 %,46 %,69 %,1,5,5,04 Sep 2026
92158,Ashley May 2935 (SCounty) -- Endless Mountain Views - Hot Tub & Fireplace!,TRUE,TRUE,available,hostaway,270,275.0,119,,5,Sevierville,5-6 Bedrooms,,"5-6BR,Group 1,HA1,NotKnox,Safely,SCounty,Summer,BlessedCleaningTyler,1-2BR Cabin,3-4BR,WearsValley,5BDR,14Guest,gameroom,views,OB 11/1/21,Key; vrbo:2575184; airbnb:1118069037040344018",40 %,27 %,53 %,4,13,19,05 Sep 2026
92981,Mike Martin 2939 (SCounty) -- Front-Row Smoky Mountain Views - Chef's Kitchen,TRUE,TRUE,available,hostaway,125,122.0,85,,3,Sevierville,1-4BR Cabins / House,3-4 Bedrooms,"Group 3,HA1,Junior,Katie,NotKnox,Safely,SCounty,BlessedCleaningTyler,3-4BR,1-2BR Cabin,PF,3BDR,7Guest,OB11/10/21,Low 3-4BR; vrbo:2593347; airbnb:658598671549174856",42 %,28 %,39 %,2,0,7,29 Aug 2026
93319,"Brian Hopp 649 (GAT) -- City Hideaway - Hot Tub, Fireplace, Grill",TRUE,TRUE,available,hostaway,175,174.0,105,,4,Gatlinburg,1-4BR Cabins / House,3-4 Bedrooms,"GAT,Group 3,Katie,NotKnox,Pet,Safely,BlessedCleaningTyler,3-4BR,SCounty,HA3,1-2BR Cabin,Group 2,Kyle,14Guest,OB11/16/21,hottub,4BDR,Normal,Low 3-4BR; vrbo:2585150; airbnb:975955749551154782",50 %,43 %,56 %,3,3,9,01 Sep 2026
93532,Brian Hopp 7646 (BC) -- Evergreen Getaway - Fire Pit and Wood Fireplace!,TRUE,TRUE,available,hostaway,135,129.0,90,,3,Townsend,1-4BR Cabins / House,3-4 Bedrooms,"BC,Group 2,HA1,Junior,Katie,NotKnox,Pet,TendwellCleaning,BlessedCleaningTyler,3-4BR,SCounty,HA3,1-2BR Cabin,Kyle,Townsend,3BDR,6Guest,OB 11/18/21,Normal,High 3-4BR; vrbo:2568808; airbnb:53359277",70 %,56 %,78 %,4,2,11,04 Sep 2026
94054,"Kirk Kumagai 1012 (SCounty) -- Constellation Station - View, Hot Tub, Fireplace!",FALSE,TRUE,hidden,hostaway,180,,95,,1,Gatlinburg,1-4BR Cabins / House,1-2 Bedroom Cabins,"1-2BR Cabin,Group 2,HA1,NotKnox,Safely,SCounty,Summer,BlessedCleaningTyler,3-4BR,Blake,Gat,1BDR,4guest,hottub,view,OB11/29/21,Normal; vrbo:2771688",100 %,100 %,Fully Blocked,0,0,0,03 May 2026
94762,"Cheryl Draper 723 (SCounty) -- Sky Ridge - Mt View, WC Accessible, & Swim Spa!",TRUE,TRUE,available,hostaway,300,300.0,130,,4,Gatlinburg,1-4BR Cabins / House,3-4 Bedrooms,"Group 1,HA1,NotKnox,Safely,SCounty,Summer,BlessedCleaningTyler,3-4BR,1-2BR Cabin,Gat,4BDR,12Guest,View,hottub,games,Swim_Spa,OB12812,Top,High 3-4BR; vrbo:2590830; airbnb:53658447",60 %,53 %,73 %,4,8,15,31 Aug 2026
95208,Leigh Burch 116-108 (KCity) -- Sterchi Lofts Getaway - Downtown Knoxville,TRUE,TRUE,available,hostaway,165,163.0,80,,1,Knoxville,Knox All listing,Knox 1-2BR,"1-2BR Condo,EasyBNBAmanda,Group 2,HA2,KCity,Regina,Safely,KnoxStaytion,SCounty,1-2BR Cabin,3-4BR,Kyle,leigh,NotKnox,Knox,1BDR,8Guest,Normal; vrbo:2674088; airbnb:53749198",22 %,19 %,29 %,5,8,10,03 Sep 2026
95211,Karim Boghani 118-4 (KCity) -- Unique Old City Loft - Minutes from Market Square,TRUE,TRUE,available,hostaway,140,137.0,88,,2,Knoxville,Knox All listing,Knox 1-2BR,"EasyBNBAmanda,Group 1,KCity,Regina,Safely,KnoxStaytion,SCounty,HA3,1-2BR Cabin,1-2BR Condo,3-4BR,Group 2,Kyle,NotKnox,Knox,2BDR,8Guest,Normal; vrbo:2606656",12 %,13 %,16 %,1,0,2,28 Aug 2026
95292,Karim Boghani 112-3 (KCity) -- Elegant Old City Loft - Downtown,TRUE,TRUE,available,hostaway,175,172.0,98,,3,Knoxville,Knox All listing,Knox 3-4BR,"EasyBNBAmanda,Group 1,KCity,Regina,Safely,KnoxStaytion,3-4BR,SCounty,HA3,1-2BR Cabin,Group 2,Kyle,NotKnox,Knox,3BDR,8Guest,Normal; vrbo:2657807; airbnb:680440772497983955",17 %,16 %,22 %,0,0,0,17 Aug 2026
95305,Karim Boghani 118-2 (KCity) -- Spacious Old City Loft,TRUE,TRUE,available,hostaway,140,130.0,89,,2,Knoxville,Knox All listing,Knox 1-2BR,"1-2BR Condo,EasyBNBAmanda,Group 1,HA2,KCity,Regina,Safely,KnoxStaytion,SCounty,1-2BR Cabin,3-4BR,Group 2,Kyle,NotKnox,Knox,2BDR,8Guest,Normal; vrbo:2602341; airbnb:640782730184571196",22 %,17 %,29 %,7,16,16,05 Sep 2026
95422,Karim Boghani 118-1 (KCity) -- Modern Old City Loft - Downtown Knoxville,TRUE,TRUE,available,hostaway,150,150.0,89,,1,Knoxville,Knox All listing,Knox 1-2BR,"1-2BR Condo,EasyBNBAmanda,Group 1,HA2,KCity,Regina,Safely,KnoxStaytion,SCounty,1-2BR Cabin,3-4BR,Group 2,Kyle,NotKnox,Knox,1BDR,6Guest,Normal; vrbo:2602342",7 %,4 %,7 %,1,3,3,01 Sep 2026
95464,Karim Boghani 118-3 (KCity) -- Heart of the Old City - Minutes from Market Square,TRUE,TRUE,available,hostaway,195,192.0,90,,2,Knoxville,Knox All listing,Knox 1-2BR,"1-2BR Condo,EasyBNBAmanda,Group 1,HA2,KCity,Regina,Safely,KnoxStaytion,SCounty,1-2BR Cabin,3-4BR,Group 2,Kyle,NotKnox,Knox,2BDR,10Guest,Normal; vrbo:2602343; airbnb:641187062249969624",13 %,13 %,18 %,0,0,0,14 Aug 2026
96375,Donnie Riddle 223-203 (BC) -- Abrams Retreat at Cades Cove w/ Mountain Views!,TRUE,TRUE,available,hostaway,130,128.0,119,,2,Townsend,1-4 BR with MINIMUM REQUESTS,1-2 Bedroom Condos,"1-2BR Condo,BC,Group 2,HA1,Junior,Katie,Safely,BlessedCleaningTyler,SCounty,1-2BR Cabin,3-4BR,Blake,Group 3,Kyle,NotKnox,Townsend Condo,Townsend,2BDR,6Guest,Community outdoor pool,OB1/2/22,min rate,min LOS; vrbo:2650094; airbnb:53955810",43 %,36 %,51 %,1,3,3,04 Sep 2026
96720,"Brendan Smith 4386 (SCounty) -- BellaYani-Pet Friendly, Hot Tub, Views, Games",TRUE,TRUE,available,hostaway,235,245.0,105,,3,Sevierville,1-4BR Cabins / House,3-4 Bedrooms,"Group 2,HA1,NotKnox,Pet,Safely,SCounty,Summer,TendwellCleaning,BlessedCleaningTyler,3-4BR,1-2BR Cabin,Wears Valley,3BDR,12 Guest,hottub,jacuzzi,gameroom,OB1/4/22,Normal,Med 3-4BR; vrbo:2632237; airbnb:54067468",35 %,23 %,38 %,1,4,4,05 Sep 2026
100830,"Wayne Flatt 536 (GAT) -- Whisk-A-Way - Hot Tub, Pool Table & Jacuzzi!",TRUE,TRUE,available,hostaway,180,180.0,90,,1,Gatlinburg,1-4BR Cabins / House,1-2 Bedroom Cabins,"1-2BR Cabin,GAT,Group 3,HA1,Junior,Katie,Safely,BlessedCleaningTyler,SCounty,3-4BR,Blake,Group 2,NotKnox,1BDR,4Guest,hottub,OB2/18/22; vrbo:2677977",100 %,100 %,Fully Blocked,0,0,0,27 Apr 2026
101822,"Erin Thrasher 379 (JC) -- The Lookout - Lake View w/Access, Hot Tub & Grill!",TRUE,TRUE,available,hostaway,190,181.0,105,,4,Dandridge,1-4 BR with MINIMUM REQUESTS,,"Group 3,HA1,JC,Junior,Safely,Summer,BlessedCleaningTyler,Lily,3-4BR,SCounty,1-2BR Cabin,Blake,NotKnox,Dandridge,4BDR,8guest,view,dock,OB3/1/22,min rate; vrbo:2711855; airbnb:572542572513976867",15 %,21 %,20 %,0,0,0,06 Sep 2026
101823,"Sue Landis 410-3002 (PF) -- A View to Remember - Mountain Views, Resort Pools!",TRUE,TRUE,available,hostaway,125,128.0,100,,2,Pigeon Forge,1-4 BR with MINIMUM REQUESTS,1-2 Bedroom Condos,"1-2BR Condo,Group 3,HA1,Junior,Lily,NotKnox,PF,Safely,BlessedCleaningTyler,SCounty,1-2BR Cabin,3-4BR,Summer,2BDR,6Guest,Indoor Community pool,outdoor community pool,community gameroom,Community Fitness Center,OB3/1/22,min rate; vrbo:2735263; airbnb:572702808972132577",47 %,31 %,58 %,1,0,2,23 Aug 2026
102072,Leigh Burch 116-103 (KCity) -- Urban Sterchi Lofts - Downtown Knoxville,TRUE,TRUE,available,hostaway,230,228.0,110,,2,Knoxville,Knox All listing,Knox 1-2BR,"1-2BR Condo,EasyBNBAmanda,Group 2,HA1,KCity,Regina,Safely,KnoxStaytion,SCounty,1-2BR Cabin,3-4BR,Kyle,leigh,NotKnox,Knox,2BDR,4Guest,OB3/4/22,Normal; vrbo:2733380; airbnb:575263426878532612",17 %,16 %,22 %,5,3,11,02 Sep 2026
104542,Terry Reeves 830 (PF) -- Higher Ground Condo w/ Mountain & Golf View,TRUE,TRUE,available,hostaway,150,150.0,95,,3,Pigeon Forge,1-4BR Cabins / House,3-4 Bedrooms,"Group 3,HA1,Junior,Katie,NotKnox,PF,Safely,TendwellCleaning,BlessedCleaningTyler,3-4BR,SCounty,1-2BR Cabin,Blake,Kyle,Community Indoor/outdoor Pool,Condo,OB3/30/22; vrbo:2818060; airbnb:593994119955883135",67 %,49 %,78 %,1,0,2,06 Sep 2026
105239,Vicki Allbert 410-2003 (PF) -- The Bear Paw Palace - Mtn View & Community Pools!,TRUE,TRUE,available,hostaway,130,116.0,80,,2,Pigeon Forge,1-4BR Cabins / House,1-2 Bedroom Condos,"1-2BR Condo,Group 3,HA1,Junior,Katie,NotKnox,PF,Safely,BlessedCleaningTyler,SCounty,1-2BR Cabin,3-4BR,Blake,Kyle,2BDR,6guest,Community indoor pool,Community outdoor Pool,OB4/5/22; vrbo:2766254; airbnb:598320720257107278",60 %,40 %,66 %,4,2,15,05 Sep 2026
106774,"Stephen Fu 225 (PF) -- Bear Hugs - Hot Tub, 2 Fire Pits, Fireplace!",TRUE,TRUE,available,hostaway,170,173.0,95,,2,Pigeon Forge,1-4BR Cabins / House,1-2 Bedroom Cabins,"1-2BR Cabin,Group 2,HA1,NotKnox,PF,Safely,Summer,BlessedCleaningTyler,Lily,SCounty,3-4BR,Group 1,2bdr,8guest,hottub,Community Pool,OB4/18/22,Normal; vrbo:2818062; airbnb:605602484398867221",45 %,46 %,59 %,3,4,14,03 Sep 2026
107045,"Rob Hart 1141 (SCounty) -- The Hartland - Hot Tub, Jacuzzi, Arcade Game, Fireplace!",TRUE,TRUE,available,hostaway,135,135.0,95,,3,Sevierville,1-4BR Cabins / House,3-4 Bedrooms,"Group 3,HA1,Lily,NotKnox,Safely,SCounty,BlessedCleaningTyler,Summer,3-4BR,1-2BR Cabin,Group 2,PF,McCookville,3BDR,8guest,hottub,OB4/20/22,Junior,Low 3-4BR; vrbo:2818063; airbnb:609235049069628443",63 %,42 %,69 %,6,15,24,06 Sep 2026
109599,Brian Albaum 442 (SCity) -- Fishin' N Wishin'- Pet Friendly + HotTub!,TRUE,TRUE,available,hostaway,135,137.0,75,,2,Sevierville,1-4BR Cabins / House,1-2 Bedroom Cabins,"1-2BR Cabin,Group 1,HA1,Katie,NotKnox,Pet,Safely,SCity,TendwellCleaning,Summer,OglesCleaningTrenton,SCounty,3-4BR,Group 2,Sevierville,2BDR,5Guest,Hottub,Pond,OB5/11/22,Normal; vrbo:2840379; airbnb:872433458193846020",62 %,46 %,64 %,2,9,9,01 Sep 2026
111312,"Jay Hwang 936 (SCounty) -- Smokies Sunset: MTN Views, Hot Tub, Games & MORE!",TRUE,TRUE,available,hostaway,210,207.0,100,,3,Sevierville,1-4BR Cabins / House,3-4 Bedrooms,"Group 1,HA1,NotKnox,Safely,SCounty,Summer,BlessedCleaningTyler,3-4BR,1-2BR Cabin,PF,3bdr,8guest,hottub,OB5/27/22,Top,Med 3-4BR; vrbo:2863793; airbnb:635390943310998557",100 %,100 %,Fully Blocked,0,0,0,20 Jan 2026
111417,Barbara Dorr 229-203 (BC) -- Charming Cades Cove Condo - Community Amenities!,TRUE,TRUE,available,hostaway,130,128.0,80,,2,Townsend,1-4BR Cabins / House,1-2 Bedroom Condos,"1-2BR Condo,BC,Group 3,HA1,Junior,Katie,NotKnox,Safely,BlessedCleaningTyler,SCounty,1-2BR Cabin,3-4BR,Blake,Kyle,Townsend Condo,Townsend,condo,2bdr,6guest,OB5/27/22; vrbo:2873095; airbnb:636017841824178324",38 %,26 %,51 %,1,2,2,30 Aug 2026
111957,"Jay Hwang 920 (SCounty) -- Falcon's Lodge - Mtn View, Hot Tub, & Pool Table!",TRUE,TRUE,available,hostaway,220,220.0,95,,3,Sevierville,1-4BR Cabins / House,3-4 Bedrooms,"Group 1,HA1,NotKnox,Pet,Safely,SCounty,Summer,BlessedCleaningTyler,3-4BR,1-2BR Cabin,PF,3BDR,8guest,hottub,view,OB6/3/22,Top,Med 3-4BR; vrbo:2865704; airbnb:640441012930392789",67 %,58 %,73 %,4,8,19,02 Sep 2026
112729,Dylan Robinson 3741 (PF) -- Indoor Pool & Hot Tub!,FALSE,TRUE,hidden,hostaway,320,,110,,4,Pigeon Forge,1-4BR Cabins / House,3-4 Bedrooms,"Group 1,HA1,NotKnox,PF,Safely,Summer,BlessedCleaningTyler,3-4BR,SCounty,1-2BR Cabin,4BDR,14Guest,Indoor Pool,games,OB6/11/22,Key,High 3-4BR; vrbo:2923705",100 %,100 %,Fully Blocked,0,0,0,04 May 2026
113415,"Lewis Anderson 2691 (SCounty) -- Sevierville Tiny Home w/ Hot Tub, Fire Pit & Grill",TRUE,TRUE,available,hostaway,100,90.0,60,,1,Sevierville,1-4BR Cabins / House,1-2 Bedroom Cabins,"1-2BR Cabin,Group 3,HA1,Junior,Katie,NotKnox,Safely,SCounty,BlessedCleaningTyler,3-4BR,Blake,Dandridge,tinyhome,hottub,1bdr,4guest,OB6/16/22; vrbo:2953739; airbnb:650538691117041252",38 %,31 %,44 %,3,7,9,30 Aug 2026
113999,"Gregg VanHorn 4783 (BC) -- Quietside Cabin- Grill, Fire Pit, Fireplace!",TRUE,TRUE,available,hostaway,150,134.0,95,,4,Walland,1-4BR Cabins / House,3-4 Bedrooms,"BC,EasyBNBAmanda,Group 2,HA1,Junior,Katie,Safely,3-4BR,SCounty,1-2BR Cabin,NotKnox,Summer,Townsend,Melrose,theater,4bdr,15guest,OB6/23/22,High 3-4BR; vrbo:2886635",35 %,32 %,40 %,3,5,7,01 Sep 2026
114919,"Stephen Fu 2107 (GAT) -- Serenity View- FirePit, Game Room, Community Pools",TRUE,TRUE,available,hostaway,180,177.0,100,,4,Gatlinburg,1-4BR Cabins / House,3-4 Bedrooms,"GAT,Group 2,HA1,NotKnox,Safely,Summer,BlessedCleaningTyler,SCounty,1-2BR Cabin,3-4BR,Group 1,4BDR,14Guest,hottub,gameroom,OB7/1/22,Normal,Low 3-4BR; vrbo:2969342",32 %,27 %,38 %,3,4,11,01 Sep 2026
117916,"Ankur Sharma 4907 (SCounty) · Gatlin-Barn - Secluded, Hot Tub, & Game Room! -- Gatlin-Barn - Secluded, Hot Tub, & Game Room!",FALSE,TRUE,hidden,hostaway,180,,99,,3,Gatlinburg,,,"Pittman Center,hottub,3BDR,16guest,OB 7/28/22,Junior,Low 3-4BR; vrbo:2951860",100 %,100 %,100 %,0,0,0,17 Nov 2024
118217,Brian Hopp 3163 (SCounty) -- Hopp On Inn - Secluded 3BR Home!,TRUE,TRUE,available,hostaway,125,115.0,80,,3,Sevierville,1-4BR Cabins / House,3-4 Bedrooms,"Group 3,Junior,Katie,Pet,Safely,SCounty,BlessedCleaningTyler,3-4BR,HA3,1-2BR Cabin,Group 2,Kyle,NotKnox,3bdr,dandridge,7guest,OB8/9/22,Normal; vrbo:2974987; airbnb:985391061442240020",78 %,52 %,82 %,2,7,9,02 Sep 2026
122798,"Larry Burton 725 (SCounty) -- Forest Home - Hot Tub, Fire Pit & Pool Table!",TRUE,TRUE,available,hostaway,180,163.0,100,,3,Pigeon Forge,1-4BR Cabins / House,3-4 Bedrooms,"Group 3,HA1,Junior,Lily,NotKnox,Safely,SCounty,TendwellCleaning,FleurishAlicia,3-4BR,1-2BR Cabin,Blake,Feedback,PF,3BDR,9guest,hottub,gameroom,OB9/15/22,Med 3-4BR; vrbo:3032568; airbnb:714369328514475453",80 %,56 %,91 %,2,8,8,03 Sep 2026
122943,"Jana Baumann 2613 (SCounty) -- Honey Bear Hollow - Hot Tub, Fire Place, Game Room",TRUE,TRUE,available,hostaway,180,181.0,100,,3,Sevierville,1-4BR Cabins / House,3-4 Bedrooms,"Group 1,HA1,Katie,NotKnox,Pet,Safely,SCounty,TendwellCleaning,Summer,3-4BR,1-2BR Cabin,Group 2,MagicleanAnya,PF,Wears Valley,3BDR,6Guest,View,Hottub,OB9/14/22,Junior,High 3-4BR; vrbo:3010992; airbnb:715138922022989022",93 %,71 %,98 %,0,0,0,10 Aug 2026
124201,"William Endres 316 (PF) · Huckleberry Lodge-Indoor Pool, Hot Tub, Game Room -- Huckleberry Lodge-Indoor Pool, Hot Tub, Game Room",FALSE,TRUE,hidden,hostaway,425,,199,,4,Pigeon Forge,,,"PF,4BDR,13guests,indoor pool,hottub,OB9/22/22,Key",100 %,100 %,Fully Blocked,0,0,0,08 Sep 2023
125166,Eric Adams 814 (SCounty) -- Pet-friendly Rustic Cabin w/ Game Room and Deck,TRUE,TRUE,available,hostaway,210,215.0,95,,3,Pigeon Forge,1-4BR Cabins / House,3-4 Bedrooms,"Group 2,HA1,NotKnox,Pet,Regina,Safely,SCounty,BlessedCleaningTyler,3-4BR,1-2BR Cabin,Blake,Feedback,Kyle,PF,McCookville,3BDR,8Guest,hottub,OB9/29/22,Normal,Low 3-4BR; vrbo:3042527; airbnb:1115808723347563707",53 %,50 %,67 %,6,29,29,06 Sep 2026
130957,Joey Henshaw 2420 (SCounty) -- A Shining Starr - Beautiful MTN Views & Hot Tub!,TRUE,TRUE,available,hostaway,250,250.0,100,,2,Sevierville,1-4BR Cabins / House,1-2 Bedroom Cabins,"1-2BR Cabin,Group 2,HA4,Katie,NORMAL,NotKnox,Safely,SCounty,BlessedCleaningTyler,3-4BR,Kyle,PF,2bdr,8guest,view,hottub,OB11/9/22,Normal; vrbo:3317592; airbnb:934721359395176379",58 %,39 %,66 %,3,6,13,01 Sep 2026
133425,"Mary Bierds 3215-503 (PF) -- Dolly Dreams - Fireplace, Minutes to Dollywood!",TRUE,TRUE,available,hostaway,125,122.0,80,,2,Pigeon Forge,1-4BR Cabins / House,1-2 Bedroom Condos,"1-2BR Condo,Group 3,HA1,Junior,Lily,NotKnox,PF,Safely,BlessedCleaningTyler,SCounty,1-2BR Cabin,3-4BR,Summer,2BDR,6guest,Community,OB12/2/22; vrbo:3155578; airbnb:766554142815397774",35 %,23 %,46 %,3,3,7,01 Sep 2026
139937,"Dylan Robinson 3734 (PF) -- Honeycomb Hollow - View, Hot Tub, Pool & Game Room",FALSE,TRUE,hidden,hostaway,330,355.0,110,,4,Pigeon Forge,1-4BR Cabins / House,3-4 Bedrooms,"Group 1,HA4,NotKnox,Pet,PF,Safely,Summer,BlessedCleaningTyler,3-4BR,SCounty,1-2BR Cabin,4BDR,14guest,hottub,indoor pool,gameroom,OB02/22/23,Key,Med 3-4BR; vrbo:3283706; airbnb:838321119954708594",100 %,100 %,Fully Blocked,0,0,0,13 Aug 2026
139943,"Dylan Robinson 3738 (PF) -- Modern Cabin w/ Indoor Pool, MTN View, & Game Room",TRUE,TRUE,available,hostaway,305,328.0,110,,4,Pigeon Forge,1-4BR Cabins / House,3-4 Bedrooms,"Group 1,HA4,NotKnox,Pet,PF,Safely,Summer,BlessedCleaningTyler,3-4BR,SCounty,1-2BR Cabin,4BDR,14guest,hottub,indoor pool,ganeroom,OB02/22/23,Key,Low 3-4BR; vrbo:3283707",100 %,100 %,Fully Blocked,0,0,0,19 Jul 2026
141714,"Chris Elkendier 1622 (SCounty) -- 3 Pines Lodges: Luxury, Mountain View, & Hot Tub!",TRUE,TRUE,available,hostaway,340,327.0,110,,4,Sevierville,1-4 BR with MINIMUM REQUESTS,,"Group 1,HA1,NotKnox,Safely,SCounty,Summer,TendwellCleaning,BlessedCleaningTyler,3-4BR,1-2BR Cabin,Andrew,Servierville,4bdr,12guest,hottub,gameroom,view,OB1/18/23,Top,Med 3-4BR,min LOS; vrbo:3268539; airbnb:807159669639907523",72 %,58 %,73 %,2,8,8,05 Sep 2026
142112,Ashley May 1619 (SCounty) -- Home Sweet Hideaway - Retreat Near Pigeon Forge!,TRUE,TRUE,available,hostaway,140,139.0,90,,2,Sevierville,1-4BR Cabins / House,1-2 Bedroom Cabins,"1-2BR Cabin,Group 1,HA1,NotKnox,Safely,SCounty,Summer,TendwellCleaning,FleurishAlicia,3-4BR,2BDR,8guest,hottub,pooltable,OB1/23/23,Sevierville,Key; vrbo:3234991; airbnb:808637287041917616",60 %,44 %,71 %,3,13,13,06 Sep 2026
142770,Hali Hoag 435 (KCity) -- Blue Valley Inn - Hot Tub & Spacious Play Area!,TRUE,TRUE,available,hostaway,180,174.0,105,,2,Knoxville,Knox All listing,Knox 1-2BR,"1-2BR Cabin,Group 3,HA2,KCity,MadersCleaningTeresa,Regina,Safely,KnoxStaytion,SCounty,3-4BR,Kyle,NotKnox,Knox,2BDR,6guest,hottub,OB2/01/23,Junior; vrbo:3253856; airbnb:812357148328407464",22 %,14 %,29 %,3,7,10,04 Sep 2026
146019,John Bryan 4144 (SCounty) -- Grands Mountain House: New Build w/ Private Pool,TRUE,TRUE,available,hostaway,420,450.0,210,,5,Sevierville,5-6 Bedrooms,,"5-6BR,Group 1,HA1,NotKnox,Safely,SCounty,Summer,BlessedCleaningTyler,1-2BR Cabin,3-4BR,Andrew,WearsValley,5BDR,14guest,hottub,view,OB02/16/23,theatre,Indoor Private Pool,Key; vrbo:3345421; airbnb:825945963142008441",58 %,52 %,64 %,3,11,15,05 Sep 2026
146058,Lindsey Hatcher 129 (KCity) -- Jackson Jewel - Downtown Suite,TRUE,TRUE,available,hostaway,190,189.0,90,,1,Knoxville,Knox All listing,Knox 1-2BR,"1-2BR Condo,EasyBNBAmanda,Group 2,HA1,KCity,Regina,Safely,KnoxStaytion,SCounty,1-2BR Cabin,3-4BR,Group 3,Kyle,NotKnox,1BDR,2guest,KNOX,downtowm,OB03/17/23,Junior; vrbo:3320748; airbnb:902083538627159806",20 %,18 %,27 %,5,7,14,03 Sep 2026
146815,"Jay Hwang 3708 (SCounty) -- Hillside Haven: MTN Views, Indoor Pool & Starlink",TRUE,TRUE,available,hostaway,330,365.0,180,,6,Pigeon Forge,5-6 Bedrooms,,"5-6BR,Group 1,HA1,NotKnox,Pet,Safely,SCounty,Summer,BlessedCleaningTyler,1-2BR Cabin,3-4BR,PF,6BDR,17guest,hottub,view,OB02/27/23,indoor pool,Top; vrbo:3298964; airbnb:1091259539950120730",40 %,33 %,53 %,4,6,15,05 Sep 2026
147152,"Kathleen Atkins 123 (SCounty) -- Smoky's Landing - Disc Golf, Game Room & Hot Tub",TRUE,TRUE,available,hostaway,195,194.0,95,,3,Seymour,1-4BR Cabins / House,3-4 Bedrooms,"Group 2,HA1,NotKnox,Regina,Safely,SCounty,BlessedCleaningTyler,3-4BR,1-2BR Cabin,Kyle,Seymour,3BDR,12guest,gameroom,OB02/27/23,Normal,High 3-4BR; vrbo:3291741; airbnb:831080266731261958",40 %,43 %,49 %,4,15,15,05 Sep 2026
151631,Leigh Burch 116-105 (KCity) -- Historic Downtown Loft with Modern Flare,TRUE,TRUE,available,hostaway,340,320.0,120,,4,Knoxville,Knox All listing,Knox 1-2BR,"EasyBNBAmanda,Group 2,HA2,KCity,Regina,Safely,KnoxStaytion,3-4BR,SCounty,1-2BR Cabin,Kyle,leigh,NotKnox,Knox,4bdr,11guest,downtown,OB04/12/23,Normal; vrbo:3370367; airbnb:918790291148170789",33 %,31 %,40 %,8,6,15,05 Sep 2026
151677,Heidi Hutchinson 124-1104 (PF) -- Mountain Retreat Condo-View & Community Amenities,FALSE,TRUE,hidden,hostaway,120,,68,,1,Pigeon Forge,1-4BR Cabins / House,1-2 Bedroom Cabins,"1-2BR Condo,Group 2,HA1,Junior,Katie,NotKnox,PF,Safely,BlessedCleaningTyler,SCounty,1-2BR Cabin,3-4BR,Blake,Group 3,Kyle,1BDR,4guest,view,OB04/12/23; vrbo:3383423",100 %,100 %,Fully Blocked,0,0,0,16 Mar 2026
153098,Craig Sims 196 (BC) -- The Peaceful Perch-Fireplace & Community Amenities,TRUE,TRUE,available,hostaway,240,238.0,110,,4,Townsend,1-4BR Cabins / House,3-4 Bedrooms,"3-4BR,BC,Group 1,HA1,NotKnox,Safely,Summer,SCounty,1-2BR Cabin,Group 2,TendwellCleaning,MaidTooPerfectionJessica,Townsend,4bdr,11guest,OB04/24/23,Normal,High 3-4BR; vrbo:3436663; airbnb:852844338903011004",67 %,57 %,67 %,2,0,8,29 Aug 2026
162886,Mehrnaz Mortazavi 1909 (SCounty) -- Sweet Honey Lodge - Newly Built Luxury Escape,TRUE,TRUE,available,hostaway,135,146.0,90,,2,Sevierville,1-4 BR with MINIMUM REQUESTS,,"1-2BR Cabin,Group 2,HA1,Katie,NORMAL,NotKnox,Safely,SCounty,BlessedCleaningTyler,3-4BR,Summer,PF,2BDR,7guest,hottub,OB05/03/23,Normal,Watchlist,min LOS; vrbo:3402341; airbnb:879527491565453660",48 %,38 %,61 %,1,3,3,02 Sep 2026
164434,"Mike Griffith 1036 (SCounty) -- Timber Woods Lodge-View, Hot Tub,Game-Theater Room",TRUE,TRUE,available,hostaway,240,263.0,105,,3,Sevierville,1-4 BR with MINIMUM REQUESTS,,"Group 2,HA1,NotKnox,Safely,SCounty,Summer,TendwellCleaning,FleurishAlicia,3-4BR,1-2BR Cabin,PF,3BDR,12guest,hottub,OB05/16/23,Normal,Med 3-4BR,min LOS; vrbo:3428578; airbnb:884631884483500663",73 %,56 %,69 %,0,0,0,06 Sep 2026
165391,Judy Lochner 1950 (JC) · The Happy Camper: A Peaceful Retreat -- The Happy Camper: Retreat & Boat Trailer Parking,FALSE,TRUE,hidden,hostaway,112,,69,,2,Dandridge,,,"2BDR,RV,lake,OB05/17/23,Junior",100 %,100 %,Fully Blocked,0,0,0,08 Nov 2023
166224,"Corby Leach 1547 (SCounty) -- Above It All -MTN View, Hot Tub, Game-Theater Room",TRUE,TRUE,available,hostaway,270,254.0,100,,4,Sevierville,1-4 BR with MINIMUM REQUESTS,,"Group 1,HA1,NotKnox,Safely,SCounty,Summer,TendwellCleaning,OglesCleaningTrenton,3-4BR,1-2BR Cabin,Group 2,PF,4BDR,17guest,games,hottub,view,OB05/18/23,Normal,Med 3-4BR,min LOS; vrbo:3436665; airbnb:889719978078676353",63 %,51 %,67 %,4,16,16,05 Sep 2026
169738,Earl Hodges 513-1 (GAT) -- Snowbird Sanctuary - Center of Gatlinburg!,TRUE,TRUE,available,hostaway,130,128.0,80,,2,Gatlinburg,1-4BR Cabins / House,1-2 Bedroom Condos,"1-2BR Condo,GAT,Group 2,HA1,Katie,NORMAL,Safely,TendwellCleaning,FleurishAlicia,SCounty,1-2BR Cabin,3-4BR,Kyle,NotKnox,2BDR,4guest,OB05/26/23,Key; vrbo:3514394; airbnb:917387756707213582",78 %,54 %,76 %,2,4,8,03 Sep 2026
170187,Earl Hodges 513-3 (GAT) -- Skyline Sanctuary - Wrap Around Deck!,TRUE,TRUE,available,hostaway,120,117.0,80,,2,Gatlinburg,1-4BR Cabins / House,1-2 Bedroom Cabins,"1-2BR Condo,GAT,Group 2,HA1,Katie,NORMAL,Safely,TendwellCleaning,FleurishAlicia,SCounty,1-2BR Cabin,3-4BR,Kyle,NotKnox,2BDR,4guest,OB05/26/23,Key,NewWatch; vrbo:3465460; airbnb:990487262595886883",63 %,47 %,67 %,2,6,6,05 Sep 2026
170188,Earl Hodges 513-4 (GAT) -- Convenient Gatlinburg Condo,TRUE,TRUE,available,hostaway,135,132.0,80,,2,Gatlinburg,1-4BR Cabins / House,1-2 Bedroom Condos,"1-2BR Condo,FleurishAlicia,GAT,Group 2,HA1,Katie,NORMAL,NotKnox,Safely,SCounty,1-2BR Cabin,3-4BR,Kyle,2BDR,4guest,OB05/26/23,Key,NewWatch; vrbo:3461911; airbnb:950580102373491508",75 %,58 %,67 %,3,16,16,05 Sep 2026
173889,"Dylan Robinson 3742 (PF) -- Wildwood Retreat -Indoor Pool, Hot Tub & Game Area",TRUE,TRUE,available,hostaway,315,325.0,110,,4,Pigeon Forge,1-4BR Cabins / House,3-4 Bedrooms,"Group 1,HA1,NotKnox,PF,Safely,Summer,BlessedCleaningTyler,3-4BR,SCounty,1-2BR Cabin,Key,High 3-4BR; vrbo:3540573; airbnb:913601694151724001",58 %,54 %,63 %,0,0,0,25 Jul 2026
173935,Dylan Robinson 3746 (PF) -- Timber Pine Lodge - Indoor Pool & Hot Tub!,TRUE,TRUE,available,hostaway,310,333.0,110,,4,Pigeon Forge,1-4BR Cabins / House,3-4 Bedrooms,"Group 1,HA1,NotKnox,PF,Safely,Summer,BlessedCleaningTyler,3-4BR,SCounty,1-2BR Cabin,Key,Med 3-4BR; vrbo:3540574; airbnb:950716255839651427",100 %,100 %,100 %,0,0,0,07 Jul 2026
173994,"Florin Pavel 650 (SCounty) -- Mountain Nature Retreat -Hot Tub, Sauna, Game Room",TRUE,TRUE,available,hostaway,290,287.0,105,,4,Gatlinburg,1-4 BR with MINIMUM REQUESTS,,"Group 1,HA1,NotKnox,Safely,SCounty,Summer,TendwellCleaning,BlessedCleaningTyler,3-4BR,1-2BR Cabin,High 3-4BR,min LOS; vrbo:3476313; airbnb:913693284379928268",55 %,49 %,73 %,1,4,4,06 Sep 2026
175713,Chris Shotwell 326-106 (BC) -- Elegant End Condo -Fireplace & Community Amenities,TRUE,TRUE,available,hostaway,145,143.0,78,,2,Townsend,1-4BR Cabins / House,1-2 Bedroom Cabins,"1-2BR Cabin,BCounty,Group 3,HA1,Junior,Katie,NotKnox,Safely,BlessedCleaningTyler,SCounty,1-2BR Condo,3-4BR,BC,Blake,Kyle,Townsend Condo,townsend,community outdoor pool,4guest,2BDR; vrbo:3519778; airbnb:933328705544197131",53 %,39 %,53 %,1,0,2,25 Aug 2026
179643,Laura Oxendine 4808 (KCounty) -- Cozy Creekside Rancher-Heart of Downtown Knoxville,TRUE,TRUE,available,hostaway,180,180.0,104,,3,Knoxville,Knox All listing,Knox 3-4BR,"AdamShaffer,Group 2,HA1,KCounty,Regina,Safely,KnoxStaytion,3-4BR,SCounty,BlessedCleaningTyler,1-2BR Cabin,HA2,Kyle,NotKnox,3BR; vrbo:3529735; airbnb:1060171795704153760",30 %,20 %,40 %,3,2,6,31 Aug 2026
181337,"Nathan Jobe 4515 (PF) -- Million Dollar View-Games, Hottub & Movie Theater!",TRUE,TRUE,available,hostaway,360,381.0,175,,6,Pigeon Forge,5-6 Bedrooms,,"5-6BR,Group 2,HA1,Katie,NORMAL,NotKnox,PF,Safely,TendwellCleaning,OglesCleaningTrenton,SCounty,1-2BR Cabin,3-4BR,Group 1; vrbo:3559050; airbnb:942680424151236469",52 %,54 %,53 %,6,7,22,04 Sep 2026
182772,"Jessica Jarboe 4159 (SCounty) -- Mountain Mist - Secluded Cabin, MTN View, Hot Tub!",TRUE,TRUE,available,hostaway,150,150.0,90,,2,Sevierville,1-4BR Cabins / House,1-2 Bedroom Cabins,"1-2BR Cabin,Group 2,HA1,Junior,Katie,NotKnox,Safely,SCounty,BlessedCleaningTyler,3-4BR,Blake,Group 3,Kyle; vrbo:3559051; airbnb:940441290264030810",75 %,50 %,77 %,3,3,11,05 Sep 2026
187612,Justin Bailey 6829 (KCounty) -- Airplane Filling Station -Unique Stay in Knoxville,TRUE,TRUE,available,hostaway,100,97.0,70,,1,Knoxville,Knox All listing,Knox 1-2BR,"1-2BR Cabin,EasyBNBAmanda,Group 3,HA2,KCounty,Regina,Safely,KnoxStaytion,SCounty,3-4BR,Kyle,NotKnox,1BR; vrbo:3712540; airbnb:1115190211771235481",2 %,1 %,2 %,3,6,8,01 Sep 2026
191700,"Porter Landreth 616 (GAT) -- Top-Floor Condo | Fireplace, Pool & Balcony Views",TRUE,TRUE,available,hostaway,110,106.0,80,,3,Gatlinburg,1-4BR Cabins / House,3-4 Bedrooms,"3-4BR,GAT,Group 2,Katie,NotKnox,Safely,Summer,TendwellCleaning,Key,FleurishAlicia,SCounty,HA3,1-2BR Cabin,Group 1,HA1; vrbo:3597389; airbnb:1117806396287624839",22 %,14 %,27 %,0,0,0,20 Aug 2026
194974,"Candace Morton 1276 (SCity) -- Mountain Breeze - Private Pool, Hot Tub & Games!",TRUE,TRUE,available,hostaway,270,298.0,150,,5,Sevierville,5-6 Bedrooms,,"5-6BR,Group 1,HA1,NotKnox,Safely,SCity,Summer,TendwellCleaning,1-2BR Cabin,3-4BR,Kyle,SCounty,MagicleanAnya; vrbo:3705064; airbnb:1004231337487248647",23 %,16 %,28 %,3,7,10,02 Sep 2026
195316,"Stephanie Bowersock 658 (SCounty) -- Moonshiners Hideout - Hot Tub, Game Room & Pool!",TRUE,TRUE,available,hostaway,370,370.0,140,,3,Gatlinburg,1-4BR Cabins / House,3-4 Bedrooms,"Group 1,HA1,Key,Lily,NotKnox,Safely,SCounty,TendwellCleaning,FleurishAlicia,3-4BR,1-2BR Cabin,High 3-4BR; vrbo:3622325; airbnb:984019361707925240",70 %,69 %,71 %,1,0,6,23 Aug 2026
202530,"Sridhar Kodati 2951 (SCounty) -- Mountain View Manor - Pool, Hot Tub & Game Room!",TRUE,TRUE,available,hostaway,350,349.0,140,,4,Sevierville,1-4BR Cabins / House,3-4 Bedrooms,"Group 1,HA1,NotKnox,Safely,SCounty,Summer,TendwellCleaning,BlessedCleaningTyler,3-4BR,1-2BR Cabin,Low 3-4BR; vrbo:3683359; airbnb:1121049333545378143",42 %,42 %,45 %,3,4,10,31 Aug 2026
219208,"Doug Poll 740 (SCounty) -- Private Escape: Firepit, Hot Tub, Pets OK<20lbs",TRUE,TRUE,available,hostaway,220,210.0,100,,4,Sevierville,1-4BR Cabins / House,3-4 Bedrooms,"Group 2,HA1,NotKnox,Safely,SCounty,Summer,TendwellCleaning,BlessedCleaningTyler,3-4BR,1-2BR Cabin,NewWatch; vrbo:3833272; airbnb:1079643317307163692",62 %,52 %,73 %,2,5,7,02 Sep 2026
219226,Atlee Hammaker 3129 (KCounty) -- Misty Lake - Hot Tub+Lake Access+Games+MORE!,FALSE,TRUE,hidden,hostaway,245,,290,,4,Knoxville,1-4 BR with MINIMUM REQUESTS,Knox 3-4BR,"3-4BR,Group 2,HA2,KCounty,knoxville,Lily,MadersCleaningTeresa,NORMAL,Safely,SCounty,1-2BR Cabin,KnoxStaytion,Kyle,NotKnox,4BR,min rate; vrbo:3778610",100 %,100 %,Fully Blocked,0,0,0,07 Jun 2026
221975,JP Davanzo 327 (SCounty) -- Dream on the Stream -HotTub+PoolTable+FirePit+MORE,TRUE,TRUE,available,hostaway,190,194.0,95,,1,Pigeon Forge,1-4BR Cabins / House,1-2 Bedroom Cabins,"1-2BR Cabin,Group 2,HA1,Katie,NotKnox,Safely,SCounty,TendwellCleaning,OglesCleaningTrenton,Summer,3-4BR,Kyle; vrbo:3811628; airbnb:1066656516892660740",65 %,47 %,64 %,2,0,8,27 Aug 2026
228083,"Lionel Li 1113 (SCounty) -- 4-Story Cozy Cabin w/Hot Tub+Arcade, Pet Friendly!",TRUE,TRUE,available,hostaway,240,200.0,120,,4,Pigeon Forge,1-4 BR with MINIMUM REQUESTS,,"Pet,min rate; vrbo:3819058; airbnb:1065935432562680804",45 %,38 %,53 %,2,0,7,26 Aug 2026
231192,"Roger Bell 3729 (PF) -- Papa Bear's Hideaway -Stunning Views, Theme Park",TRUE,TRUE,available,hostaway,105,103.0,75,,2,Pigeon Forge,1-4BR Cabins / House,1-2 Bedroom Cabins,"1-2BR Cabin,Group 2,Katie,NORMAL,NotKnox,PF,Safely,BlessedCleaningTyler,SCounty,HA3,1-2BR Condo,3-4BR,Kyle,NewWatch; vrbo:3819059; airbnb:1069467029309354880",53 %,36 %,67 %,3,7,10,05 Sep 2026
231216,Walt Ward 2414 (SCounty) -- Wayward Travelers Lodge-HotTub+Theater+Arcade+MORE,TRUE,TRUE,available,hostaway,480,468.0,204,,5,Sevierville,5-6 Bedrooms,,"5-6BR,Group 2,HA1,NotKnox,OglesCleaningTrenton,Safely,SCounty,Summer,1-2BR Cabin,3-4BR,NewWatch; vrbo:3851192; airbnb:1115970057156255640",68 %,50 %,76 %,3,7,9,03 Sep 2026
232744,Matthew Long 1363 (JC) -- Chalet Amelia: A Stunning Lakeside Retreat with Hot Tub & Game Room!,TRUE,TRUE,available,hostaway,130,129.0,80,,2,Sevierville,1-4BR Cabins / House,1-2 Bedroom Cabins,"1-2BR Cabin,Group 1,HA1,JC,NotKnox,Safely,Summer,BlessedCleaningTyler,SCounty,3-4BR,NewWatch; vrbo:3835198; airbnb:1076098029538215805",43 %,29 %,48 %,2,8,8,05 Sep 2026
244186,Rohan Thakker 653 (PF) -- 5 Mins to Pigeon Forge Strip w/Porch Swing & Grill,TRUE,TRUE,available,hostaway,210,202.0,105,,4,Pigeon Forge,1-4BR Cabins / House,3-4 Bedrooms,"Group 2,HA1,Katie,NotKnox,Pet,PF,TendwellCleaning,BlessedCleaningTyler,Safely,3-4BR,SCounty,1-2BR Cabin,Summer; vrbo:3882475; airbnb:1101419647817131982",55 %,37 %,57 %,1,0,4,23 Aug 2026
257347,"Sandra Pernavaite 1617 (SCounty) -- Allure Woods: View, HotTub, Outdoor Dining & Games",TRUE,TRUE,available,hostaway,160,155.0,90,,2,Sevierville,1-4BR Cabins / House,1-2 Bedroom Cabins,"1-2BR Cabin,Group 2,HA1,Katie,NotKnox,Safely,SCounty,BlessedCleaningTyler,Summer,3-4BR,Kyle; vrbo:3981556; airbnb:1137642522538288234",52 %,42 %,58 %,3,9,16,05 Sep 2026
268281,"Megan Waymire 3770 (SCounty) -- Ravens Hollow - Private Pool, Hot Tub, & Games!",TRUE,TRUE,available,hostaway,180,180.0,80,,2,Pigeon Forge,1-4BR Cabins / House,1-2 Bedroom Cabins,"1-2BR Cabin,Group 2,HA5,Katie,NORMAL,NotKnox,Safely,SCounty,BlessedCleaningTyler,3-4BR,Kyle; vrbo:4108476; airbnb:1156464608076643827",38 %,26 %,51 %,2,4,7,02 Sep 2026
276205,Anthony Simoncini 2852 (PF) -- Private Indoor Pool Cabin w/ Game Room & Hot Tub!,TRUE,TRUE,available,hostaway,250,269.0,100,,3,Pigeon Forge,1-4BR Cabins / House,3-4 Bedrooms,"3-4BR,Group 2,HA5,NotKnox,PF,Regina,Safely,BlessedCleaningTyler,SCounty,1-2BR Cabin,Kyle; vrbo:4037368; airbnb:1168850142237790192",58 %,72 %,69 %,3,0,12,06 Sep 2026
276567,Mike Lillie 536 (BC) -- Townsend Gem: Retreat with Hot Tub & Fire Pit,TRUE,TRUE,available,hostaway,200,170.0,95,,3,Townsend,1-4BR Cabins / House,3-4 Bedrooms,"3-4BR,BC,Group 2,HA2,Safely,Summer,BlessedCleaningTyler,KnoxStaytion,SCounty,1-2BR Cabin,NotKnox; vrbo:4055361; airbnb:1172401300669517905",85 %,66 %,84 %,2,5,8,31 Aug 2026
277224,"Megan Helms 1469 (SCounty) -- Helms Hollow: Theater, Hot Tub, & Fire Pit!",TRUE,TRUE,available,hostaway,195,186.0,95,,3,Sevierville,1-4BR Cabins / House,3-4 Bedrooms,"Group 2,HA2,Lily,NORMAL,NotKnox,Safely,SCounty,BlessedCleaningTyler,3-4BR,1-2BR Cabin,Kyle; vrbo:4097798; airbnb:1178920769005422877",60 %,43 %,64 %,1,5,5,01 Sep 2026
278500,"Nora Merriman 757 (PF) -- Moose Tracks Lodge: Hot Tub, Arcade & Pet Friendly!",TRUE,TRUE,available,hostaway,165,165.0,90,,3,Pigeon Forge,1-4BR Cabins / House,3-4 Bedrooms,"Group 2,HA2,Lily,NORMAL,NotKnox,PF,Safely,BlessedCleaningTyler,3-4BR,SCounty,1-2BR Cabin; vrbo:4112062; airbnb:1188355285286607225",53 %,69 %,62 %,1,3,3,05 Sep 2026
281864,"Misty Mcintyre 2729 (SCounty) -- Buck Board Lodge w/ Hot Tub, Fire Pit & Game Room!",TRUE,TRUE,available,hostaway,170,162.0,100,,4,Sevierville,1-4BR Cabins / House,3-4 Bedrooms,"Group 2,HA2,Lily,NORMAL,NotKnox,Safely,SCounty,BlessedCleaningTyler,3-4BR,1-2BR Cabin,TendwellCleaning; vrbo:4065440",52 %,40 %,62 %,0,0,0,01 Aug 2026
287651,Megan Hatcher 222-205 (KCity) -- Dolly's Downtown Loft - Knoxville!,TRUE,TRUE,available,hostaway,140,137.0,68,,1,Knoxville,Knox All listing,Knox 1-2BR,"1-2BR Condo,Group 3,HA2,KCity,Regina,Safely,TurnoverProDonnita,KnoxStaytion,SCounty,1-2BR Cabin,3-4BR,Group 2,Kyle,1BR; vrbo:4180564; airbnb:1227504277256843614",23 %,16 %,29 %,4,7,14,04 Sep 2026
287653,Lindsey Hatcher 222-206 (KCity) -- Scenic City Loft in Downtown Knoxville!,TRUE,TRUE,available,hostaway,120,117.0,79,,1,Knoxville,Knox All listing,Knox 1-2BR,"1-2BR Condo,Group 2,HA2,KCity,Regina,Safely,TurnoverProDonnita,KnoxStaytion,SCounty,1-2BR Cabin,3-4BR,Kyle,1BR; vrbo:4168124; airbnb:1226875824649252475",10 %,7 %,13 %,2,2,5,31 Aug 2026
291806,"Lucy McCandless 1125 (GAT) -- RidgeView - Games, Fireplace & Pool!",TRUE,TRUE,available,hostaway,210,201.0,100,,4,Gatlinburg,1-4BR Cabins / House,3-4 Bedrooms,"3-4BR,GAT,Group 2,HA2,Lily,NORMAL,NotKnox,Safely,TendwellCleaning,FleurishAlicia,SCounty,1-2BR Cabin,Kyle; vrbo:4176705",58 %,47 %,68 %,3,7,14,01 Sep 2026
291913,"Nathan Sukhia 843 (BC) -- Firefly Ridge: MTN View, Hot Tub, Theater, GAMES!",TRUE,TRUE,available,hostaway,260,254.0,105,,4,Townsend,1-4BR Cabins / House,3-4 Bedrooms,"3-4BR,BC,Group 2,HA2,MaidTooPerfection,Pet,Safely,Summer,KnoxStaytion,SCounty,1-2BR Cabin,Kyle,NotKnox,TendwellCleaning,MaidTooPerfectionJessica; vrbo:4147168; airbnb:1213830708547192840",60 %,52 %,69 %,1,4,4,04 Sep 2026
291926,"Justin Goodbread 2670 (SCounty) -- Elevation Escape: Pool, Hot Tub, Theater, Games!",TRUE,TRUE,available,hostaway,330,326.0,299,,4,Sevierville,1-4 BR with MINIMUM REQUESTS,,"Group 1,HA5,NotKnox,Pet,Safely,SCounty,Summer,TendwellCleaning,BlessedCleaningTyler,3-4BR,1-2BR Cabin,min rate; vrbo:4187936; airbnb:1242008221638017923",45 %,38 %,53 %,0,0,0,06 Aug 2026
294788,Athira George 1646-B -- Smokies Lodge,FALSE,TRUE,hidden,hostaway,9860,,,,3,Pigeon Forge,,,,100 %,100 %,100 %,0,0,0,
294839,Dan and Melissa Hanlon 131-2 (SCity) -- Cedar Peak Condo - Downtown Sevierville,TRUE,TRUE,available,hostaway,90,88.0,75,,2,Sevierville,1-4BR Cabins / House,1-2 Bedroom Condos,"1-2BR Condo,Group 3,HA1,Junior,Lily,Safely,SCity,BlessedCleaningTyler,1-2BR Cabin,3-4BR,NotKnox,SCounty,Summer; vrbo:4429085; airbnb:1294230451601389450",33 %,22 %,34 %,2,3,5,31 Aug 2026
299225,"Greg Forderhase 1354 (JC) -- Pine Ridge Retreat w/ Hot Tub, Grill, Games & More",FALSE,TRUE,hidden,hostaway,145,,95,,3,Sevierville,1-4BR Cabins / House,3-4 Bedrooms,"Group 2,HA5,JC,Lily,NORMAL,NotKnox,Safely,BlessedCleaningTyler,3-4BR,SCounty,1-2BR Cabin,Blake; vrbo:4203465; airbnb:1223855718300056281",100 %,100 %,Fully Blocked,0,0,0,20 Jul 2026
299676,"Porter Landreth 2316 (SCounty) -- Bear Paddle w/ Pool, Hot Tub, Game Room & Theater!",TRUE,TRUE,available,hostaway,380,397.0,210,,6,Sevierville,5-6 Bedrooms,,"5-6BR,Group 1,HA5,NotKnox,Safely,SCounty,Summer,BlessedCleaningTyler,1-2BR Cabin,3-4BR,Blake; vrbo:4187937; airbnb:1228269462267295086",45 %,37 %,47 %,4,7,12,06 Sep 2026
308118,"Sean Gagnon 411 (GAT) -- Bigfoots Hideout: Hot Tub, LifeSize Games, Theater",TRUE,TRUE,available,hostaway,280,,105,,4,Gatlinburg,1-4BR Cabins / House,3-4 Bedrooms,"GAT,Group 1,HA5,NotKnox,Safely,Summer,TendwellCleaning,BlessedCleaningTyler,3-4BR,SCounty,1-2BR Cabin,Kyle; vrbo:4265185; airbnb:1257826967776201914",60 %,56 %,62 %,1,0,3,23 Aug 2026
81936,Philip Graves 326-202 (BC) · Smokies Sanctuary w/ Mountain Views & Resort Perks -- Smokies Sanctuary w/ Mountain Views & Resort Perks,FALSE,TRUE,hidden,hostaway,135,,,,2,Townsend,,,,100 %,100 %,100 %,0,0,0,13 Jul 2024
311934,"Amit Chowdhary 770 (SCounty) -- Pet Friendly w/ Indoor Pool, Hot Tub & Theater!",TRUE,TRUE,available,hostaway,450,456.0,214,,6,Sevierville,5-6 Bedrooms,,"5-6BR,Group 1,HA1,NotKnox,Pet,Safely,SCounty,Summer,TendwellCleaning,BlessedCleaningTyler,1-2BR Cabin,3-4BR,Kyle; vrbo:4256115; airbnb:1260103066392270774",63 %,57 %,67 %,2,7,7,04 Sep 2026
312679,"Jace and Katty Eichorn 1525 (GAT) -- Magnificent View: Hot Tub, Arcade Games & Theater!",TRUE,TRUE,available,hostaway,250,261.0,250,,3,Gatlinburg,1-4 BR with MINIMUM REQUESTS,,"3-4BR,GAT,Group 1,HA1,NotKnox,Safely,Summer,TendwellCleaning,FleurishAlicia,SCounty,1-2BR Cabin,min rate; vrbo:4224296; airbnb:1259341099836271491",75 %,58 %,70 %,1,0,3,24 Aug 2026
105603,"Sue Schultz 3118 (SCounty) · Knotty But Nice - Hot Tub, Jacuzzis, & Fireplaces! -- Knotty But Nice - Hot Tub, Jacuzzis, & Fireplaces!",FALSE,TRUE,hidden,hostaway,300,393,,,4,Sevierville,,,,100 %,100 %,100 %,0,0,0,27 Aug 2024
105607,"Sue Schultz 1627 (SCounty) · Highland View - Hot Tub, Pool Table, & Fireplace! -- Highland View - Hot Tub, Pool Table, & Fireplace!",FALSE,TRUE,hidden,hostaway,225,315,,,3,Pigeon Forge,,,,100 %,100 %,100 %,0,0,0,21 Aug 2024
140685,"Julie Seedorf 702 (SCounty) · Lakeside Point - Private Dock, Game Room & Hot Tub -- Lakeside Point - Private Dock, Game Room & Hot Tub",FALSE,TRUE,hidden,hostaway,360,487,,,3,Pigeon Forge,,,,100 %,100 %,100 %,0,0,0,25 Jun 2024
284667,John Robinson 1343 -- Mountain Peak,FALSE,TRUE,hidden,hostaway,9735,,,,2,Sevierville,,,airbnb:1184034105551999073,100 %,100 %,Fully Blocked,0,0,0,
284668,John Robinson 1856 -- Secluded Cabin,FALSE,TRUE,hidden,hostaway,9715,,,,2,Sevierville,,,airbnb:1184038918727659212,100 %,100 %,Fully Blocked,0,0,0,
291937,Dan and Melissa Hanlon 131-1 (SCity) -- Cedar's Condo - Modern Downtown Escape,TRUE,TRUE,available,hostaway,85,84.0,60,,1,Sevierville,1-4BR Cabins / House,1-2 Bedroom Condos,"Group 3,HA2,Junior,Lily,NotKnox,Safely,SCity,BlessedCleaningTyler,3-4BR,1-2BR Cabin,1-2BR Condo,KnoxStaytion,SCounty,Summer; vrbo:4375202; airbnb:1293389806912818363",22 %,14 %,27 %,3,4,10,01 Sep 2026
299218,Lisa Worley 2044-1 (SCounty) · Modern Getaway - Close to Strip! -- Modern Getaway - Close to Strip!,FALSE,TRUE,hidden,hostaway,120,,,,2,Sevierville,,,,100 %,100 %,100 %,0,0,0,26 Aug 2024
299233,Lisa Worley 2044-2 (SCounty) · Modern Hideaway - Close to Strip! -- Modern Hideaway - Close to Strip!,FALSE,TRUE,hidden,hostaway,120,,,,2,Sevierville,,,,100 %,100 %,100 %,0,0,0,26 Aug 2024
299238,Lisa Worley 2044-3 (SCounty) · Modern Retreat - Close to Strip! -- Modern Retreat - Close to Strip!,FALSE,TRUE,hidden,hostaway,120,,,,2,Sevierville,,,,100 %,100 %,100 %,0,0,0,22 Aug 2024
299242,Lisa Worley 2044-4 (SCounty) · The Modern Era - Close to Strip! -- The Modern Era - Close to Strip!,FALSE,TRUE,hidden,hostaway,120,,,,2,Sevierville,,,,100 %,100 %,100 %,0,0,0,21 Aug 2024
318372,"Jason Whitehead 659 (GAT) -- Bears Corner w/ Hot Tub, Arcade & Community Pool!",TRUE,TRUE,available,hostaway,180,181.0,95,,3,Gatlinburg,1-4BR Cabins / House,3-4 Bedrooms,"GAT,Group 2,HA1,Katie,NORMAL,NotKnox,Safely,TendwellCleaning,BlessedCleaningTyler,3-4BR,SCounty,1-2BR Cabin,Kyle; vrbo:4284785; airbnb:1275386316844709888",62 %,49 %,76 %,2,7,7,04 Sep 2026
318443,"Abhi Kulkarni 824 (GAT) -- Birchwood Bliss: MTN View, Hot Tub & Outdoor Lounge",TRUE,TRUE,available,hostaway,155,156.0,100,,2,Gatlinburg,1-4 BR with MINIMUM REQUESTS,1-2 Bedroom Cabins,"1-2BR Cabin,GAT,Group 2,HA1,NotKnox,Pet,Regina,Safely,BlessedCleaningTyler,SCounty,HA2,3-4BR,Kyle,NORMAL; vrbo:4263457; airbnb:1273921927938168521",72 %,60 %,96 %,2,4,10,31 Aug 2026
320089,"Chad McDaniel 3012 (SCounty) -- Mountain Haven: Hot Tub, Pool, Arcade,Theater Room",TRUE,TRUE,available,hostaway,250,257.0,110,,4,Sevierville,1-4BR Cabins / House,3-4 Bedrooms,"Group 1,HA1,NotKnox,Safely,SCounty,Summer,BlessedCleaningTyler,3-4BR,1-2BR Cabin,Kyle; vrbo:4277645; airbnb:1274697440937786228",52 %,43 %,62 %,4,12,16,04 Sep 2026
322142,"Kathleen Atkins 2417 (KCounty) -- Cozy Cabin in the Woods w/ Playroom, Deck & Lounge",TRUE,TRUE,available,hostaway,230,225.0,110,,4,Knoxville,Knox All listing,Knox 3-4BR,"Group 2,HA2,KCity,Regina,Safely,SCounty,TurnoverProDonnita,KnoxStaytion,3-4BR,1-2BR Cabin,KCounty,Kyle,4BR; vrbo:4288574; airbnb:1284836405592941713",27 %,18 %,36 %,1,1,1,30 Aug 2026
322586,"Chris Scarth 1091 (SCounty) -- Highland Haven w/ Hot Tub, Grill & Pool!",TRUE,TRUE,available,hostaway,160,152.0,95,,3,Sevierville,1-4BR Cabins / House,3-4 Bedrooms,"Group 2,HA1,Lily,NORMAL,NotKnox,Safely,SCounty,BlessedCleaningTyler,3-4BR,1-2BR Cabin; vrbo:4295555; airbnb:1285484286592569650",48 %,32 %,64 %,1,0,4,25 Aug 2026
322672,Jeanine Roddy 2940 (KCity) -- Modern Cityscape - Walk to Campus & Downtown Knox,TRUE,TRUE,available,hostaway,172,171.0,98,,2,Knoxville,Knox All listing,Knox 1-2BR,"1-2BR Condo,Group 2,HA2,KCity,Regina,Safely,TurnoverProDonnita,KnoxStaytion,SCounty,1-2BR Cabin,3-4BR,Kyle,2BR; vrbo:4375204; airbnb:1295682820569244986",17 %,16 %,22 %,3,3,5,01 Sep 2026
328412,Freddy Rivas Combo 723/731 (SCounty) -- 2Cabins 16BR/Sleeps 42! Hot Tub/Indoor Pool/Gazebo,FALSE,TRUE,hidden,hostaway,1700,,959,,16,Sevierville,,,"7+BR,Blocked Calendar,HA1,NotKnox,Safely,SCounty,Summer,TendwellCleaning,Group 1,1-2BR Cabin,3-4BR,SS,BlessedCleaningTyler; vrbo:4343084",100 %,100 %,Fully Blocked,0,0,0,19 Jun 2025
329474,Freddy Rivas Combo 1530/1614 (SCounty) 2Cabins/Sleeps 26-12BR: Pool+HotTub+Theater+Games! -- 2Cabins/Sleeps 26-12BR: Pool+HotTub+Theater+Games!,FALSE,TRUE,hidden,hostaway,1455,1455,359,,12,Sevierville,,,vrbo:4309974; airbnb:1290688116513377107,100 %,100 %,Fully Blocked,0,0,0,27 Jan 2025
330381,Angela Newell 1428 (GAT) -- Heights Retreat - Mountain Views & Hot Tub!,TRUE,TRUE,available,hostaway,210,202.0,95,,2,Gatlinburg,1-4 BR with MINIMUM REQUESTS,,"Regina,Safely,BlessedCleaningTyler,SCounty,1-2BR Condo,3-4BR,Kyle,min rate; vrbo:4375206; airbnb:1308746752436501294",77 %,54 %,74 %,0,0,0,07 Aug 2026
331371,Freddy Rivas Combo 1628/1654 (SCounty) -- Sleeps 26!2Cabins-12BR:Pool+Hot Tub+Theater+Games,FALSE,TRUE,hidden,hostaway,1455,,359,,12,Sevierville,,,"Blocked Calendar,HA1,SCounty,1-2BR Cabin,3-4BR,7+BR,BlessedCleaningTyler,Group 1,HA5,NotKnox; vrbo:4343085",100 %,100 %,Fully Blocked,0,0,0,21 Nov 2024
331435,"Paul Leamon 1120 (GAT) -- Hillbilly Hilton: Hot Tub, Game Room, MTN View!",TRUE,TRUE,available,hostaway,335,349.0,160,,5,Gatlinburg,5-6 Bedrooms,,"5-6BR,GAT,Group 2,HA1,NotKnox,Safely,Summer,BlessedCleaningTyler,SCounty,1-2BR Cabin,3-4BR; vrbo:4341283; airbnb:1294218930600657784",50 %,49 %,49 %,2,3,5,02 Sep 2026
332092,Renee Carter 123 (BC) -- Peaceful Heights with Cozy Decks & a Smart TV!,TRUE,TRUE,available,hostaway,120,119.0,78,,2,Townsend,1-4BR Cabins / House,1-2 Bedroom Cabins,"1-2BR Cabin,BCounty,Group 2,HA1,Katie,NORMAL,NotKnox,Safely,TendwellCleaning,SCounty,3-4BR,BC,Kyle,MaidTooPerfectionJessica; vrbo:4341289; airbnb:1295060189306366955",48 %,32 %,51 %,1,3,3,30 Aug 2026
336439,Nicole Allison 3690 (PF) -- Cozy Smoky Mountain Escape w/ Private Deck & Community Pool,TRUE,TRUE,available,hostaway,130,125.0,70,,2,Pigeon Forge,1-4BR Cabins / House,1-2 Bedroom Cabins,"1-2BR Cabin,GAT,Group 3,HA1,Junior,Lily,NotKnox,Safely,BlessedCleaningTyler,SCounty,3-4BR,Pet,PF; vrbo:4479559; airbnb:1360190750635334286",50 %,33 %,49 %,2,5,5,05 Sep 2026
336450,"Chris Montagna 2104 (SCounty) -- Peaky Woods Cabin - Hot Tub, Game Room,  MTN Views",TRUE,TRUE,available,hostaway,130,131.0,90,,3,Sevierville,1-4BR Cabins / House,3-4 Bedrooms,"Group 2,HA1,Katie,NotKnox,Pet,Safely,SCounty,BlessedCleaningTyler,3-4BR,Summer,1-2BR Cabin,Kyle; vrbo:4375207; airbnb:1303572731300488408",45 %,38 %,36 %,2,6,9,31 Aug 2026
343231,"Kachi Nwabuko 2087 (SCounty) -- Galaxy Splash: Hot Tub, Pool, Theater, & MTN Views",TRUE,TRUE,available,hostaway,160,198.0,119,,3,Sevierville,1-4 BR with MINIMUM REQUESTS,3-4 Bedrooms,"Group 2,HA1,Katie,NORMAL,NotKnox,Safely,SCounty,TendwellCleaning,OglesCleaningTrenton,3-4BR,1-2BR Cabin,Kyle; vrbo:4440876",43 %,38 %,58 %,1,0,8,24 Aug 2026
349115,Alex Cameron 1502 (KCity) -- Knoxville Charm Cottage: 5.2 miles to Market Square,TRUE,TRUE,available,hostaway,200,201.0,105,,3,Knoxville,Knox All listing,Knox 3-4BR,"Group 3,HA2,KCity,Regina,TurnoverProDonnita,KnoxStaytion,3-4BR,SCounty,1-2BR Cabin,Group 2,Kyle,3BR; vrbo:4396907; airbnb:1336281091617137516",15 %,12 %,20 %,3,3,17,05 Sep 2026
349839,"Daniel Shepherd 2005 (SCounty) -- Valley View Cabin: View, Hot Tub, Fireplace, Grill",TRUE,TRUE,available,hostaway,165,165.0,100,,2,Sevierville,1-4BR Cabins / House,1-2 Bedroom Cabins,"1-2BR Cabin,Group 2,HA1,NotKnox,Safely,SCounty,Summer,BlessedCleaningTyler,HA3,3-4BR; vrbo:4393302; airbnb:1335536873144669305",87 %,59 %,87 %,0,0,0,13 Aug 2026
349853,"Walter Franey 2170 (SCounty) -- Big Blue Mist w/ Hot Tub, Grill, Fireplace & GAMES",TRUE,TRUE,available,hostaway,180,169.0,95,,3,Sevierville,1-4BR Cabins / House,3-4 Bedrooms,"1-2BR Cabin,Group 1,HA1,NotKnox,Safely,SCounty,Summer,TendwellCleaning,BlessedCleaningTyler,3-4BR,Group 2; vrbo:4395173; airbnb:1338389038722691562",52 %,34 %,53 %,2,2,4,01 Sep 2026
351688,"Josh Cowan 2683 (PF) -- Valley Heights w/ Hot Tub, Life Suze Games, Lounge",TRUE,TRUE,available,hostaway,170,166.0,90,,3,Pigeon Forge,1-4BR Cabins / House,3-4 Bedrooms,"3-4BR,Group 2,HA1,Katie,NotKnox,PF,Safely,TendwellCleaning,FleurishAlicia,Summer,SCounty,1-2BR Cabin,Kyle; vrbo:4468114; airbnb:1354408197040547807",43 %,29 %,51 %,2,5,7,31 Aug 2026
352889,"Dylan Robinson Combo 3738/3734 (PF) -- 2 Cabins! Sleeps 28-8BR! Pool, Hot Tub, Game Room!",FALSE,TRUE,hidden,hostaway,859,859.0,480,,8,Pigeon Forge,Cabins/Houses (7+ Bedrooms),,"5-6BR,7+BR,Group 1,HA4,NotKnox,PF,Safely,Summer,BlessedCleaningTyler,SCounty,1-2BR Cabin,3-4BR; vrbo:4415651; airbnb:1339140813191611236",100 %,100 %,Fully Blocked,0,0,0,26 Nov 2025
353223,"Dylan Robinson Combo 3742/3746 (PF) -- Splendid 2Cabins, Sleeps 28! Pool, Hot Tub & More!",TRUE,TRUE,available,hostaway,800,860.0,460,,8,Pigeon Forge,Cabins/Houses (7+ Bedrooms),,"5-6BR,7+BR,Group 1,HA4,NotKnox,PF,Safely,Summer,BlessedCleaningTyler,SCounty,1-2BR Cabin,3-4BR; vrbo:4415653; airbnb:1340553022300716744",100 %,100 %,100 %,1,0,5,27 Aug 2026
356560,"Laurie Keenan 2587 (SCounty) -- Whiskey Stone - Hot Tub, Fireplace, Grill & Arcade",TRUE,TRUE,available,hostaway,110,109.0,70,,1,Sevierville,1-4BR Cabins / House,1-2 Bedroom Cabins,"1-2BR Cabin,Group 2,HA1,NotKnox,Regina,Safely,SCounty,TendwellCleaning,BlessedCleaningTyler,3-4BR,Kyle; vrbo:4477768; airbnb:1353661143649494798",77 %,69 %,76 %,3,4,11,31 Aug 2026
356571,"Laurie Keenan 2589 (SCounty) -- Whiskey Barrel w/ Hot Tub, Arcade Game & Fire Pit!",TRUE,TRUE,available,hostaway,110,112.0,75,,2,Sevierville,1-4BR Cabins / House,1-2 Bedroom Cabins,"1-2BR Cabin,Group 2,HA1,NotKnox,Regina,Safely,SCounty,TendwellCleaning,BlessedCleaningTyler,3-4BR,Kyle; vrbo:4477770; airbnb:1353748641298636686",38 %,43 %,44 %,1,8,8,04 Sep 2026
356573,"Stephen Obeng 1580 (GAT) -- Wanderers Retreat: Hot Tub, Multicade, Grill, MORE",TRUE,TRUE,available,hostaway,135,131.0,85,,2,Gatlinburg,1-4BR Cabins / House,1-2 Bedroom Cabins,"GAT,Group 2,Safely,Summer,TendwellCleaning,SCounty,HA3,1-2BR Cabin,3-4BR,BlessedCleaningTyler,HA1,Kyle,NotKnox; vrbo:4459383; airbnb:1355859634720662035",55 %,37 %,64 %,2,2,9,31 Aug 2026
357048,"Shaun Halberstadt 417 (PF) -- Twilight Mist Getaway | Pool, Hot Tub + Game Room!",TRUE,TRUE,available,hostaway,265,264.0,105,,3,Pigeon Forge,1-4BR Cabins / House,3-4 Bedrooms,"3-4BR,Group 1,HA1,NotKnox,PF,Safely,Summer,BlessedCleaningTyler,SCounty,1-2BR Cabin; vrbo:4475804; airbnb:1369658574720771534",70 %,61 %,80 %,3,0,10,24 Aug 2026
357125,Scarlett Cornell 3001-108 (KCity) -- Knox Hideaway - 2.3 miles to Market Square!,FALSE,TRUE,hidden,hostaway,210,,109,,3,Knoxville,Knox All listing,Knox 3-4BR,"3-4BR,Group 2,HA2,KCity,knoxville,Lily,Safely,TurnoverProDonnita,KnoxStaytion,SCounty,1-2BR Cabin,3BR; vrbo:4494435; airbnb:1356603878659266385",100 %,100 %,Fully Blocked,0,0,0,19 Apr 2026
357132,Scarlett Cornell 3001-510 (KCity) -- Rivertowne Escape | Downtown Knoxville,FALSE,TRUE,hidden,hostaway,150,,130,,3,Knoxville,1-4 BR with MINIMUM REQUESTS,,"Group 2,HA2,KCity,knoxville,Lily,Safely,TurnoverProDonnita,KnoxStaytion,3-4BR,SCounty,1-2BR Cabin,3BR,min LOS; vrbo:4494436; airbnb:1358891146272370586",100 %,100 %,Fully Blocked,0,0,0,02 Jul 2026
357497,Michael Rohwer 2455 -- Modern Rustic Lodge,FALSE,TRUE,hidden,hostaway,,,,,,Sevierville,,,,100 %,100 %,Unavailable,Unavailable,Unavailable,Unavailable,
84247,Dylan Robinson 2520 (SH2) (KCounty) · Revived Schoolhouse near Downtown & UT Campus -- Revived Schoolhouse near Downtown & UT Campus,FALSE,TRUE,hidden,hostaway,145,,,,3,Knoxville,,,,0 %,0 %,0 %,0,0,0,11 Jul 2024
84253,Dylan Robinson 2522 (SH1) (KCounty) · Restored Schoolhouse near Downtown & UT Campus -- Restored Schoolhouse near Downtown & UT Campus,FALSE,TRUE,hidden,hostaway,130,,,,3,Knoxville,,,,0 %,0 %,0 %,0,0,0,12 Jul 2024
244713,"Washington Sardella 1238 (SCounty) · Log Cabin with Hot Tub, Fire Pit, Gym, & More! -- Log Cabin with Hot Tub, Fire Pit, Gym, & More!",FALSE,TRUE,hidden,hostaway,280,280,,,4,Sevierville,,,vrbo:3912328; airbnb:1143461121580203963,0 %,0 %,0 %,0,0,0,23 Oct 2024
358936,Tim Carroll 1260-8302 -- Ski View Loft,FALSE,TRUE,hidden,hostaway,150,150,89,,2,Gatlinburg,1-4BR Cabins / House,1-2 Bedroom Cabins,airbnb:1351518363548029578,100 %,100 %,Fully Blocked,0,0,0,
358963,Kirk Kelso 116-102 -- Rustic City Loft,FALSE,TRUE,hidden,hostaway,122,,79,,,Knoxville,,,,100 %,100 %,Unavailable,Unavailable,Unavailable,Unavailable,
363180,Ryan Carter 290 -- The Grand Chalet,FALSE,TRUE,hidden,hostaway,555,962,159,,6,Sevierville,1-4BR Cabins / House,5-6 Bedrooms,airbnb:1360978411060093594,100 %,100 %,Fully Blocked,0,0,0,
363185,"Sanjay Arukala 1728 (SCounty) -- Bear Paw Hideaway: Hot Tub, Theater & Multicade!",TRUE,TRUE,available,hostaway,140,146.0,95,,3,Sevierville,1-4BR Cabins / House,3-4 Bedrooms,"Group 2,HA1,Katie,NORMAL,NotKnox,Safely,SCounty,TendwellCleaning,OglesCleaningTrenton,3-4BR,1-2BR Cabin; vrbo:4479563; airbnb:1366064643126128115",55 %,37 %,62 %,6,9,26,05 Sep 2026
366679,"Kim Mills 1654 (SCity) -- Grey Wood Lodge | Hot Tub, Fireplace & Games!",TRUE,TRUE,available,hostaway,210,209.0,150,,5,Sevierville,5-6 Bedrooms,,"5-6BR,Group 1,HA1,NotKnox,Pet,SCity,Summer,BlessedCleaningTyler,3-4BR,SCounty,1-2BR Cabin,Kyle; vrbo:4542520; airbnb:1368957606414358304",43 %,32 %,58 %,3,4,13,03 Sep 2026
366682,"Kim Mills 2222 (PF) -- Beary Cottage | Hot Tub, Grill & Arcade Games!",TRUE,TRUE,available,hostaway,160,160.0,90,,2,Pigeon Forge,1-4BR Cabins / House,1-2 Bedroom Cabins,"1-2BR Cabin,Group 1,HA1,NotKnox,Pet,PF,Summer,BlessedCleaningTyler,SCounty,3-4BR,Kyle; vrbo:4542522; airbnb:1368963957724072558",67 %,49 %,78 %,1,1,1,05 Sep 2026
367540,"Graham Brown 3940 (SCounty) -- MTN View, Game Room, & Hot Tub!",TRUE,TRUE,available,hostaway,270,290.0,129,,5,Pigeon Forge,5-6 Bedrooms,,"5-6BR,Group 2,HA1,Katie,NotKnox,Safely,SCounty,TendwellCleaning,BlessedCleaningTyler,Summer,1-2BR Cabin,3-4BR,Kyle; vrbo:4479565; airbnb:614293346304097575",100 %,100 %,100 %,0,0,0,16 Aug 2026
367835,"Cristina Turcan 8540 (BC) -- The Skinners Cabin: Hot Tub, Fireplace & Grill!",TRUE,TRUE,available,hostaway,155,155.0,100,,4,Townsend,1-4BR Cabins / House,3-4 Bedrooms,"3-4BR,BC,Group 2,HA1,NotKnox,Regina,Safely,TendwellCleaning,SCounty,1-2BR Cabin,Kyle,MaidTooPerfectionJessica,EasyBNBAmanda; vrbo:4549109",100 %,100 %,Fully Blocked,0,0,0,28 May 2026
367983,"Erica Sadler 1625 (SCounty) -- Bear Claw Hideaway | View, Hot Tub, LifeSize Gamesb",TRUE,TRUE,available,hostaway,160,167.0,95,,3,Sevierville,1-4BR Cabins / House,3-4 Bedrooms,"Group 2,HA1,Lily,NORMAL,NotKnox,Pet,Safely,SCounty,BlessedCleaningTyler,3-4BR,1-2BR Cabin,MagicleanAnya; vrbo:4515279; airbnb:1386224369083832450",47 %,36 %,53 %,2,0,8,26 Aug 2026
367999,"Luning Wang 1056 (SCounty) -- Grand Theatre Lodge: View, Hot Tub, Pool, Pet-friendly & GAMES!",TRUE,TRUE,available,hostaway,580,577.0,350,,7,Sevierville,Cabins/Houses (7+ Bedrooms),,"7+BR,Group 1,HA1,NotKnox,Safely,SCounty,Summer,BlessedCleaningTyler,1-2BR Cabin,3-4BR,Kyle; vrbo:4511309",3 %,11 %,2 %,2,4,7,30 Aug 2026
368011,"Mike Nahom 622 (GAT) -- Timber Log Cabin: Hot Tub, Pool Table, Games, MORE",FALSE,TRUE,hidden,hostaway,220,,95,,2,Gatlinburg,1-4BR Cabins / House,1-2 Bedroom Cabins,"1-2BR Cabin,GAT,Group 2,HA1,NotKnox,Safely,Summer,TendwellCleaning,BlessedCleaningTyler,SCounty,3-4BR; vrbo:4527656; airbnb:1381312472145371779",100 %,100 %,Fully Blocked,0,0,0,12 May 2026
370119,"Kylie Willis 914 (SCounty) -- Blue Mist Lodge: Hot Tub, Outdoor Lounge, MORE",TRUE,TRUE,available,hostaway,145,135.0,90,,2,Sevierville,1-4BR Cabins / House,1-2 Bedroom Cabins,"1-2BR Cabin,Group 2,HA1,Lily,Pet,Safely,SCounty,TendwellCleaning,BlessedCleaningTyler,NotKnox,Summer,3-4BR,Group 1,Kyle; vrbo:4523828; airbnb:1381149715647699385",48 %,37 %,56 %,4,14,18,04 Sep 2026
370142,Michael Hooper 2335 (SCounty) -- The Secret Nest | Hot Tub & Jacuzzi Tub + Pet Friendly!,TRUE,TRUE,available,hostaway,115,115.0,65,,1,Sevierville,1-4BR Cabins / House,1-2 Bedroom Cabins,"1-2BR Cabin,Group 3,HA1,NotKnox,Pet,Regina,Safely,SCounty,BlessedCleaningTyler,3-4BR,Group 2,Kyle; vrbo:4511312; airbnb:1384127506629765667",62 %,41 %,67 %,2,2,7,05 Sep 2026
370390,"Walter Franey 3325 (SCounty) -- Big Blue Ridge | MTN Views, Hot Tub, Pool Table!",TRUE,TRUE,available,hostaway,185,179.0,100,,3,Sevierville,1-4BR Cabins / House,3-4 Bedrooms,"1-2BR Cabin,Group 1,HA1,NotKnox,Safely,SCounty,Summer,TendwellCleaning,BlessedCleaningTyler,3-4BR; vrbo:4502964; airbnb:1374798543911770531",47 %,37 %,62 %,0,0,0,11 Aug 2026
370539,Mark Mobley 135-102 (KCity) -- The Quiet Old City Hideout,TRUE,TRUE,available,hostaway,140,139.0,89,,2,Knoxville,Knox All listing,Knox 1-2BR,"1-2BR Condo,Group 2,HA2,KCity,MadersCleaningTeresa,Safely,Summer,KnoxStaytion,EasyBNBAmanda,SCounty,1-2BR Cabin,3-4BR,2BR; vrbo:4502965; airbnb:1381968993816792691",22 %,21 %,29 %,2,0,10,27 Aug 2026
370546,"Kristen Cannon 428 (GAT) -- Moody Mountain Lodge: MTN Views, Hot Tub, GameRoom",TRUE,TRUE,available,hostaway,220,228.0,105,,4,Gatlinburg,1-4BR Cabins / House,3-4 Bedrooms,"GAT,Group 2,HA1,NotKnox,Safely,Summer,TendwellCleaning,BlessedCleaningTyler,3-4BR,SCounty,1-2BR Cabin,Group 1,Kyle; vrbo:4511313; airbnb:1382033270396193390",45 %,39 %,49 %,2,4,6,03 Sep 2026
373559,"Cameron Penn 1750 (SCounty) -- Nature's Nest | MTN View, Hot Tub & Arcade Games!",TRUE,TRUE,available,hostaway,165,170.0,90,,2,Sevierville,1-4BR Cabins / House,1-2 Bedroom Cabins,"1-2BR Cabin,Group 2,HA1,NotKnox,Safely,SCounty,Summer,TendwellCleaning,BlessedCleaningTyler,3-4BR; vrbo:4549113; airbnb:1381839871589850842",62 %,41 %,76 %,4,12,19,05 Sep 2026
374398,"John Kirkman 510 (GAT) -- Secluded Escape | Views, Hot Tub, Outdoor Lounge!",TRUE,TRUE,available,hostaway,220,203.0,140,,5,Gatlinburg,5-6 Bedrooms,,"5-6BR,GAT,Group 2,HA1,Lily,NORMAL,NotKnox,Safely,TendwellCleaning,FleurishAlicia,SCounty,1-2BR Cabin,3-4BR,Kyle; vrbo:4564022; airbnb:1394299322757713429",48 %,36 %,58 %,6,0,21,28 Aug 2026
374404,"Dustin Francis 3213 (SCounty) -- Smoky Ridge Hideaway: Views, Hot Tub, Game Room!",TRUE,TRUE,available,hostaway,150,161.0,90,,2,Sevierville,1-4BR Cabins / House,1-2 Bedroom Cabins,"1-2BR Cabin,Group 2,HA1,Lily,NORMAL,NotKnox,Safely,SCounty,BlessedCleaningTyler,3-4BR; vrbo:4641522; airbnb:1390657082329576380",82 %,88 %,67 %,2,4,7,02 Sep 2026
374406,"Elizabeth Garcia 309 (GAT) -- Smoky Mountain Gem | MTN View, Hot Tub, Grill!",TRUE,TRUE,available,hostaway,140,150.0,90,,3,Gatlinburg,1-4BR Cabins / House,3-4 Bedrooms,"GAT,Group 3,HA1,Junior,Lily,NotKnox,Safely,BlessedCleaningTyler,3-4BR,SCounty,1-2BR Cabin; vrbo:4515280; airbnb:1387005564755141280",67 %,78 %,60 %,2,6,6,04 Sep 2026
375171,"Dylan Robinson 768 (SCounty) -- The Lookout at Chalet Village: Hot Tub, Games+MORE",TRUE,TRUE,available,hostaway,480,474.0,210,,5,Gatlinburg,5-6 Bedrooms,,"5-6BR,Group 1,HA4,NotKnox,Safely,SCounty,Summer,BlessedCleaningTyler,3-4BR,1-2BR Cabin; vrbo:4564025; airbnb:1385604088246009707",53 %,43 %,53 %,1,3,3,31 Aug 2026
376033,"Van Mulkey 3136 (PF) -- Creekside Paradise: Hot Tub,Arcade Games,NEAR PF!",TRUE,TRUE,available,hostaway,330,330.0,154,,5,Pigeon Forge,5-6 Bedrooms,,"5-6BR,Group 1,HA1,NotKnox,PF,Safely,Summer,TendwellCleaning,FleurishAlicia,SCounty,1-2BR Cabin,3-4BR; vrbo:4559355",100 %,100 %,Fully Blocked,0,0,0,24 Jan 2026
376933,"Glen Peterson 233 (SCounty) -- The Boujee Bear | MTN View, Hot Tub, Foosball!",TRUE,TRUE,available,hostaway,170,169.0,160,,3,Sevierville,1-4 BR with MINIMUM REQUESTS,,"1-2BR Cabin,Group 1,HA1,NotKnox,Safely,SCounty,Summer,BlessedCleaningTyler,3-4BR,min LOS,min rate; vrbo:4542529; airbnb:1397156083824621689",28 %,26 %,27 %,2,4,6,02 Sep 2026
376938,"Glen Peterson 5175 (SCounty) -- Multi-Level Getaway | Pool, Hot Tub and Fireplace",TRUE,TRUE,available,hostaway,230,229.0,180,,2,Sevierville,1-4 BR with MINIMUM REQUESTS,,"1-2BR Cabin,Group 1,HA1,NotKnox,Safely,SCounty,Summer,3-4BR,BlessedCleaningTyler,min LOS,min rate; vrbo:4873968; airbnb:1507360271413642678",62 %,52 %,60 %,3,9,9,05 Sep 2026
376944,Glen Peterson 3710 (GAT) -- Smoky Mountain Luxurious Serenity,TRUE,TRUE,available,hostaway,100,96.0,120,,2,Gatlinburg,1-4 BR with MINIMUM REQUESTS,1-2 Bedroom Condos,"1-2BR Condo,GAT,Group 1,HA1,NotKnox,Safely,Summer,TendwellCleaning,FleurishAlicia,SCounty,1-2BR Cabin,3-4BR,min LOS,min rate; vrbo:4624734; airbnb:1395774754843859358",10 %,7 %,13 %,1,2,2,03 Sep 2026
378580,"Melissa Allen 3666 (SCounty) -- Smokies Cabin Life: View, Hot Tub, Grill, Game Room",TRUE,TRUE,available,hostaway,175,175.0,100,,3,Sevierville,1-4BR Cabins / House,3-4 Bedrooms,"Group 2,HA1,Lily,NORMAL,NotKnox,Pet,Safely,SCounty,TendwellCleaning,FleurishAlicia,HA3,1-2BR Cabin,3-4BR; vrbo:4668930; airbnb:1392019289270751693",62 %,41 %,60 %,2,8,11,31 Aug 2026
381205,"Geri Giddens 437 (PF) -- Enchanted Mountain Escape: Hot tub, Grill, Games!",TRUE,TRUE,available,hostaway,460,465.0,350,,8,Pigeon Forge,Cabins/Houses (7+ Bedrooms),,"7+BR,Group 1,HA1,Key,Lily,NotKnox,PF,Safely,BlessedCleaningTyler,SCounty,1-2BR Cabin,3-4BR,OglesCleaningTrenton; vrbo:4639535; airbnb:1400779494728621213",45 %,46 %,49 %,3,4,11,01 Sep 2026
381210,Kevin Ling 5436 (KCity) -- The Knoxville Nest: Cozy 3BR Retreat w/ Fireplace,FALSE,TRUE,hidden,hostaway,195,,110,,3,Knoxville,Knox All listing,Knox 3-4BR,"EasyBNBAmanda,Group 2,HA2,KCity,Regina,Safely,KnoxStaytion,3-4BR,SCounty,1-2BR Cabin,KCounty; vrbo:4715520; airbnb:1397313293462705399",100 %,100 %,Fully Blocked,0,0,0,29 Jun 2026
382134,Michelle and Roncie Fernandes 1144 (GAT) -- Bearly Dreaming Elite Location Hot Tub & Game Room,TRUE,TRUE,available,hostaway,280,266.0,105,,4,Gatlinburg,1-4BR Cabins / House,3-4 Bedrooms,"GAT,Group 1,HA1,Key,Lily,NotKnox,Safely,BlessedCleaningTyler,3-4BR,SCounty,1-2BR Cabin,Group 2,Kyle; vrbo:4594663; airbnb:1406380718894480025",58 %,59 %,56 %,4,7,17,05 Sep 2026
383100,"Lindsey Smith 2833 (SCounty) -- Little Bears Cabin: Hot Tub, Fireplace & Grill!",FALSE,TRUE,hidden,hostaway,150,,90,,3,Sevierville,1-4BR Cabins / House,3-4 Bedrooms,"Group 2,HA1,Lily,NORMAL,NotKnox,Safely,SCounty,BlessedCleaningTyler,3-4BR,1-2BR Cabin; vrbo:4668931; airbnb:1405144926795182905",100 %,100 %,Fully Blocked,0,0,0,29 Jun 2026
384346,"Digant Patel 1554 (SCounty) -- Mountain Mischief: Hot Tub, Games & Cozy Fireplace",TRUE,TRUE,available,hostaway,130,129.0,85,,2,Sevierville,1-4BR Cabins / House,1-2 Bedroom Cabins,"1-2BR Cabin,Group 2,HA1,Katie,NORMAL,NotKnox,Safely,SCounty,TendwellCleaning,BlessedCleaningTyler,3-4BR,Kyle; vrbo:4639536; airbnb:1405786805866450392",70 %,47 %,86 %,1,0,7,25 Aug 2026
385793,"David Sussman 3759 (SCounty) -- Chalet Bellemont: View, Heated Swim Spa, Game Room",TRUE,TRUE,available,hostaway,450,450.0,250,1900,6,Sevierville,Luxury Cabins/Houses (5-6 Bedrooms),,"5-6BR,Group 1,HA1,Jordan,NotKnox,Safely,SCounty,TendwellCleaning,BlessedCleaningTyler,HA3,1-2BR Cabin,3-4BR,Stillwater,Luxury; vrbo:4578105; airbnb:1409424647449072572",65 %,47 %,69 %,0,0,0,20 Aug 2026
385795,"Jill Bishop 2719 (SCounty) -- Sawmill Lodge: Hot Tub, Theater, Putt Putt & Views",TRUE,TRUE,available,hostaway,240,234.0,110,,3,Sevierville,1-4BR Cabins / House,3-4 Bedrooms,"Group 2,HA1,Lily,NORMAL,NotKnox,Safely,SCounty,TendwellCleaning,BlessedCleaningTyler,3-4BR,1-2BR Cabin,scounty; vrbo:4637398; airbnb:1409438656722514108",70 %,56 %,78 %,3,8,13,02 Sep 2026
385800,"Lowell Weiss 229 (GAT) -- The Smoky Bear: View, Hot Tub, Pool & MORE!",TRUE,TRUE,available,hostaway,280,299.0,105,,4,Gatlinburg,1-4BR Cabins / House,3-4 Bedrooms,"3-4BR,Group 2,HA1,Lily,NotKnox,Safely,TendwellCleaning,BlessedCleaningTyler,GAT,HA4,NORMAL,SCounty,1-2BR Cabin; vrbo:4937037; airbnb:1445680554318845210",35 %,30 %,39 %,2,4,8,30 Aug 2026
385831,Dan and Melissa Hanlon Combo 1&2 (SCity) -- Cedar's Peak - Downtown 2 Condos,TRUE,TRUE,available,hostaway,110,109.0,85,,3,Sevierville,1-4BR Cabins / House,3-4 Bedrooms,"FleurishAlicia,Group 2,HA1,NotKnox,Safely,SCity,BlessedCleaningTyler,1-2BR Cabin,3-4BR,HA2,Lily,SCounty; vrbo:4899688; airbnb:1406641024605396068",42 %,28 %,47 %,0,0,0,22 Jul 2026
386891,"Jordan Sims 1467 (SCounty) -- Smoky Mountain Dove | Hot Tub, Firepit, Fireplace",TRUE,TRUE,available,hostaway,130,132.0,75,,1,Sevierville,1-4BR Cabins / House,1-2 Bedroom Cabins,"1-2BR Cabin,Group 2,HA1,Lily,NotKnox,Safely,SCounty,BlessedCleaningTyler,3-4BR; vrbo:4639538; airbnb:1411537004073313026",53 %,36 %,60 %,4,6,12,03 Sep 2026
99669,Lily Phillips 305 (PF) -- Swimming Bears Lodge 1 - Indoor Pool & Hot Tub!,FALSE,TRUE,hidden,hostaway,310,,,,4,Pigeon Forge,,,"Blocked Calendar,HA1,NotKnox,PF,3-4BR,HA3,SCounty,1-2BR Cabin,FleurishAlicia,Group 1,Summer; vrbo:2667659",100 %,100 %,Fully Blocked,0,0,0,06 Feb 2025
99671,"Lily Phillips 308 (PF) -- Swimming Bears Lodge 2 - Pool, Hot Tub, & Theater!",FALSE,TRUE,hidden,hostaway,310,,,,4,Pigeon Forge,,,"Blocked Calendar,HA2,NotKnox,PF,3-4BR,HA3,SCounty,1-2BR Cabin,FleurishAlicia,Group 1,HA1,Summer; vrbo:2672876",100 %,100 %,Fully Blocked,0,0,0,07 Feb 2025
227666,Jerry Neville 826 (PF) -- Tennessee Time |Hot Tub & GameRoom,FALSE,TRUE,hidden,hostaway,410,,,,5,Pigeon Forge,,,"Blocked Calendar,PF,SCounty,HA3,1-2BR Cabin,3-4BR,5-6BR,Group 1,HA1,NotKnox,OglesCleaningTrenton,Summer; vrbo:3846631",100 %,100 %,Fully Blocked,0,0,0,29 Dec 2024
386914,"Tara Rao 116 (BC) -- The Little Timber: Cozy, Hot Tub & Fireplace!",TRUE,TRUE,available,hostaway,170,160.0,90,,2,Townsend,1-4BR Cabins / House,1-2 Bedroom Cabins,"1-2BR Cabin,BC,Group 2,HA1,Lily,MaidTooPerfection,NORMAL,NotKnox,Safely,SCounty,3-4BR,Summer,TendwellCleaning,MaidTooPerfectionJessica; vrbo:4665415; airbnb:1450094394208363318",70 %,53 %,67 %,5,9,18,02 Sep 2026
387284,Ruth Heath 458 (PF) -- Cloudspire Chalet: Arcade Games & Outdoor Lounge!,TRUE,TRUE,available,hostaway,180,167.0,98,,3,Pigeon Forge,1-4BR Cabins / House,3-4 Bedrooms,"3-4BR,Group 2,HA1,Lily,NORMAL,Pet,PF,Safely,TendwellCleaning,BlessedCleaningTyler,SCounty,1-2BR Cabin,NotKnox; vrbo:4639539; airbnb:1416023494257329753",60 %,43 %,58 %,3,10,16,04 Sep 2026
387295,"Kaley Eversgerd 933 (SCounty) -- Mountaintop RnR | Hot Tub, Roku TVs & Fireplace!",TRUE,TRUE,available,hostaway,110,108.0,110,,2,Sevierville,1-4 BR with MINIMUM REQUESTS,1-2 Bedroom Cabins,"1-2BR Cabin,Group 2,HA1,Lily,NORMAL,NotKnox,Safely,SCounty,TendwellCleaning,BlessedCleaningTyler,3-4BR; vrbo:4641525; airbnb:1412352416375997812",60 %,40 %,69 %,0,0,0,18 Aug 2026
393217,Pooja Mehta 2933 (PF) -- Spacious Pet Friendly 5BR Retreat w/ Theater & Hot Tub,TRUE,TRUE,available,hostaway,310,323.0,149,,5,Pigeon Forge,5-6 Bedrooms,,"5-6BR,Group 2,HA1,Katie,NORMAL,NotKnox,PF,Safely,TendwellCleaning,FleurishAlicia,SCounty,1-2BR Cabin,3-4BR,Kyle; vrbo:4622484; airbnb:1424743990217223436",48 %,40 %,53 %,2,5,12,30 Aug 2026
393226,"Katrina Maloney 659 (SCounty) -- Rustic Retreat  Jacuzzi, Fireplaces & Views",TRUE,TRUE,available,hostaway,140,147.0,120,,1,Sevierville,1-4 BR with MINIMUM REQUESTS,,"1-2BR Cabin,Group 2,HA1,Lily,NotKnox,Safely,SCounty,BlessedCleaningTyler,Summer,3-4BR,min rate; vrbo:4685424; airbnb:1424754862169944576",47 %,31 %,51 %,0,0,0,12 Aug 2026
393883,Senthilkumar Davudkadirkamasundram 3725 -- 6BR Cabin w/ Pool & Theater Room,FALSE,TRUE,hidden,hostaway,,,,,,Pigeon Forge,,,"HA3,SCounty,1-2BR Cabin,3-4BR,NotKnox,PF",100 %,100 %,Fully Blocked,0,0,0,
393898,"Mark Urban 2123 (SCounty) -- Smoky Summit: Hot Tub, Games, Views, + Pets 50lbs>",TRUE,TRUE,available,hostaway,180,171.0,95,,3,Sevierville,1-4BR Cabins / House,3-4 Bedrooms,"Group 2,HA1,NotKnox,Pet,Safely,SCounty,Summer,TendwellCleaning,3-4BR,1-2BR Cabin; vrbo:4665416; airbnb:1442085241506359283",48 %,42 %,64 %,1,4,4,03 Sep 2026
393903,Josh Ehler 3214 -- Smoky Mtn Pool Cabin Retreat,FALSE,TRUE,hidden,hostaway,,,,,,Sevierville,,,,0 %,0 %,Unavailable,Unavailable,Unavailable,Unavailable,
393926,"Andrew Crawford 1024 (SCity) -- Unbeatable Cabin-PetsAllowed,Hot Tub,Firepit,Games",TRUE,TRUE,available,hostaway,180,180.0,100,,3,Sevierville,1-4BR Cabins / House,3-4 Bedrooms,"ElainyCleaner,Group 2,HA1,Lily,NotKnox,Pet,Safely,SCity,3-4BR,1-2BR Cabin,SCounty; vrbo:4645122; airbnb:1426076483478252015",53 %,43 %,60 %,4,4,22,01 Sep 2026
394794,Candace Thompson 673 (GAT) -- Gatlinburg Splash-Theater-Pool,TRUE,TRUE,available,hostaway,400,393.0,140,1799,3,Gatlinburg,Luxury Cabins/Houses (3-4 Bedrooms),,"GAT,Group 1,HA6,Lily,NotKnox,Safely,TendwellCleaning,3-4BR,HA3,SCounty,1-2BR Cabin,Jordan,Stillwater; vrbo:5036512; airbnb:1427522513275898238",53 %,42 %,71 %,5,21,21,04 Sep 2026
394796,Candace Thompson 720 (SCounty) -- Great Smoky Getaway-Hot Tub-Pool,TRUE,TRUE,available,hostaway,800,791.0,401,,6,Gatlinburg,Luxury Cabins/Houses (5-6 Bedrooms),,"5-6BR,Group 1,HA6,Jordan,NotKnox,Safely,SCounty,TendwellCleaning,Lily,HA3,1-2BR Cabin,3-4BR,Stillwater; vrbo:5036511; airbnb:1426900501200579875",38 %,34 %,44 %,6,14,23,05 Sep 2026
396447,"Lewis Earnst 932 (SCounty) · Falcon's Lookout: MTN Views, Hot Tub, Grill, Games -- Falcon's Lookout: MTN Views, Hot Tub, Grill, Games",FALSE,TRUE,hidden,hostaway,350,370,139,,4,Sevierville,1-4BR Cabins / House,3-4 Bedrooms,"1-2BR Cabin,3-4BR,BlessedCleaningTyler,Group 2,HA1,NotKnox,SCounty; airbnb:1446385638216305750",100 %,100 %,Fully Blocked,0,0,0,19 Jun 2025
396703,"Jason Hyre 568 (PF) -- Winding Down: Pet Friendly, Hot Tub, Games, and Near PF",TRUE,TRUE,available,hostaway,165,165.0,120,,3,Pigeon Forge,1-4 BR with MINIMUM REQUESTS,3-4 Bedrooms,"Group 2,HA1,Lily,NORMAL,NotKnox,PF,Safely,TendwellCleaning,3-4BR,SCounty,1-2BR Cabin,Pet,Summer,min rate; vrbo:4645123; airbnb:1431820942786086366",43 %,44 %,58 %,0,0,0,20 Aug 2026
396708,Dylan Robinson 744 (SCounty) -- The Overlook at Chalet Village: Hot Tub+Games+MORE,TRUE,TRUE,available,hostaway,530,546.0,210,,5,Gatlinburg,5-6 Bedrooms,,"5-6BR,Group 1,HA4,NotKnox,Safely,SCounty,Summer,BlessedCleaningTyler,3-4BR,1-2BR Cabin,GAT; vrbo:4864187; airbnb:1445020842194659460",62 %,44 %,56 %,4,7,13,02 Sep 2026
398233,Grace hideaway (Freddy Rivas 2640) -- Ask about 4N discount! Indoor Pool/Amazing Gazebo,FALSE,TRUE,hidden,hostaway,,,,,,Sevierville,,,,,,,,,,
398239,Lou and Elva Romano 2556 (SCounty) -- Mr Blue Skies - 7BR Sleeps 20 Views / Private Pool,TRUE,TRUE,available,hostaway,730,720.0,440,,7,Sevierville,Cabins/Houses (7+ Bedrooms),,"7+BR,Group 1,HA6,Key,Lily,NotKnox,Safely,SCounty,SS,TendwellCleaning,1-2BR Cabin,3-4BR; vrbo:3424965; airbnb:899281878782074465",67 %,63 %,71 %,2,10,10,05 Sep 2026
398774,Patrick Glasco 2728 (Scounty) -- Cha Chas Castle - 8BR Sleeps 30 w/ Pool & Jacuzzi,FALSE,TRUE,hidden,hostaway,750,,480,,8,Sevierville,Cabins/Houses (7+ Bedrooms),,"7+BR,Group 1,HA6,Key,Lily,NotKnox,Safely,SCounty,SS,TendwellCleaning,1-2BR Cabin,3-4BR; vrbo:3424966",100 %,100 %,Fully Blocked,0,0,0,26 May 2026
398775,Rachel Ewe 816 (GAT) -- Chalet Vista | Pool  Hot Tub  Game Room  Views,TRUE,TRUE,available,hostaway,230,233.0,105,,4,Gatlinburg,1-4BR Cabins / House,3-4 Bedrooms,"GAT,Group 1,HA6,Key,Lily,NotKnox,Safely,SS,TendwellCleaning,3-4BR,SCounty,1-2BR Cabin; vrbo:2511863; airbnb:1321615632291200478",53 %,42 %,60 %,1,5,5,05 Sep 2026
398786,Rocky Crest (Jonatan & Freddy 2225) -- 8BR Sleeps 24 with Private Pool/Arcade/Gazebo/View,FALSE,TRUE,hidden,hostaway,,,,,,Sevierville,,,TendwellCleaning,100 %,100 %,Fully Blocked,0,0,0,08 May 2025
398789,Angela McIlveen 811 (SCounty) -- Best Area Views-Games/HotTub/Private Pool/PuttPutt,TRUE,TRUE,available,hostaway,830,835.0,450,,8,Sevierville,Cabins/Houses (7+ Bedrooms),,"7+BR,Group 1,HA6,Key,Lily,NotKnox,Safely,SCounty,SS,TendwellCleaning,1-2BR Cabin,3-4BR; vrbo:4438039; airbnb:1241908858970564698",50 %,46 %,56 %,1,0,4,29 Aug 2026
399655,Grande Grace Vista -- Ask about 4N discount Pool/gamerooms/views/hottubs,FALSE,TRUE,hidden,hostaway,,,,,,Sevierville,,,,100 %,100 %,Unavailable,Unavailable,Unavailable,Unavailable,18 Mar 2025
399668,Grace summit -- Grace summit/hot tub/games/pool/parking/10% off*,FALSE,TRUE,hidden,hostaway,,,,,,Sevierville,,,,100 %,100 %,Unavailable,Unavailable,Unavailable,Unavailable,20 Jul 2024
399669,"Grace Summit -- Grace Summit:Hot tub,Heated pool,Game room,Views",FALSE,TRUE,hidden,hostaway,,,,,,Sevierville,,,,100 %,100 %,Unavailable,Unavailable,Unavailable,Unavailable,25 Mar 2025
399869,"Taylor Mast 793 (GAT) -- Grand Vista Lodge | Pool, Hot Tub & Epic Views",TRUE,TRUE,available,hostaway,460,512.0,209,,5,Gatlinburg,5-6 Bedrooms,,"5-6BR,GAT,Group 1,HA6,Key,Lily,NotKnox,Safely,SS,TendwellCleaning,SCounty,1-2BR Cabin,3-4BR; vrbo:3274101; airbnb:835626031109305768",53 %,46 %,62 %,4,11,15,06 Sep 2026
402604,Daryl Nelson 159 (JC) -- Blessed Getaway: Theater+LakeView+GAMES!,TRUE,TRUE,available,hostaway,420,452.0,290,,6,Dandridge,5-6 Bedrooms,,"5-6BR,Group 1,HA1,JC,Key,NotKnox,Safely,Summer,TendwellCleaning,Lily,SCounty,1-2BR Cabin,3-4BR; vrbo:4665420; airbnb:1447160786534185718",80 %,87 %,64 %,0,0,0,11 Aug 2026
268175,"Andres Armienta 4108 (SCounty) -- Fox Hunters Haven: Putt-Putt, Theater, & Arcade!",FALSE,TRUE,hidden,hostaway,380,,,,4,Sevierville,,,"Blocked Calendar,SCounty,HA3,1-2BR Cabin,3-4BR,BlessedCleaningTyler,Group 1,HA5,Kyle,NotKnox; vrbo:4018152",100 %,100 %,Fully Blocked,0,0,0,27 Mar 2025
403210,Jamie Braddy 810 (GAT) -- Views Galore! HotTub+Theater+PetsWelcome Sleeps 22,FALSE,TRUE,hidden,hostaway,684,,625,,9,Gatlinburg,Cabins/Houses (7+ Bedrooms),,"7+BR,GAT,Group 1,HA1,Key,Lily,NotKnox,Pet,Safely,TendwellCleaning,SCounty,1-2BR Cabin,3-4BR; vrbo:4702841; airbnb:1452267370795718597",100 %,100 %,Fully Blocked,0,0,0,01 Jul 2026
403224,"Rachel Turbyville 2244 (SCounty) -- Tucked Inn: Hot Tub, Grill, Fireplace & MORE!",FALSE,TRUE,hidden,hostaway,145,,95,,3,Sevierville,1-4BR Cabins / House,3-4 Bedrooms,"Group 1,HA1,Lily,NotKnox,Safely,SCounty,TendwellCleaning,3-4BR,1-2BR Cabin; vrbo:4713111",100 %,100 %,Fully Blocked,0,0,0,04 Mar 2026
403233,"Rachel Turbyville 2246 (SCounty) -- Jeremiahs Lodge: Pet Friendly, Grill, Fireplace, MORE!",FALSE,TRUE,hidden,hostaway,165,,98,,3,Sevierville,1-4BR Cabins / House,3-4 Bedrooms,"Group 1,HA1,Lily,NotKnox,Pet,Safely,SCounty,TendwellCleaning,3-4BR,1-2BR Cabin; vrbo:4717141; airbnb:1446530964512080382",100 %,100 %,Fully Blocked,0,0,0,27 Apr 2026
403310,Brandon Brown 207 (GAT) -- Stunning Mountain Views with Community Amenities!,TRUE,TRUE,available,hostaway,100,97.0,100,,2,Gatlinburg,1-4 BR with MINIMUM REQUESTS,1-2 Bedroom Condos,"1-2BR Condo,GAT,Group 3,HA1,Junior,Lily,NotKnox,Safely,BlessedCleaningTyler,SCounty,1-2BR Cabin,3-4BR,Group 2,min rate; vrbo:4677717; airbnb:1451493047554986781",8 %,6 %,11 %,2,3,7,01 Sep 2026
403669,"David Butler 2046 (GAT) Climbing to NEW Heights: Hot Tub, Theater, Games! -- Climbing to NEW Heights: Hot Tub, Theater, Games!",FALSE,TRUE,hidden,hostaway,,,,,,Sevierville,,,"1-2BR Cabin,3-4BR,GAT,Group 2,HA1,NotKnox,TendwellCleaning",100 %,100 %,Fully Blocked,0,0,0,
406536,"Nancy Nguyen 2832 (PF) -- Smoky Crest: Hot Tub, Pool, Foosball, Grill, MORE!",FALSE,TRUE,hidden,hostaway,210,,110,,3,Pigeon Forge,1-4BR Cabins / House,3-4 Bedrooms,"Blocked Calendar,PF,Group 2,HA1,NotKnox,Safely,Summer,HA3,SCounty,1-2BR Cabin,3-4BR; airbnb:1460980221569156505",100 %,100 %,Fully Blocked,0,0,0,28 Dec 2025
407952,Jeanine Spangler 1150 (SCounty) -- Smokies Sanctuary | Hot Tub | Fireplace | FirePit!,FALSE,TRUE,hidden,hostaway,135,,75,,2,Sevierville,1-4BR Cabins / House,1-2 Bedroom Cabins,"1-2BR Cabin,Group 2,HA1,Lily,NORMAL,NotKnox,Safely,SCounty,TendwellCleaning,3-4BR; vrbo:4734646",100 %,100 %,Fully Blocked,0,0,0,12 Mar 2026
408382,Priya Dhawan 2534 (SCounty) -- Brand New~Luxury Lodge~Views~Pool~Golf Sim~Hot Tub,TRUE,TRUE,available,hostaway,1310,1301.0,420,3000,7,Sevierville,Luxury Cabins/Houses (5-6 Bedrooms),,"7+BR,Group 1,HA6,NotKnox,Safely,SCounty,TendwellCleaning,Lily,HA3,1-2BR Cabin,3-4BR,Jordan,Stillwater; vrbo:5037147; airbnb:1455864320309618130",62 %,52 %,73 %,1,1,1,04 Sep 2026
409413,Ramesh Kumar 772 (GAT) -- Bearfoot Ridge: Hot Tub | Game Room | MTN Views!,TRUE,TRUE,available,hostaway,240,237.0,100,,3,Gatlinburg,1-4BR Cabins / House,3-4 Bedrooms,"3-4BR,GAT,Group 2,HA1,Katie,NotKnox,Safely,Summer,SCounty,1-2BR Cabin,TendwellCleaning; vrbo:4752171; airbnb:1467537714524511897",52 %,39 %,69 %,3,12,12,05 Sep 2026
409426,"Nick Jacoby 440 (PCenter) -- The Treasure Of Tennessee: View, 2 Hot Tubs, Pool!",TRUE,TRUE,available,hostaway,380,400.0,230,,6,Pittman Center,5-6 Bedrooms,,"5-6BR,Group 1,HA1,Key,Lily,NotKnox,PC,PCenter,Safely,TendwellCleaning,SCounty,1-2BR Cabin,3-4BR; vrbo:4717234; airbnb:1466755716682405400",27 %,21 %,29 %,3,7,12,05 Sep 2026
411807,Matt Painter 2104 (KCity) -- Cozy Corner: Spacious Area & Outdoor Lounges!,TRUE,TRUE,available,hostaway,133,130.0,90,,3,Knoxville,Knox All listing,Knox 3-4BR,"Group 3,HA2,KCity,MadersCleaningTeresa,Regina,Safely,KnoxStaytion,3-4BR,SCounty,1-2BR Cabin,Group 2; vrbo:4721113; airbnb:1467401184134041182",10 %,7 %,13 %,1,0,10,26 Aug 2026
413965,Jenn Sackenheim 112-B3 (KCity) -- Stylish Loft on South Gay | Downtown Knoxville,TRUE,TRUE,available,hostaway,132,127.0,75,,1,Knoxville,Knox All listing,Knox 1-2BR,"1-2BR Condo,Group 3,HA2,KCity,MadersCleaningTeresa,Safely,Blocked Calendar,SCounty,HA3,1-2BR Cabin,3-4BR; vrbo:5325344; airbnb:1699346368890855251",18 %,12 %,24 %,3,6,11,05 Sep 2026
415225,"Jeanine Patterson 1161 (GAT) -- Smoky Hearth Retreat: Pool, Hot Tub, Games & MORE!",TRUE,TRUE,available,hostaway,125,134.0,85,,3,Gatlinburg,1-4BR Cabins / House,3-4 Bedrooms,"GAT,Group 2,HA1,Lily,NORMAL,NotKnox,Safely,TendwellCleaning,3-4BR,SCounty,1-2BR Cabin; vrbo:4791487; airbnb:1475387421235216136",58 %,42 %,30 %,1,3,3,03 Sep 2026
418398,Robin Lall 3931 (SCounty) -- HoneyscapeTreehouse:HotTub+IntimateGetaway,TRUE,TRUE,available,hostaway,225,215.0,100,,1,Sevierville,1-4BR Cabins / House,1-2 Bedroom Cabins,"1-2BR Cabin,Group 2,HA1,NotKnox,Safely,SCounty,Summer,3-4BR,TendwellCleaning; vrbo:4786116; airbnb:1483341472665038848",63 %,50 %,68 %,3,0,13,24 Aug 2026
422503,"Karen Wanamarta 3736 (SCounty) -- Dolly's Darling Cabin | Views, Hot Tub, Game Area!",TRUE,TRUE,available,hostaway,210,210.0,105,,4,Sevierville,1-4BR Cabins / House,3-4 Bedrooms,"Group 2,HA1,Katie,NORMAL,NotKnox,Safely,SCounty,TendwellCleaning,3-4BR,Lily,1-2BR Cabin; vrbo:4771929; airbnb:1487824812857872070",57 %,49 %,62 %,1,0,3,26 Aug 2026
422587,"Jerry Pegram 2137 (SCounty) -- Secluded Cabin: Hot Tub, Fireplace, GameRoom, Pet Friendly",TRUE,TRUE,available,hostaway,200,215.0,100,,3,Sevierville,1-4BR Cabins / House,3-4 Bedrooms,"Group 2,HA1,NotKnox,Safely,SCounty,TendwellCleaning,Summer,3-4BR,1-2BR Cabin,BlessedCleaningTyler; vrbo:4857137; airbnb:1500811441674438606",72 %,81 %,64 %,4,6,15,03 Sep 2026
423924,"Patty Cloninger 2208 (SCounty) -- Peaceful Retreat: Hot Tub, Grill, Fireplace & MORE",TRUE,TRUE,available,hostaway,135,129.0,90,,2,Sevierville,1-4BR Cabins / House,1-2 Bedroom Cabins,"1-2BR Cabin,Group 2,HA1,Lily,NotKnox,Safely,SCounty,TendwellCleaning,NORMAL,3-4BR; vrbo:4909204; airbnb:1496499601296237112",57 %,38 %,67 %,0,0,0,13 Aug 2026
423929,Patrick Lannon 210 (KCity) -- Highway Vintage | Boutique City Escape,TRUE,TRUE,available,hostaway,196,195.0,250,,2,Knoxville,1-4 BR with MINIMUM REQUESTS,Knox 1-2BR,"1-2BR Condo,Group 2,HA2,KCity,Regina,Safely,KnoxStaytion,SCounty,1-2BR Cabin,3-4BR; vrbo:4883466; airbnb:1502221068953498404",33 %,27 %,31 %,2,0,7,29 Aug 2026
431015,"Bob Surak 2010 (SCounty) -- Rustic Cove: Views, Hot Tub, Theater & Game Room!",TRUE,TRUE,available,hostaway,285,298.0,149,,5,Sevierville,5-6 Bedrooms,,"5-6BR,Group 2,HA1,Lily,NORMAL,NotKnox,Safely,SCity,SCounty,BlessedCleaningTyler,1-2BR Cabin,3-4BR; vrbo:4864186; airbnb:1506577695949789522",52 %,41 %,60 %,1,2,2,04 Sep 2026
95465,Karim Boghani 110-1 (KCity) -- Cozy Old City Loft - Minutes from Market Square,FALSE,TRUE,hidden,hostaway,200,,,,2,Knoxville,,,"Blocked Calendar,HA2,KCity,KnoxStaytion,HA3,SCounty,1-2BR Cabin,1-2BR Condo,3-4BR,EasyBNBAmanda,Group 2,Kyle,NotKnox; vrbo:2657808",100 %,100 %,Fully Blocked,0,0,0,27 Apr 2025
95675,Karim Boghani 110-2 (KCity) -- Bright Old City Loft,FALSE,TRUE,hidden,hostaway,190,,,,2,Knoxville,,,"Blocked Calendar,HA2,KCity,KnoxStaytion,HA3,SCounty,1-2BR Cabin,1-2BR Condo,3-4BR,EasyBNBAmanda,Group 2,Kyle,NotKnox; vrbo:2657809",100 %,100 %,Fully Blocked,0,0,0,20 Apr 2025
431878,"Jeff Winberry 2627 (BC) -- White Lodge, 4BD, Sleeps 8 w/Fire Pit, Close to TYS",TRUE,TRUE,available,hostaway,235,225.0,110,,4,Maryville,Knox All listing,Knox 3-4BR,"3-4BR,BC,Group 3,HA1,NotKnox,Regina,Safely,SCounty,1-2BR Cabin,Group 2,TurnoverProDonnita; vrbo:4875303; airbnb:1510810725831113013",28 %,22 %,38 %,4,9,15,02 Sep 2026
432526,"Daniel Shepherd 1931 (SCounty) -- Smokies Mountain Charm: Views, Hot Tub, Game Room!",TRUE,TRUE,available,hostaway,155,158.0,90,,2,Sevierville,1-4BR Cabins / House,1-2 Bedroom Cabins,"1-2BR Cabin,Group 1,HA1,Safely,Summer,TendwellCleaning,SCounty,NotKnox,PF; vrbo:5021705; airbnb:1557411243649201487",63 %,42 %,67 %,0,0,0,21 Aug 2026
432546,Simon Shanco 1626 (GAT) -- Smoky Whispers: Hot Tub+PoolTable+Grill+PETS!,TRUE,TRUE,available,hostaway,180,180.0,90,,2,Gatlinburg,1-4BR Cabins / House,1-2 Bedroom Condos,"1-2BR Condo,GAT,Group 2,HA1,NotKnox,Regina,Safely,SCounty,TendwellCleaning; vrbo:4877683; airbnb:1518928763163347361",82 %,60 %,75 %,2,3,7,31 Aug 2026
432553,"Kerry Doane 3005 (SCounty) -- Secluded Cabin w/ Mountain Views, Hot Tub, + Games",FALSE,TRUE,hidden,hostaway,190,204.0,97,,3,Sevierville,1-4BR Cabins / House,3-4 Bedrooms,"Group 1,HA1,NotKnox,Safely,SCounty,Summer,TendwellCleaning; vrbo:4922307; airbnb:1537736101383677304",100 %,100 %,Fully Blocked,0,0,0,24 Jul 2026
432565,David Artuso 69 -- Smokies Ridge Cabin,TRUE,TRUE,available,hostaway,200,200.0,105,,2,Sevier County,1-4BR Cabins / House,1-2 Bedroom Cabins,"1-2BR Cabin,Blocked Calendar,HA1,Safely,Summer,SCounty,NotKnox; airbnb:1508727552775966820",100 %,100 %,Fully Blocked,0,0,0,
434009,"Bobby Nicely 1132 (SCounty) -- Fireside Lodge: Lake View, HotTub, Comm Pool+Games",TRUE,TRUE,available,hostaway,135,135.0,90,,3,Sevierville,1-4BR Cabins / House,3-4 Bedrooms,"Group 2,HA1,Lily,NotKnox,Safely,SCounty,TendwellCleaning,3-4BR,NORMAL,1-2BR Cabin; vrbo:4922306; airbnb:1513865651097655952",22 %,17 %,27 %,2,0,5,28 Aug 2026
434010,"Mohan Thorat 2424 (SCounty) -- The Real McCoy | Epic Views, Hot Tub, Arcade!",TRUE,TRUE,available,hostaway,260,241.0,95,,3,Sevierville,1-4BR Cabins / House,3-4 Bedrooms,"Group 2,HA1,Katie,NORMAL,NotKnox,Safely,SCounty,TendwellCleaning,SCity; vrbo:4922308; airbnb:1521827368510833056",73 %,58 %,87 %,1,0,4,23 Aug 2026
434011,Janet Briel 316 (KCity) -- Cityscape Townhouse: Near Market Square & Downtown,TRUE,TRUE,available,hostaway,150,148.0,115,,2,Knoxville,Knox All listing,Knox 1-2BR,"1-2BR Condo,Group 2,HA2,knoxville,Regina,Safely,TurnoverProDonnita,KnoxStaytion,1-2BR Cabin,HA1,NotKnox,SCounty,KCity; vrbo:4914041; airbnb:1516792285453393674",27 %,37 %,24 %,2,2,8,03 Sep 2026
436020,"Rick Norris 1712 (SCounty) -- Warm Modern Lodge: Hot Tub, Fireplace & Pacman!",TRUE,TRUE,available,hostaway,120,121.0,80,,2,Sevierville,1-4BR Cabins / House,1-2 Bedroom Cabins,"1-2BR Cabin,Group 2,HA1,NotKnox,Regina,Safely,SCounty; vrbo:4883473; airbnb:1518189021020194226",65 %,43 %,76 %,2,4,8,30 Aug 2026
436992,"Juan Nunez 3272 (SCounty) -- Rustic RidgeView: Hot Tub, Grill, Foosball & More!",TRUE,TRUE,available,hostaway,120,118.0,90,,3,Sevierville,1-4BR Cabins / House,3-4 Bedrooms,"Group 1,HA1,Katie,NotKnox,Safely,SCounty,TendwellCleaning,Regina,3-4BR; vrbo:4904759; airbnb:1528296981417954550",28 %,28 %,36 %,1,3,3,04 Sep 2026
436996,"Lauren Dela Cruz 1550 (SCounty) -- Pitch Perfect: View, Hot Tub, Games, Pool & MORE",TRUE,TRUE,available,hostaway,245,244.0,95,,3,Sevierville,1-4BR Cabins / House,3-4 Bedrooms,"Group 1,HA1,NotKnox,SCounty,Summer,Safely,3-4BR; vrbo:4904757; airbnb:1526974154265869679",82 %,88 %,56 %,2,6,6,02 Sep 2026
436999,"Lauren Dela Cruz 526 (PF) -- Bearly Behavin | Hot Tub, Pool, Arcade Game, MORE",TRUE,TRUE,available,hostaway,220,224.0,100,,2,Pigeon Forge,1-4BR Cabins / House,1-2 Bedroom Cabins,"1-2BR Cabin,3-4BR,Group 1,HA1,PF,Summer,TendwellCleaning,Safely,SCounty,NotKnox; vrbo:4904754; airbnb:1526839236376685893",88 %,92 %,72 %,0,0,0,06 Sep 2026
437003,"Krista Fontana 2779 (SCounty) -- Sleeps 10, HotTub, Game Room, Views, Pet Friendly",TRUE,TRUE,available,hostaway,200,171.0,100,,4,Sevierville,1-4BR Cabins / House,3-4 Bedrooms,"Group 1,HA1,NotKnox,Safely,SCounty,Summer,TendwellCleaning,3-4BR,HA3; vrbo:4914040; airbnb:1537011831805109953",65 %,57 %,60 %,0,0,0,11 Aug 2026
444432,"Laurie Keenan 3428 (JC) -- Whiskey Cove: Lakefront, 2 Fireplaces, 2 FirePits",TRUE,TRUE,available,hostaway,145,133.0,95,,3,3428 White Pine,1-4BR Cabins / House,3-4 Bedrooms,"3-4BR,Group 2,HA1,JC,NotKnox,Regina,TendwellCleaning,NORMAL,Safely; vrbo:4942949; airbnb:1542100392956379191",15 %,10 %,18 %,0,0,0,12 Jul 2026
445961,"Emily Korte 1114 (SCounty) -- Bluebird Escape| Rooftop Deck, Cozy, Insane Views!",FALSE,TRUE,hidden,hostaway,140,,80,,2,Sevierville,1-4 BR with MINIMUM REQUESTS,,"Group 2,HA1,Katie,NORMAL,NotKnox,SCounty,TendwellCleaning,BlessedCleaningTyler,1-2BR Cabin,Safely,min rate; vrbo:4958680; airbnb:1552962945872163491",100 %,100 %,Fully Blocked,0,0,0,21 May 2026
447892,"Patrick Hurd 1825 (SCounty) -- Sunshine Cottage: Hot Tub, Game Room, Grill, MORE!",TRUE,TRUE,available,hostaway,165,165.0,100,,3,Sevierville,1-4BR Cabins / House,3-4 Bedrooms,"3-4BR,Group 2,HA1,Katie,Pet,SCounty,TendwellCleaning; vrbo:5084475; airbnb:1609364815734710865",27 %,29 %,24 %,2,6,10,01 Sep 2026
449759,"Laurie Keenan Combo 2587/2589 (SCounty) -- Whiskey Duo: 2 Cabins SidebySide, HotTubs, Firepit",TRUE,TRUE,available,hostaway,160,141.0,90,,3,Sevierville,1-4BR Cabins / House,3-4 Bedrooms,"3-4BR,Group 2,HA1,NotKnox,Regina,Safely,SCounty,TendwellCleaning; vrbo:4942950; airbnb:1547198600320116282",82 %,72 %,82 %,0,0,0,14 Aug 2026
451786,Matt Dye 903 -- Hidden Cabin Quest,FALSE,TRUE,hidden,hostaway,301,,130,,3,Gatlinburg,1-4BR Cabins / House,3-4 Bedrooms,"Group 2,HA1,NotKnox; airbnb:1551825689644866521",100 %,100 %,Fully Blocked,0,0,0,
453233,"Sarah Pearce 2622 (SCounty) -- High Cotton | Epic Views, Hot Tub, & Pool Table!",TRUE,TRUE,available,hostaway,150,147.0,95,,3,Sevierville,1-4BR Cabins / House,3-4 Bedrooms,"Group 2,HA1,Katie,NORMAL,NotKnox,BlessedCleaningTyler; vrbo:5007051; airbnb:1556571696853225996",30 %,22 %,40 %,0,0,0,12 Aug 2026
454793,Siobhan Belgiovene 1820 (SCounty) -- Little Woods Cabin | Family-Friendly w/ Games!,TRUE,TRUE,available,hostaway,130,113.0,80,,2,Sevierville,1-4BR Cabins / House,1-2 Bedroom Cabins,"1-2BR Cabin,Group 3,HA4,Junior,Lily,NotKnox,SCounty,TendwellCleaning,HA1; vrbo:5049196",25 %,17 %,33 %,3,11,14,05 Sep 2026
454800,"Raman Gurai 1118 (PF) -- The Wedded Nest | Views, Huge, Hot Tub, Game Room!",TRUE,TRUE,available,hostaway,420,424.0,205,,5,Pigeon Forge,5-6 Bedrooms,,"5-6BR,Group 1,HA4,NotKnox,PF,Summer,BlessedCleaningTyler,HA1; vrbo:5007045; airbnb:1571720182664033292",65 %,51 %,64 %,4,3,14,05 Sep 2026
457014,Lindsey Burch 110-B (KCity) -- The Luxe Loft | Knoxville,TRUE,TRUE,available,hostaway,140,141.0,80,,1,Knoxville,Knox All listing,Knox 1-2BR,"1-2BR Condo,Group 1,HA2,KCity,MadersCleaningTeresa,Regina,KnoxStaytion; vrbo:5104063; airbnb:1617605411917425640",32 %,21 %,42 %,4,4,9,05 Sep 2026
457025,Lindsey Burch 110-A (KCity) -- Old City Loft | Knoxville,TRUE,TRUE,available,hostaway,150,148.0,90,,2,Knoxville,Knox All listing,Knox 1-2BR,"1-2BR Condo,Group 1,HA2,KCity,MadersCleaningTeresa,KnoxStaytion; vrbo:5104062; airbnb:1618153120096109580",23 %,21 %,31 %,5,5,9,05 Sep 2026
458087,Eric Fleming 1260-6203 (GAT) -- Ski View LookOut: EPIC VIEWS! Community Amenities!,TRUE,TRUE,available,hostaway,110,115.0,75,,2,Gatlinburg,1-4BR Cabins / House,1-2 Bedroom Condos,"1-2BR Condo,GAT,Group 2,HA1,Lily,NotKnox,TendwellCleaning; vrbo:5236855; airbnb:1665995498731347262",40 %,27 %,53 %,1,0,7,25 Aug 2026
461618,"Jeff Albaum 215 (BC) -- The WoodView Hideaway | Hot Tub, Game Room & MORE!",TRUE,TRUE,available,hostaway,160,136.0,100,,4,Townsend,1-4BR Cabins / House,3-4 Bedrooms,"3-4BR,BC,Group 2,HA4,NotKnox; vrbo:5021704; airbnb:1568980668075594993",48 %,53 %,64 %,4,22,22,05 Sep 2026
465438,"Annie Wang 904 (SCounty) -- Peak View Retreat | Spacious, Hot Tub, Game Room!",TRUE,TRUE,available,hostaway,280,273.0,110,,3,Sevierville,1-4BR Cabins / House,3-4 Bedrooms,"3-4BR,Group 2,HA4,Lily,NotKnox,Safely,SCounty,TendwellCleaning; vrbo:5029817; airbnb:1587769001745653344",65 %,56 %,71 %,7,21,33,05 Sep 2026
465445,"Jake Cowley 745 (PF) -- Whisperwood Lodge | Hot Tub, Arcade, 2 Fireplace!",TRUE,TRUE,available,hostaway,200,161.0,85,,2,Pigeon Forge,1-4BR Cabins / House,1-2 Bedroom Cabins,"1-2BR Cabin,Group 2,HA4,Lily,NotKnox,PF,Safely,TendwellCleaning; vrbo:5049198; airbnb:1592849227526327168",55 %,41 %,56 %,11,14,36,06 Sep 2026
466115,"Duane Reeder 136 (BC) -- Above the Clouds | Views, Hot Tub, Grill, Games!",TRUE,TRUE,available,hostaway,210,210.0,105,,4,Townsend,1-4BR Cabins / House,1-2 Bedroom Cabins,"3-4BR,BC,BCounty,Group 2,HA4,Katie,NotKnox,TendwellCleaning; vrbo:5049199; airbnb:1594292459120525692",58 %,46 %,62 %,3,7,10,30 Aug 2026
467671,"Raju Kalidindi 2685 (SCounty) -- Serene Mountain Cabin | Hot Tub, 2Fireplace, Grill",TRUE,TRUE,available,hostaway,200,190.0,150,,5,Sevierville,5-6 Bedrooms,,"5-6BR,Group 2,HA4,Katie,NORMAL,NotKnox,SCounty,TendwellCleaning; vrbo:5049197; airbnb:1597853234444129703",8 %,9 %,11 %,2,6,6,04 Sep 2026
473137,Priya Dhawan 2534 - 2 (SCounty) -- Golf Sim+Pool+Hot tub+Games+Grill+Fireplace+More!,TRUE,TRUE,available,hostaway,1050,1092.0,800,2500,2,Sevierville,Luxury Cabins/Houses (3-4 Bedrooms),,airbnb:1592906594040309022,62 %,52 %,73 %,1,2,2,03 Sep 2026
473513,"Sharon Holderman 1523 (SCounty) -- Eagle's Sky View | Peaceful, Cozy with Hot Tub!",TRUE,TRUE,available,hostaway,150,150.0,95,,2,Sevierville,1-4BR Cabins / House,1-2 Bedroom Cabins,"1-2BR Cabin,Group 2,HA4,NotKnox,TendwellCleaning; vrbo:5069972; airbnb:1599348862725310366",67 %,44 %,76 %,3,13,13,03 Sep 2026
473518,"Ken Brown 510 (GAT) -- Bear Trax Retreat | Fireplace, Grill, & Arcade!",FALSE,TRUE,hidden,hostaway,150,,105,,4,Gatlinburg,1-4BR Cabins / House,3-4 Bedrooms,"3-4BR,GAT,Group 2,HA4,Lily,NORMAL,NotKnox,TendwellCleaning; vrbo:5069974; airbnb:1596993893747374236",100 %,100 %,Fully Blocked,0,0,0,03 Jul 2026
473977,"Derek Trainer 1687 (GAT) -- Locklyn's Loft | Views, Hot Tub, Game Room & MORE!",TRUE,TRUE,available,hostaway,140,150.0,90,,2,Gatlinburg,1-4BR Cabins / House,1-2 Bedroom Cabins,"1-2BR Cabin,GAT,Group 2,HA4,NotKnox,Regina,TendwellCleaning,Lily; vrbo:5069985; airbnb:1598579691240545741",88 %,92 %,81 %,3,3,14,05 Sep 2026
474437,"Rob Byun 2013 (PF) -- Smoky Dream Lodge: Heated Pool, Hot Tub & Games!",TRUE,TRUE,available,hostaway,450,466.0,230,,5,Pigeon Forge,5-6 Bedrooms,,"5-6BR,Group 2,NORMAL,NotKnox,Pet,PF,Summer,TendwellCleaning,3-4BR; vrbo:5080620; airbnb:1612380137032362113",63 %,52 %,71 %,1,4,4,03 Sep 2026
475432,Gloria Hevey 1208 -- Ski View Peaks,FALSE,TRUE,hidden,hostaway,116,116,100,,2,Gatlinburg,1-4BR Cabins / House,1-2 Bedroom Cabins,NotKnox; airbnb:1597289727038233571,100 %,100 %,Fully Blocked,0,0,0,
475435,"Jason Barton 750 (GAT) -- Bear Point - The Meeting Place w/ Hot Tub, Games!",TRUE,TRUE,available,hostaway,170,177.0,95,,3,Gatlinburg,1-4BR Cabins / House,3-4 Bedrooms,"GAT,Group 2,HA1,Katie,NotKnox,TendwellCleaning; vrbo:5086378; airbnb:1609544807454924126",43 %,34 %,53 %,0,0,0,21 Aug 2026
476929,Bonnie Olsten 317 (SCounty) -- A Dolly Good Time with Fireplace and Game Room!,FALSE,TRUE,hidden,hostaway,145,,90,,2,Sevierville,1-4BR Cabins / House,1-2 Bedroom Cabins,"1-2BR Cabin,Group 3,HA1,Lily,SCounty,TendwellCleaning,HA4; vrbo:5151879",100 %,100 %,Fully Blocked,0,0,0,05 May 2026
478090,"Laura Earl 1117 (SCounty) -- Perfect Cabin in Paradise: Hot Tub, Pool, Games!",TRUE,TRUE,available,hostaway,200,210.0,110,,3,Sevierville,1-4BR Cabins / House,3-4 Bedrooms,"3-4BR,Group 1,HA1,NotKnox,SCounty,Summer,TendwellCleaning; vrbo:5146871; airbnb:1623995278382109591",35 %,30 %,47 %,0,0,0,14 Aug 2026
478417,Gabriel Brittin 2060 -- Just minutes from Dollywood,FALSE,TRUE,hidden,hostaway,160,160,110,,2,Sevierville,1-4BR Cabins / House,1-2 Bedroom Cabins,airbnb:1603644919312343522,100 %,100 %,Fully Blocked,0,0,0,
480709,Laura Gill 327-304 (KCity) -- Beautiful Condo Downtown Knox,TRUE,TRUE,available,hostaway,154,159.0,120,,2,Knoxville,Knox All listing,Knox 1-2BR,"1-2BR Condo,Group 2,HA2,knoxville,MadersCleaningTeresa; vrbo:5146879; airbnb:1630456089159613689",43 %,33 %,58 %,2,0,7,24 Aug 2026
482838,"Troy Mowery 3452 (PF) -- Overwatch: HUGE Game Room, Hot Tub, FirePit, &More",TRUE,TRUE,available,hostaway,330,232.0,150,,5,Pigeon Forge,5-6 Bedrooms,,"3-4BR,Group 2,NotKnox,Summer; vrbo:5452958; airbnb:1749343598545943846",63 %,64 %,64 %,33,24,149,31 Aug 2026
484286,"Su-Tang Lo 4005 (SCounty) -- Dolly's Outdoor Oasis - Hot Tub, Sauna & More!",TRUE,TRUE,available,hostaway,190,180.0,100,,3,Sevierville,1-4BR Cabins / House,3-4 Bedrooms,"Group 2,HA1,Katie,NotKnox,SCounty,TendwellCleaning; vrbo:5149924; airbnb:1635507235764990496",55 %,37 %,58 %,0,0,0,21 Aug 2026
484372,"Rebecca Eisenback 1152 (BC) -- Mountain Top Getaway: Hot Tub, Grill, Games & Pool",TRUE,TRUE,available,hostaway,230,224.0,100,,3,Townsend,1-4BR Cabins / House,3-4 Bedrooms,"3-4BR,BC,Group 2,HA1,NotKnox,Summer,TendwellCleaning; vrbo:5106346; airbnb:1618239412999983648",53 %,49 %,67 %,0,0,0,03 Aug 2026
484695,Megan Hatcher 255-202 (KCity) -- Gay Street Getaway | Prime Location in Knoxville,TRUE,TRUE,available,hostaway,160,158.0,98,,1,Knoxville,Knox All listing,Knox 1-2BR,"Group 2,MadersCleaningTeresa; vrbo:5377770; airbnb:1720518051527797846",17 %,11 %,22 %,1,0,3,27 Aug 2026
484697,Lindsey Hatcher 255-200 (KCity) -- South Gay Skyline | Prime Location in Knoxville,TRUE,TRUE,available,hostaway,150,146.0,100,,2,Knoxville,Knox All listing,Knox 1-2BR,"Group 2,MadersCleaningTeresa; vrbo:5377766; airbnb:1721035367469448371",58 %,46 %,60 %,7,11,20,06 Sep 2026
485423,"Richard Wright 810 (GAT) -- Lookout Lodge: Views, Hot Tub, Games, 4 Fireplaces",TRUE,TRUE,available,hostaway,370,375.0,200,,6,Gatlinburg,5-6 Bedrooms,,"5-6BR,GAT,Group 2,HA1,NORMAL,NotKnox,Summer,TendwellCleaning; vrbo:5146865; airbnb:1623223765942867149",68 %,53 %,76 %,3,4,9,31 Aug 2026
485560,"Katie Smith 2880 (SCounty) -- Mountain Majesty: Views, Hot Tub, Games, Theater!",TRUE,TRUE,available,hostaway,180,182.0,100,,3,Sevierville,1-4BR Cabins / House,3-4 Bedrooms,"Group 2,HA1,Lily,NORMAL,NotKnox,SCounty,TendwellCleaning; vrbo:5126157; airbnb:1627577412593275399",57 %,50 %,64 %,1,0,6,24 Aug 2026
485771,"Richard Nevels 3286 (JC) -- Hill Top Retreat - Lake, Sauna, Hot Tub, Mtn View!",TRUE,TRUE,available,hostaway,200,219.0,100,,3,Dandridge,1-4BR Cabins / House,3-4 Bedrooms,"3-4BR,EliteCabinCare,Group 2,HA1,JC,NotKnox,Summer; vrbo:5104073; airbnb:1619616298869205293",35 %,23 %,47 %,2,3,8,03 Sep 2026
485969,"Nathan Frame 4530 (SCounty) -- Perfect Smokies Escape - Park View, Hot Tub & More",TRUE,TRUE,available,hostaway,195,195.0,90,,2,Sevierville,1-4BR Cabins / House,1-2 Bedroom Cabins,"1-2BR Cabin,Group 3,HA1,Katie,NotKnox,Pet,SCity,TendwellCleaning; vrbo:5104076; airbnb:1620279797310117206",50 %,38 %,67 %,3,10,12,06 Sep 2026
332071,"Monte Leonhart 534 (GAT) -- Mystical Mornings: Hot Tub, Arcade, & More!",FALSE,TRUE,hidden,hostaway,210,,,,2,Gatlinburg,,,"1-2BR Cabin,Blocked Calendar,GAT,HA1,Summer,BlessedCleaningTyler; vrbo:4341285; airbnb:1295054209527117730",100 %,100 %,Fully Blocked,0,0,0,05 Nov 2025
491160,"Travis Anders 1437 (SCounty) -- Smokies Twin Rock-Views, Game Room, Hot Tub& More!",TRUE,TRUE,available,hostaway,240,237.0,110,,4,Sevierville,1-4BR Cabins / House,3-4 Bedrooms,"3-4BR,Group 2,HA1,Lily,NotKnox,SCounty,TendwellCleaning; vrbo:5149925; airbnb:1635616669951283574",60 %,46 %,64 %,2,0,7,29 Aug 2026
491167,"Teresa Wentz 4161 (SCounty) -- Dancing Bear - Views, Hot Tub, Grill, & Games!",TRUE,TRUE,available,hostaway,160,151.0,88,,2,Sevierville,1-4BR Cabins / House,1-2 Bedroom Cabins,"1-2BR Cabin,Group 2,HA1,Katie,NORMAL,NotKnox,SCounty,TendwellCleaning; vrbo:5283047; airbnb:1679067865455402800",63 %,42 %,60 %,2,7,7,04 Sep 2026
491503,Cale Hanie 6617 (BC) -- Townsend Charm: River View Historic Log Cabin!,TRUE,TRUE,available,hostaway,150,150.0,90,,3,Townsend,1-4BR Cabins / House,3-4 Bedrooms,"3-4BR,BC,Group 2,HA1,Katie,NotKnox,TendwellCleaning; vrbo:5163173; airbnb:1634775013960156494",63 %,46 %,62 %,2,0,8,24 Aug 2026
494261,"Billie Armstrong 2915 (PF) -- NEW Build - Smokies Haven w/ Hot Tub, Games, MORE",TRUE,TRUE,available,hostaway,285,294.0,100,,3,Pigeon Forge,1-4BR Cabins / House,3-4 Bedrooms,"Group 2,HA1,NotKnox,Pet,PF,TendwellCleaning; vrbo:5201248; airbnb:1649312736745894848",73 %,61 %,76 %,1,0,7,25 Aug 2026
494265,"Thom Capps 542 (GAT) -- Memory Maker Lodge:Hot Tub, Multicade, Grill, MORE",TRUE,TRUE,available,hostaway,220,212.0,105,,4,Gatlinburg,1-4BR Cabins / House,3-4 Bedrooms,"3-4BR,GAT,Group 2,HA1,Katie,NotKnox,TendwellCleaning; vrbo:5217218; airbnb:1658738277575226384",35 %,31 %,44 %,1,0,2,23 Aug 2026
494274,"Paul Ganev 1073 (SCounty) -- Picturesque MTN Escape: Hot Tub, Pool, Game Room!",TRUE,TRUE,available,hostaway,200,206.0,100,,4,Sevierville,1-4BR Cabins / House,3-4 Bedrooms,"3-4BR,Group 2,HA1,Katie,NotKnox,SCounty,TendwellCleaning; vrbo:5219108; airbnb:1660916300898419100",37 %,33 %,36 %,2,3,8,02 Sep 2026
494307,"Heidi Schelton 247 (BC) -- Log Hollow | Hot Tub, Plenty of Games, Play Area!",TRUE,TRUE,available,hostaway,270,290.0,130,,5,Townsend,5-6 Bedrooms,,"5-6BR,BC,Group 2,HA1,Katie,NotKnox,TendwellCleaning; vrbo:5272086; airbnb:1679837559852119284",40 %,27 %,44 %,2,0,8,27 Aug 2026
494315,"Thom Capps 1386-114 (GAT) -- Tranquility Skies | MTN View, Sauna, Jacuzzi, MORE",TRUE,TRUE,available,hostaway,150,141.0,85,,2,Gatlinburg,1-4BR Cabins / House,1-2 Bedroom Cabins,"GAT,Group 2,HA1,Katie,NotKnox,TendwellCleaning; vrbo:5217215; airbnb:1663796645813694059",57 %,39 %,67 %,1,0,2,26 Aug 2026
494319,"Adam Pike 1071 (PF) -- Relaxing Cabin: Views, Hot Tub, Theater, Games!",TRUE,TRUE,available,hostaway,380,399.0,210,,6,Pigeon Forge,5-6 Bedrooms,,"5-6BR,Group 2,HA1,Katie,NotKnox,PF,TendwellCleaning; vrbo:5213860; airbnb:1645762345641663453",57 %,43 %,58 %,6,7,21,01 Sep 2026
494328,"Hali Hoag 2140 (SCounty) -- Green Sky Lodge: Views, Hot Tub, Play Area & More!",TRUE,TRUE,available,hostaway,165,171.0,95,,3,Sevierville,1-4BR Cabins / House,3-4 Bedrooms,"3-4BR,Group 2,HA1,NotKnox,SCounty,TendwellCleaning; vrbo:5206500; airbnb:1657989301513504913",62 %,52 %,73 %,7,11,28,06 Sep 2026
260982,Jessica Slabaugh 614-5 (KCity) -- Downtown Knoxville Gem  Walk to Stadium & Gay St  King Bed + Free Parking!,FALSE,TRUE,hidden,hostaway,160,,,,1,Knoxville,,,"Blocked Calendar,KCity; vrbo:4030846",100 %,100 %,Fully Blocked,0,0,0,10 Nov 2025
260993,Jessica Slabaugh 614-3A (KCity) -- Historic Downtown Knoxville Condo  Walk to Neyland & Gay St,FALSE,TRUE,hidden,hostaway,140,,,,1,Knoxville,,,"Blocked Calendar,KCity; vrbo:3981557",100 %,100 %,Fully Blocked,0,0,0,27 Dec 2025
283854,"Jonatan and Freddy 2225 (SCounty) -- Rocky Crest: Sleeps 24, Private Pool, Game Room",FALSE,TRUE,hidden,hostaway,720,,,,8,Sevierville,,,"7+BR,Blocked Calendar,HA5,NotKnox,Safely,SCounty,SS,Summer,TendwellCleaning; vrbo:4119649; airbnb:1186192863410660071",100 %,100 %,Fully Blocked,0,0,0,03 Dec 2025
498061,"Amy Christopher 3303 (SCounty) -- Be Still: Hot Tub, Grill, Fireplace, Comm Pool!",TRUE,TRUE,available,hostaway,140,141.0,90,,2,Sevierville,1-4BR Cabins / House,1-2 Bedroom Cabins,"1-2BR Cabin,Group 2,HA1,SCounty,Summer,TendwellCleaning; vrbo:5217201; airbnb:1659608517185637665",58 %,39 %,69 %,5,9,22,04 Sep 2026
498421,"James Johnson 1250 (SCounty) -- Happy Hideaway | Hot Tub, Pool Table, Foosball & more!",TRUE,TRUE,available,hostaway,350,355.0,120,,4,Sevierville,1-4BR Cabins / House,3-4 Bedrooms,"3-4BR,Group 2,HA1,NotKnox,Regina,SCounty,BlessedCleaningTyler; vrbo:5191430; airbnb:1100675341897414927",72 %,53 %,69 %,0,0,0,17 Aug 2026
498422,"David Joyner 3136 (PF) -- Creekside Paradise w/ Game Room. Hot Tub, Fireplace!",TRUE,TRUE,available,hostaway,320,372.0,170,,5,Pigeon Forge,5-6 Bedrooms,,"5-6BR,Group 1,HA1,PF,Summer,TendwellCleaning; vrbo:5191431; airbnb:1387016329426096081",57 %,47 %,50 %,5,5,22,03 Sep 2026
500280,"Robert Miller 191 (Cocke County) -- Peaceful Cosby Retreat - Hot Tub, Grill, and More!",TRUE,TRUE,available,hostaway,80,80.0,65,,1,Cosby,1-4BR Cabins / House,1-2 Bedroom Cabins,"1-2BR Cabin,Cocke County,Group 3,HA2,NotKnox,TendwellCleaning; vrbo:5214106; airbnb:1663076149772348862",25 %,17 %,33 %,0,0,0,20 Aug 2026
502327,"Ricardo Robles 1254 (SCounty) -- Peaceful Nest: Hot Tub, Fireplace, Fire Pit & MORE",TRUE,TRUE,available,hostaway,110,112.0,90,,3,Sevierville,1-4BR Cabins / House,1-2 Bedroom Cabins,"3-4BR,Group 2,HA1,Lily,NotKnox,SCounty,TendwellCleaning; vrbo:5217243; airbnb:1659442640486009539",43 %,29 %,36 %,2,4,7,05 Sep 2026
114808,Cindy Standsberry 2572 (PF) -- Highland Forest Cabins - Duo Cabin Retreat!,FALSE,TRUE,hidden,hostaway,270,,,,5,Pigeon Forge,,,"Blocked Calendar,PF; vrbo:2982881",100 %,100 %,Fully Blocked,0,0,0,23 Dec 2025
504537,"Catherine Nelms 1274 (GAT) -- Ober Overlook: Views, Pool, Hot Tub & Game Area!",FALSE,TRUE,hidden,hostaway,335,,120,,3,Gatlinburg,1-4BR Cabins / House,3-4 Bedrooms,"3-4BR,GAT,Group 2,HA1,NotKnox,TendwellCleaning; vrbo:5214102; airbnb:1659557462377262120",100 %,100 %,100 %,0,0,0,07 Jul 2026
507465,Stephanie Keegan 1260-5307 (GAT) -- HighView Suites | Hot tub & Pool access!,TRUE,TRUE,available,hostaway,200,180.0,97,,3,Gatlinburg,1-4BR Cabins / House,3-4 Bedrooms,"3-4BR,GAT,Group 2,HA1,Katie,NotKnox,TendwellCleaning; vrbo:5242761; airbnb:1669627693337842433",62 %,53 %,53 %,4,10,13,05 Sep 2026
507467,Stephanie Keegan 1260-1306 (GAT) -- Skyfield Suites | Hot tub & Pool Access,TRUE,TRUE,available,hostaway,145,146.0,95,,3,Gatlinburg,1-4BR Cabins / House,3-4 Bedrooms,"3-4BR,GAT,Group 2,HA1,Katie,NotKnox,TendwellCleaning; vrbo:5242760; airbnb:1668193655920480858",45 %,37 %,47 %,2,3,6,03 Sep 2026
511571,"David Maningding 3809 (SCounty) -- Hillside Happiness: GameRoom, Grill, Firepit, MORE",TRUE,TRUE,available,hostaway,130,132.0,80,,2,Sevierville,1-4BR Cabins / House,1-2 Bedroom Cabins,"1-2BR Cabin,Group 2,HA1,NotKnox,Regina,SCounty,TendwellCleaning,Lily; vrbo:5242762; airbnb:1670344480412769909",55 %,37 %,64 %,2,6,6,05 Sep 2026
511593,Billie-Shaye Harper 2610 -- Ridgewood View,TRUE,TRUE,available,hostaway,230,230.0,110,,3,Sevierville,1-4BR Cabins / House,3-4 Bedrooms,"3-4BR,Group 2,HA1,NotKnox",100 %,100 %,Fully Blocked,0,0,0,
512035,John Kuvshinikov 2948 -- Pine Peak: Panoramic Mountain Views & Easy Access,TRUE,TRUE,available,hostaway,320,,130,,4,Sevierville,1-4BR Cabins / House,3-4 Bedrooms,"Group 2,HA1; airbnb:1757356309032768114",80 %,61 %,0 %,5,6,24,03 Sep 2026
512526,Mike Gunter 413-207 (GAT) -- Stylish 2025 Condo | Pool | Prime Downtown Spot,TRUE,TRUE,available,hostaway,135,145.0,80,,2,Gatlinburg,1-4BR Cabins / House,1-2 Bedroom Condos,"1-2BR Condo,GAT,Group 1,HA1,Key,TendwellCleaning; vrbo:5279129; airbnb:1676119375219865966",45 %,63 %,42 %,2,7,7,05 Sep 2026
512531,Mike Gunter 660 -- Gatlinburg Cabin,FALSE,TRUE,hidden,hostaway,189,189.0,110,,2,Gatlinburg,1-4BR Cabins / House,1-2 Bedroom Cabins,"1-2BR Cabin,Group 1,HA1",100 %,100 %,Fully Blocked,0,0,0,
512532,"Mike Gunter 2691-8 (SCounty) -- Twilight Meadow - Hot Tub, Patio and Views!",TRUE,TRUE,available,hostaway,110,110.0,75,,1,Sevierville,1-4BR Cabins / House,1-2 Bedroom Cabins,"1-2BR Cabin,Group 1,HA1,NotKnox,SCounty,TendwellCleaning; vrbo:5323305; airbnb:1686404954046823091",100 %,100 %,100 %,0,0,0,10 Aug 2026
512799,"Izzy Ludwick 2084 (SCounty) -- New In-Law Apt: Hot Tub, Fireplace, & Workspace!",TRUE,TRUE,available,hostaway,115,114.0,80,,2,Pigeon Forge,1-4BR Cabins / House,1-2 Bedroom Cabins,"1-2BR House,Group 3,HA1,SCounty,TendwellCleaning; vrbo:5358997; airbnb:1709593472985289928",10 %,7 %,13 %,1,3,3,01 Sep 2026
513522,"Byron Bradshaw 1016 (GAT) -- Cedar Ridge Haven | Hot Tub, Fireplace & More!",TRUE,TRUE,available,hostaway,180,176.0,105,,4,Gatlinburg,1-4BR Cabins / House,3-4 Bedrooms,"3-4BR,GAT,Group 2,HA1,Katie,NotKnox,TendwellCleaning; vrbo:5285831; airbnb:1685601593820629884",33 %,33 %,44 %,5,12,22,03 Sep 2026
81662,"Christine Stowers 3983 (SCounty) -- Bear Creek Lodge - Hot Tub, Game Room, View!",FALSE,TRUE,hidden,hostaway,250,,,,4,Sevierville,,,"Group 1,HA1,NotKnox,Safely,SCounty,Summer,BlessedCleaningTyler; vrbo:2170698; airbnb:47450156",100 %,100 %,Fully Blocked,0,0,0,10 Dec 2025
84139,Cari Wilber 923 (SCounty) -- Take it Easy - Hot Tub & Community Pool,FALSE,TRUE,hidden,hostaway,180,,,,2,Gatlinburg,,,"Group 2,HA1,NotKnox,Safely,SCounty,Summer,TendwellCleaning; vrbo:2416830; airbnb:49361935",100 %,100 %,Fully Blocked,0,0,0,03 Jan 2026
84256,Spike McCamy 116-202 (KCity) -- Sunny Gay St Lof,FALSE,TRUE,hidden,hostaway,160,,,,1,Knoxville,,,"1-2BR Condo,Blocked Calendar,HA2,KCity; vrbo:2298667",100 %,100 %,Fully Blocked,0,0,0,17 May 2024
84258,Spike McCamy 141 (KCity) -- Cru Loft in the Heart of Downtown Knox,FALSE,TRUE,hidden,hostaway,210,,,,2,Knoxville,,,"1-2BR Condo,Blocked Calendar,HA2,KCity; vrbo:2298670",100 %,100 %,Fully Blocked,0,0,0,20 May 2024
84459,Gary Tabor 458 (SCity) -- Mary's Dream -  Mountain Views & More!,FALSE,TRUE,hidden,hostaway,185,,,,2,Sevierville,,,"1-2BR Cabin,Blocked Calendar,HA1,NotKnox,SCity; vrbo:2416833; airbnb:49591680",100 %,100 %,Fully Blocked,0,0,0,19 May 2025
85795,Kirk Kumagai 2022 (PF) -- Ritz on the River w/ Hot Tub & Grill!,FALSE,TRUE,hidden,hostaway,180,,,,2,Pigeon Forge,,,"1-2BR Cabin,Blocked Calendar,HA1,NotKnox,PF; vrbo:2449133; airbnb:50309678",100 %,100 %,Fully Blocked,0,0,0,03 Jan 2025
86963,Adrian Smith 2220 (SCounty) -- Above It All - Sunrise/Sunset 360 View+Theater Room,FALSE,TRUE,hidden,hostaway,270,,,,2,Sevierville,,,"1-2BR Cabin,Group 1,HA1,Katie,Key,NotKnox,Safely,SCounty,BlessedCleaningTyler; vrbo:2416840; airbnb:50804860",100 %,100 %,Fully Blocked,0,0,0,21 Oct 2025
90247,"Ed Zorn 1109 (JC) -- Lake It Inn - Lake View, Remote Work Space",FALSE,TRUE,hidden,hostaway,315,,,,5,Dandridge,,,"5-6BR,Blocked Calendar,HA1,JC,NotKnox; vrbo:2498460; airbnb:52386483",100 %,100 %,Fully Blocked,0,0,0,01 Jul 2025
93418,"Tom Blohm 624 (PF) -- Robins Nest - WC Accessible, Views, Community Pool",FALSE,TRUE,hidden,hostaway,165,,,,2,Pigeon Forge,,,"1-2BR Cabin,Group 3,HA1,Junior,Katie,NotKnox,PF,Safely; vrbo:2590829; airbnb:53378566",100 %,100 %,Fully Blocked,0,0,0,09 Jan 2026
99129,Ramsey Hanna 1804 (SCounty) -- Family Mountain Lodge - Arcade Games & Hot Tub,FALSE,TRUE,hidden,hostaway,275,,,,6,Sevierville,,,"5-6BR,Group 1,Katie,Key,NotKnox,Safely,SCounty,BlessedCleaningTyler; vrbo:2715063",100 %,100 %,Fully Blocked,0,0,0,19 Dec 2025
99867,Lily Phillips 1130 (SCounty) -- Laketown Bears - Pool Table & Hot Tub!,FALSE,TRUE,hidden,hostaway,175,,,,3,Sevierville,,,"Blocked Calendar,HA1,NotKnox,SCounty; vrbo:2674092; airbnb:905004054483942070",100 %,100 %,Fully Blocked,0,0,0,17 Jan 2025
102378,Cheryl Yohannan 1115 (SCounty) -- Maple Ridge w/ Mtn View & Fireplace!,FALSE,TRUE,hidden,hostaway,185,,,,3,Sevierville,,,"Blocked Calendar,NotKnox,Pet,SCounty; vrbo:2711856; airbnb:1117764668480850571",100 %,100 %,Fully Blocked,0,0,0,20 Nov 2024
102943,Valerie Knowles 4840 (SCounty) -- Poolin' Around w/ Private Hot Tub & Indoor Pool!,FALSE,TRUE,hidden,hostaway,300,,,,2,Pigeon Forge,,,"1-2BR Cabin,Blocked Calendar,HA1,NotKnox,SCounty; vrbo:2789251; airbnb:583116317809562989",100 %,100 %,Fully Blocked,0,0,0,27 Feb 2025
104011,Spike & Nadim 813-3 (KCity) -- Hall of Fame - Downtown Knoxville,FALSE,TRUE,hidden,hostaway,124,,,,1,Knoxville,,,"1-2BR Cabin,Blocked Calendar,Group 3,KCity,MadersCleaningTeresa,Regina,Safely; vrbo:2768256; airbnb:1126045578675568605",100 %,100 %,Fully Blocked,0,0,0,14 Nov 2025
104714,"James Urban 3030 (SCounty) -- Redtail Retreat w/ Kid's Den, Fireplace & Hot Tub!",FALSE,TRUE,hidden,hostaway,450,,,,5,Sevierville,,,"5-6BR,Blocked Calendar,HA1,NotKnox,SCounty; vrbo:2771691; airbnb:1097848808336099064",100 %,100 %,Fully Blocked,0,0,0,01 Jan 2025
106587,Lily Phillips Combo 305/308 (PF) -- Swimming Bears Lodge-Two Cabins w/ Pools&HotTubs!,FALSE,TRUE,hidden,hostaway,970,,,,8,Pigeon Forge,,,"7+BR,Blocked Calendar,HA1,NotKnox,PF; vrbo:2781617; airbnb:604902933843942209",100 %,100 %,Fully Blocked,0,0,0,30 Nov 2024
109941,Kelly Laquet 518 (SCounty) -- Little Cub Cottage - Mtn Views / Community Pools!,FALSE,TRUE,hidden,hostaway,190,,,,3,Gatlinburg,,,"Group 3,HA1,Junior,Lily,NotKnox,Safely,SCounty,BlessedCleaningTyler; vrbo:2861990",100 %,100 %,Fully Blocked,0,0,0,13 Feb 2026
110662,"Jen Winters 526 (BC) -- Bigfoot Haven-JacuzziTub, Fireplace, Seen on HGTV!",FALSE,TRUE,hidden,hostaway,150,,,,2,Townsend,,,"1-2BR Cabin,BC,Blocked Calendar,HA1,NotKnox; vrbo:3019410; airbnb:630246096079426913",0 %,0 %,0 %,0,0,0,17 Sep 2024
111550,"Heidi Hutchinson 4514 (SCounty) -- Rocky Retreat - Mtn View, Theater & Community Pool",FALSE,TRUE,hidden,hostaway,365,,,,4,Pigeon Forge,,,"Blocked Calendar,HA1,NotKnox,SCounty; vrbo:2861994; airbnb:638206305661103533",100 %,100 %,Fully Blocked,0,0,0,26 Sep 2025
111715,"Ed Zorn 1531 (SCounty) -- Bear Creek Cabin - Mtn View, Hot Tub & Game Room!",FALSE,TRUE,hidden,hostaway,350,,,,5,Sevierville,,,"5-6BR,Group 1,Katie,Key,NotKnox,Safely,SCounty,TendwellCleaning; vrbo:2865703",100 %,100 %,Fully Blocked,0,0,0,31 Dec 2025
113089,Nadim Jubran 813-2 (KCity) -- Historic Loft - 5 minutes to downtown!,FALSE,TRUE,hidden,hostaway,115,,,,1,Knoxville,,,"1-2BR Cabin,Group 3,KCity,MadersCleaningTeresa,Regina,Safely; vrbo:2908480; airbnb:949890864008758316",100 %,100 %,Fully Blocked,0,0,0,29 Oct 2025
115442,Ricky Garcia 2755 (JC) -- Enchanted Forest Retreat - Secluded w/ Fire Pit!,FALSE,TRUE,hidden,hostaway,160,,,,3,Dandridge,,,"Blocked Calendar,HA1,JC,NotKnox; vrbo:2940432",100 %,100 %,Fully Blocked,0,0,0,19 Mar 2025
118033,"Praveen Raghavan 1120 (GAT) -- The Sundrop - Hot Tub, Game Room & Community Pools",FALSE,TRUE,hidden,hostaway,395,,,,5,Gatlinburg,,,"5-6BR,Blocked Calendar,GAT,HA1,NotKnox; vrbo:2957452; airbnb:681700151364518170",100 %,100 %,Fully Blocked,0,0,0,08 Aug 2025
129364,Spike McCamy 133 (KCity) -- Pruett Place Downtown Home,FALSE,TRUE,hidden,hostaway,245,,,,4,Knoxville,,,"Blocked Calendar,HA2,KCity; vrbo:3129294",100 %,100 %,100 %,0,0,0,06 Jan 2026
134846,"Christine Stowers 645 (SCounty) -- Sweet Mountain Escape - View, Hot Tub, & Fire Pit!",FALSE,TRUE,hidden,hostaway,195,,,,3,Sevierville,,,"Group 2,HA1,NotKnox,Safely,SCounty,Summer,BlessedCleaningTyler; vrbo:3298959; airbnb:841988171113743967",100 %,100 %,Fully Blocked,0,0,0,17 Dec 2025
141926,Sarka Cernosek 326-101 (BC) -- The Shooting Star - Townsend Condo,FALSE,TRUE,hidden,hostaway,150,,,,2,Townsend,,,"1-2BR Condo,BC,Group 3,HA1,Junior,Katie,NotKnox,Safely,BlessedCleaningTyler; vrbo:3260402; airbnb:807887172156460418",100 %,100 %,Fully Blocked,0,0,0,15 Dec 2025
143901,Susan Seaman 2943 (KCounty) -- Lakeside Retreat - Private Lake Access & Hot Tub!,FALSE,TRUE,hidden,hostaway,460,,,,5,Knoxville,,,"5-6BR,Blocked Calendar,HA2,KCounty; vrbo:3278314; airbnb:817391762128465865",0 %,0 %,0 %,0,0,0,21 Jul 2025
146538,"Bruce Bicknell 409 (SCounty) -- Wildwood Den - Mountain View, Hot Tub & Game Room!",FALSE,TRUE,hidden,hostaway,270,,,,4,Gatlinburg,,,"Blocked Calendar,HA1,NotKnox,SCounty; vrbo:3298963; airbnb:878907829108661505",100 %,100 %,Fully Blocked,0,0,0,21 Dec 2024
147906,"Jason Barnes 212 (BC) -- Genesis - MTN View, Hot Tub, Fire Pit & Pool Table!",FALSE,TRUE,hidden,hostaway,215,,,,3,Townsend,,,"BC,Blocked Calendar; vrbo:3372560; airbnb:869542483460072932",100 %,100 %,Fully Blocked,0,0,0,26 Oct 2024
147920,"Jason Barnes 216 (BC) -- Refuge - Riverfront, Fire Pit, Fireplace & Grill!",FALSE,TRUE,hidden,hostaway,140,,,,1,Townsend,,,"BC,Blocked Calendar; vrbo:3372561; airbnb:869454194891741462",100 %,100 %,Fully Blocked,0,0,0,14 Jun 2025
149252,"Lily Phillips 970 (SCounty) -- First Love - Hot Tub, Grill & Fireplace!",FALSE,TRUE,hidden,hostaway,160,,,,3,Kodak,,,"Blocked Calendar,HA1,NotKnox,SCounty; vrbo:3395730; airbnb:1080521869827347491",100 %,100 %,Fully Blocked,0,0,0,28 Jan 2025
153105,David Karns 3941 (SCounty) -- Coyote Crossing - Hot Tub & Arcade Games!,FALSE,TRUE,hidden,hostaway,175,,,,3,Pigeon Forge,,,"Blocked Calendar,SCounty; vrbo:3390029",100 %,100 %,Fully Blocked,0,0,0,18 Oct 2025
155448,"Josh Walker 429 (SCounty) -- Serene Escape - View, Games & Community Pools!",FALSE,TRUE,hidden,hostaway,110,,,,1,Gatlinburg,,,"Blocked Calendar,SCounty; vrbo:3390030; airbnb:909266610899369903",100 %,100 %,Fully Blocked,0,0,0,10 Jul 2025
164443,Sherry White 2048 (JC) -- Mountain Memories - Hot Tub & Life Size Games!,FALSE,TRUE,hidden,hostaway,180,,,,2,Sevierville,,,"Blocked Calendar,JC; vrbo:3413689; airbnb:918125158161485635",100 %,100 %,Fully Blocked,0,0,0,12 Aug 2025
165386,"KC Sunder 2508 (SCounty) -- Bearly Haus -View, Hot Tub, Private Pool & Theater",FALSE,TRUE,hidden,hostaway,295,,,,4,Pigeon Forge,,,"Blocked Calendar,SCounty; vrbo:3497083; airbnb:923121459480870416",100 %,100 %,Fully Blocked,0,0,0,28 Jan 2025
168111,"Sunil Jaiswal 811 (GAT) -- Sunrise Mountain Vista - View, Hot Tub, Pool Table",FALSE,TRUE,hidden,hostaway,295,,,,3,Gatlinburg,,,"Blocked Calendar,GAT; vrbo:3476312; airbnb:915209822564440349",100 %,100 %,Fully Blocked,0,0,0,29 Dec 2024
174320,Ed Zorn 212-163 (SCounty) -- Cityscape Condo - Fireplace & Community Amenities!,FALSE,TRUE,hidden,hostaway,255,,,,3,Pigeon Forge,,,"Blocked Calendar,SCounty; vrbo:3487903; airbnb:924615160707055172",100 %,100 %,Fully Blocked,0,0,0,18 Feb 2025
174411,Ed Zorn 212-247 (SCounty) -- Forge Haven Condo -Fireplace & Community Amenities,FALSE,TRUE,hidden,hostaway,165,,,,1,Pigeon Forge,,,"Blocked Calendar,SCounty; vrbo:3482051; airbnb:924597496582129736",100 %,100 %,Fully Blocked,0,0,0,13 Feb 2025
179648,"Scott Meyers 701 (SCounty) -- Dogwood Vista - Hot Tub, Firepit, & Volleyball!",FALSE,TRUE,hidden,hostaway,310,,,,5,Kodak,,,"Blocked Calendar,SCounty; vrbo:3588395; airbnb:963634075270023078",0 %,0 %,0 %,0,0,0,30 Jul 2025
195012,"Franchette Pascual 697 (SCounty) -- Luxe Lodge -View, Heated Pool, Hot Tub, Games!",FALSE,TRUE,hidden,hostaway,310,,,,4,Sevierville,,,"Group 1,HA1,NotKnox,Safely,SCounty,Summer,BlessedCleaningTyler; vrbo:3742550; airbnb:1029719104872512596",100 %,100 %,Fully Blocked,0,0,0,31 Dec 2025
198009,"Brad Klomp 1934 (SCounty) -- Sunset Summit: Pool, Theater Room, Games, & VIEWS",FALSE,TRUE,hidden,hostaway,356,,,,5,Sevierville,,,"5-6BR,Group 1,HA1,NotKnox,Safely,SCounty,Summer,BlessedCleaningTyler; vrbo:3712542; airbnb:1016656826613993377",0 %,0 %,0 %,0,0,0,04 Oct 2025
198400,Katherine Ratka 1130 (PF) -- Smoky Mountain Retreat: Pool+Hot Tub+Theater+Games,FALSE,TRUE,hidden,hostaway,425,,,,5,Pigeon Forge,,,"Blocked Calendar,PF; vrbo:4108474; airbnb:1187643744557393732",100 %,100 %,Fully Blocked,0,0,0,21 Jun 2025
198834,"Sonia Schumm 2470 (SCounty) -- Grateful Gathering Lodge -MTN View, Hot Tub, Games",FALSE,TRUE,hidden,hostaway,230,,,,3,Sevierville,,,"Group 2,HA1,NotKnox,Safely,SCounty,Summer,TendwellCleaning; vrbo:3710779; airbnb:1010022925885143908",100 %,100 %,Fully Blocked,0,0,0,02 Dec 2025
200310,"Steve Hoggle 1616 (GAT) -- Stunning View, Hot tub, & Games!",FALSE,TRUE,hidden,hostaway,380,,,,4,Gatlinburg,,,"Blocked Calendar,GAT; vrbo:3679565; airbnb:1003505921183895166",100 %,100 %,Fully Blocked,0,0,0,28 Nov 2024
220052,Ben Kovacs 391 (SCounty) -- Azure Woods-Grill+Fireplace+GameArea+CommunityPool,FALSE,TRUE,hidden,hostaway,160,,,,2,Townsend,,,"Blocked Calendar,SCounty; vrbo:3770758; airbnb:1081817555458423954",100 %,100 %,Fully Blocked,0,0,0,04 Dec 2024
220056,Erik Munn 1717 (PF) -- Tennessee Timber - Hot Tub+Private Pool+Games!,FALSE,TRUE,hidden,hostaway,335,,,,4,Pigeon Forge,,,"Blocked Calendar,PF; vrbo:3780284; airbnb:1182190066157498413",100 %,100 %,Fully Blocked,0,0,0,22 Jul 2025
221957,Cody Brooks 1883 (SCounty) -- Tranquil Timber Retreat -View+HotTub+FirePit&More!,FALSE,TRUE,hidden,hostaway,120,,,,1,Sevierville,,,"1-2BR Cabin,Group 2,HA1,Katie,NORMAL,Safely,SCounty,BlessedCleaningTyler; vrbo:3800971",100 %,100 %,Fully Blocked,0,0,0,02 Mar 2026
226485,"Tammy Navarre 354-510 (GAT) -- L510 Beautiful Condo w/Views, close to Downtown!!",FALSE,TRUE,hidden,hostaway,115,,,,1,Gatlinburg,,,"Blocked Calendar,GAT; vrbo:3848255",100 %,96 %,Fully Blocked,0,0,0,22 Dec 2024
226537,Vickie Allen 354-207 (GAT) -- L207 - Perfect Gatlinburg Getaway close to Strip!,FALSE,TRUE,hidden,hostaway,139,,,,1,Gatlinburg,,,"Blocked Calendar,GAT; vrbo:3829314",100 %,100 %,Fully Blocked,0,0,0,22 Dec 2024
226539,Vickie Allen 354-303 (GAT) -- Lovely Gatlinburg Condo w/Pool & Private Heart Tub,FALSE,TRUE,hidden,hostaway,99,,,,1,Gatlinburg,,,"Blocked Calendar,GAT; vrbo:3829315",100 %,100 %,Fully Blocked,0,0,0,05 Jan 2025
226542,Vickie Allen 616-103 (GAT) -- ;WOW 103 - Cool Condo Near Downtown w/Bunks!,FALSE,TRUE,hidden,hostaway,99,,,,1,Gatlinburg,,,"Blocked Calendar,GAT; vrbo:3829316",100 %,100 %,Fully Blocked,0,0,0,06 Jan 2025
231212,Tim Larson 3039 (SCounty) -- Moondancer -HotTub+Fireplace+PoolTable+Grill+MORE!,FALSE,TRUE,hidden,hostaway,190,,,,1,Sevierville,,,"Blocked Calendar,SCounty; vrbo:3854881; airbnb:1076014927485481376",100 %,100 %,Fully Blocked,0,0,0,07 Jun 2025
232763,Tammy Navarre 3506 (SCounty) -- Honeymoon Cottage Breathtaking Views w/ Hot Tub!,FALSE,TRUE,hidden,hostaway,115,,,,1,Sevierville,,,"Blocked Calendar,SCounty; vrbo:3838795",100 %,96 %,Fully Blocked,0,0,0,29 Dec 2024
232784,Tammy Navarre 413-307 (GAT) -- GT307 Romantic Condo Downtown Gatlinburg & Pool,FALSE,TRUE,hidden,hostaway,125,,,,2,Gatlinburg,,,"Blocked Calendar,GAT; vrbo:3824184",100 %,100 %,Fully Blocked,0,0,0,20 Dec 2024
232797,Tammy Navarre 306-6A (GAT) -- Lofts 6A Chic Modern Downtown Gatlinburg!,FALSE,TRUE,hidden,hostaway,115,,,,1,Gatlinburg,,,"Blocked Calendar,GAT; vrbo:3838796",100 %,96 %,Fully Blocked,0,0,0,28 Dec 2024
232804,Tammy Navarre 413-502 (GAT) -- GT502 Newly Remodeled Gatlinburg Condo w/ Pool!,FALSE,TRUE,hidden,hostaway,125,,,,2,Gatlinburg,,,"Blocked Calendar,GAT; vrbo:3824185",100 %,100 %,Fully Blocked,0,0,0,05 Jan 2025
232815,Tammy Navarre 413-506 (GAT) -- GT506 New Chic Condo Downtown Gatlinburg w/ Pool,FALSE,TRUE,hidden,hostaway,125,,,,2,Gatlinburg,,,"Blocked Calendar,GAT; vrbo:3824187",100 %,100 %,Fully Blocked,0,0,0,15 Oct 2024
232845,"Tammy Navarre 260-216 (GAT) -- AV216 Newly Renovated Modern Deco, Pool, Fireplace",FALSE,TRUE,hidden,hostaway,125,,,,2,Gatlinburg,,,"Blocked Calendar,GAT; vrbo:3838798",100 %,100 %,Fully Blocked,0,0,0,03 Jan 2025
233006,"Tammy Navarre 1260-2106 (GAT) -- SV2106 Mountain Condo, minutes to Gatlinburg!",FALSE,TRUE,hidden,hostaway,115,,,,1,Gatlinburg,,,"Blocked Calendar,GAT; vrbo:3838799",100 %,100 %,Fully Blocked,0,0,0,01 Jan 2025
242812,"Daniel Rivers 1250 (SCounty) -- Rustic Cabin w/ Hot Tub, Deck & Pet-friendly!",FALSE,TRUE,hidden,hostaway,260,,,,4,Sevierville,,,"Blocked Calendar,SCounty; vrbo:3930293",100 %,100 %,Fully Blocked,0,0,0,13 Mar 2026
242816,Freddy Rivas 723 (SCounty) -- Grace Valley Resort: Pool & Game Room / Sleeps 22!,FALSE,TRUE,hidden,hostaway,715,,,,8,Sevierville,,,"7+BR,Blocked Calendar,HA4,NotKnox,Safely,SCounty,SS,Summer,TendwellCleaning; vrbo:3981552; airbnb:1136911669866879240",100 %,100 %,Fully Blocked,0,0,0,16 Dec 2025
242819,Freddy Rivas 731 (SCounty) -- Grace Heaven: Stunning Mountain Resort / Sleeps 20,FALSE,TRUE,hidden,hostaway,725,,,,8,Sevierville,,,"7+BR,Blocked Calendar,HA1,NotKnox,Safely,SCounty,SS,Summer,TendwellCleaning; vrbo:3981553; airbnb:1136153465775398086",100 %,100 %,Fully Blocked,0,0,0,03 Dec 2025
242824,Freddy Rivas 2414 (SCounty) -- Grace Woods: Retreat with Indoor Pool / Sleeps 22!,FALSE,TRUE,hidden,hostaway,844,,,,8,Sevierville,,,"7+BR,Group 1,HA1,NotKnox,Safely,SCounty,SS,Summer,TendwellCleaning; vrbo:3981554; airbnb:1178852085546219760",100 %,100 %,Fully Blocked,0,0,0,04 Nov 2025
244182,Samantha Buresh 2828 (PF) -- NEW Modern Cabin | 1 mi to Pkwy | Pool & Hot Tub,FALSE,TRUE,hidden,hostaway,350,,,,3,Pigeon Forge,,,"Blocked Calendar,PF; vrbo:3937447; airbnb:1120263705507568963",100 %,100 %,Fully Blocked,0,0,0,30 Jul 2025
254092,"Susan Stanford 4007 (SCounty) -- The Woodland Respite: Hot Tub, Arcade & Games!",FALSE,TRUE,hidden,hostaway,240,,,,4,Sevierville,,,"Blocked Calendar,SCounty; vrbo:4147165; airbnb:1222425085197557814",100 %,100 %,Fully Blocked,0,0,0,07 Jan 2025
256621,"Josh Clark 1297 (JC) -- Mountain Waters w/ Theater+HotTub,Pool,GameRoom!",FALSE,TRUE,hidden,hostaway,315,,,,4,Pigeon Forge,,,"Blocked Calendar,JC; vrbo:3991989; airbnb:1147137035195915107",100 %,100 %,Fully Blocked,0,0,0,10 Jun 2025
258271,"Josh Clark 1358 (JC) -- Whispering Pine w/ Lake Access, Hot Tub, Foosball!",FALSE,TRUE,hidden,hostaway,180,,,,2,Pigeon Forge,,,"Blocked Calendar,JC; vrbo:3956148; airbnb:1125381453874130725",100 %,100 %,Fully Blocked,0,0,0,16 Jun 2025
258626,Josh Clark 1398 (JC) -- Sky's the Limit - w/ View+Pool+HotTub+Games+MORE!,FALSE,TRUE,hidden,hostaway,380,,,,4,Sevierville,,,"Blocked Calendar,JC; vrbo:3956150; airbnb:1147166599243055096",100 %,100 %,Fully Blocked,0,0,0,01 Jul 2025
258717,Josh Clark 439 (PF) -- Bearfoot Bungalow - NEW BUILD w/ Hot Tub & Arcade!,FALSE,TRUE,hidden,hostaway,152,,,,2,Pigeon Forge,,,"Blocked Calendar,PF; vrbo:3956151; airbnb:1126118564317683014",100 %,100 %,Fully Blocked,0,0,0,01 Jul 2025
261343,"Josh Clark 410 (PF) -- Mountain Luxury Prime: Pool, HotTub, Arcade & MORE",FALSE,TRUE,hidden,hostaway,290,,,,3,Pigeon Forge,,,"Blocked Calendar,PF; vrbo:3991991; airbnb:1146406797081774345",100 %,100 %,Fully Blocked,0,0,0,19 Jun 2025
265123,Kimberly Mahoney 931 (SCounty) -- Eagle's Bluff Lookout: Mountain View & Game Room!,FALSE,TRUE,hidden,hostaway,175,,,,2,Sevierville,,,"Blocked Calendar,SCounty; vrbo:3997317",100 %,100 %,Fully Blocked,0,0,0,19 Sep 2025
265487,Corey Defrancesco 1362 (JC) -- New Listing Promo! Heart Lake: Hot Tub & Game Room,FALSE,TRUE,hidden,hostaway,160,,,,2,Sevierville,,,"Blocked Calendar,JC; vrbo:4016452",100 %,100 %,Fully Blocked,0,0,0,28 Jun 2025
270192,"Darlene Mccann 2420 (SCounty) -- Scenic Seclusion w/ Hot Tub, View, Putt-Putt &More",FALSE,TRUE,hidden,hostaway,285,,,,4,Sevierville,,,"Blocked Calendar,SCounty; vrbo:4025322",100 %,100 %,Fully Blocked,0,0,0,01 Mar 2025
274917,"Ryan Gillespie 1119 (SCounty) -- Luxury Mountain Lodge: Hot Tub,Theater,Sauna,Games",FALSE,TRUE,hidden,hostaway,740,,,,9,Gatlinburg,,,"Blocked Calendar,SCounty; vrbo:4077757; airbnb:1177532832123272515",100 %,100 %,Fully Blocked,0,0,0,27 Feb 2025
278488,Josh Clark 224 (JC) -- Cozy Cabin Retreat with Games and Stunning Views,FALSE,TRUE,hidden,hostaway,145,,,,2,Sevierville,,,"Blocked Calendar,JC; vrbo:4147166; airbnb:1207939874088404617",100 %,100 %,Fully Blocked,0,0,0,29 Jun 2025
278492,"Josh Clark 228 (JC) -- Cottage Cove Oasis w/ Lake View, Hot Tub & Games!",FALSE,TRUE,hidden,hostaway,210,,,,2,Sevierville,,,"Blocked Calendar,JC; vrbo:4147167; airbnb:1197024867402809075",100 %,100 %,Fully Blocked,0,0,0,05 Jul 2025
279197,"Josh Clark 1301 (JC) -- Lake View Serenity: Pool, Beach, Hot Tub & Games!",FALSE,TRUE,hidden,hostaway,315,,,,4,Sevierville,,,"Blocked Calendar,JC; vrbo:4077759; airbnb:1176707600969156492",100 %,100 %,Fully Blocked,0,0,0,05 Jul 2025
286595,"Chris Galea 2364 (SCounty) -- Cloud Bound: View, Pool, Hot Tub, Arcade, Theater!",FALSE,TRUE,hidden,hostaway,555,,,,5,Sevierville,,,"Blocked Calendar,SCounty; vrbo:4129818; airbnb:1197155707203099474",100 %,100 %,Fully Blocked,0,0,0,13 Jul 2025
286606,"Chris Galea 2360 (SCounty) -- Coopers Hawk: Pool, Hot Tub, View, Games, Theater",FALSE,TRUE,hidden,hostaway,515,,,,5,Sevierville,,,"Blocked Calendar,SCounty; vrbo:4129819; airbnb:1192754376261916190",100 %,100 %,Fully Blocked,0,0,0,09 Jul 2025
286615,Chris Galea 3214 -- OLD CHRIS GALEA 3214,FALSE,TRUE,hidden,hostaway,575,,,,5,Sevierville,,,"Blocked Calendar,SCounty; vrbo:4129820",100 %,98 %,Fully Blocked,0,0,0,14 Mar 2025
288835,"Athira George 1646-A (SCounty) -- 8m from DollyWood, Prof Kitchen, Fire Pit, Arcade!",FALSE,TRUE,hidden,hostaway,220,,,,3,Pigeon Forge,,,"Blocked Calendar,SCounty; vrbo:4123256; airbnb:1202154374091223948",100 %,100 %,Fully Blocked,0,0,0,03 Aug 2025
291917,"Jason Potts 2662 (SCounty) -- DA Bears: Hot Tub, Arcade, Theater & Indoor Pool!",FALSE,TRUE,hidden,hostaway,480,,,,5,Sevierville,,,"Blocked Calendar,SCounty; vrbo:4143837; airbnb:1213697384650381599",100 %,100 %,Fully Blocked,0,0,0,27 Apr 2025
294804,"Freddy Rivas 3316 (SCounty) -- Summit Ridge w/ Pool, Hot Tub, Arcade & Theater!",FALSE,TRUE,hidden,hostaway,600,,,,6,Sevierville,,,"Blocked Calendar,HA1,SCounty; vrbo:4180566",100 %,100 %,Fully Blocked,0,0,0,06 Mar 2025
303042,Freddy Rivas 2640 (SCounty) -- Grace Hideaway:HUGE-Sleeps 20+Pool/Hot Tub/Games!,FALSE,TRUE,hidden,hostaway,715,,,,8,Sevierville,,,"5-6BR,7+BR,Blocked Calendar,HA5,NotKnox,Safely,SCounty,SS,Summer,TendwellCleaning; vrbo:4215798; airbnb:1231838520050878162",100 %,100 %,Fully Blocked,0,0,0,27 Dec 2025
304177,"Josh Clark 232 (JC) -- Bobber Bungalow: Lake View, Hot Tub, Arcade Games!",FALSE,TRUE,hidden,hostaway,160,,,,2,Jefferson County,,,"Blocked Calendar,JC; vrbo:4212527",100 %,100 %,Fully Blocked,0,0,0,17 Jun 2025
304180,"Josh Clark 220 (JC) -- Cozy Cove Retreat w/ Lake View, Hot Tub, FirePit!",FALSE,TRUE,hidden,hostaway,147,,,,2,Jefferson County,,,"Blocked Calendar,JC; vrbo:4212528; airbnb:1247797291573306139",100 %,100 %,Fully Blocked,0,0,0,17 Jun 2025
304189,"Josh Clark 424 (PF) -- Can't Bear to Leave: Pool, HotTub, Arcade, Theater",FALSE,TRUE,hidden,hostaway,330,,,,3,Pigeon Forge,,,"Blocked Calendar,JC; vrbo:4295551; airbnb:1254268644061553830",100 %,100 %,Fully Blocked,0,0,0,25 May 2025
304190,"Josh Clark 420 (PF) -- Parkway Pool Retreat: Hot Tub, Foosball & Arcade!",FALSE,TRUE,hidden,hostaway,305,,,,3,Pigeon Forge,,,"Blocked Calendar,JC; vrbo:4212529; airbnb:1243422839468320408",100 %,100 %,Fully Blocked,0,0,0,03 Jun 2025
304199,"Freddy Rivas 1530 (SCounty) -- Smokies Sanctuary: Pool, Hot Tub, Games, Theater!",FALSE,TRUE,hidden,hostaway,545,,,,6,Sevierville,,,"Blocked Calendar,HA1,NotKnox,SCounty; airbnb:1264673837668001855",100 %,100 %,Fully Blocked,0,0,0,20 Mar 2025
304203,"Freddy Rivas 1614 (SCounty) -- Roaring View: Indoor Pool, Hot Tub, Theater, GAMES",FALSE,TRUE,hidden,hostaway,350,,,,6,Sevierville,,,"5-6BR,Blocked Calendar,HA5,NotKnox,Safely,SCounty,SS,Summer,TendwellCleaning; vrbo:4256113; airbnb:1339058870164438727",100 %,100 %,Fully Blocked,0,0,0,24 Oct 2025
304212,"Freddy Rivas 1628 (SCounty) -- Smokey Vista Lodge w/ Pool, Hot Tub, Theater, Games",FALSE,TRUE,hidden,hostaway,525,,,,6,Sevierville,,,"Blocked Calendar,HA1,SCounty; vrbo:4387504; airbnb:1340692398369071264",100 %,100 %,Fully Blocked,0,0,0,04 Mar 2025
308123,"Freddy Rivas 1654 (SCounty) -- Mountain Bliss: Pool, Hot Tub, Theater, Foosball!",FALSE,TRUE,hidden,hostaway,540,,,,6,Sevierville,,,"Blocked Calendar,HA1,SCounty; vrbo:4387505",100 %,100 %,Fully Blocked,0,0,0,17 Feb 2025
312677,"Brett Sipperley 1205 (SCounty) -- Pine Top Vista w/ Views, Hot Tub, Game Room & MORE",FALSE,TRUE,hidden,hostaway,235,,,,3,Gatlinburg,,,"Blocked Calendar,SCounty; vrbo:4256117; airbnb:1263018408967503747",100 %,100 %,Fully Blocked,0,0,0,01 Sep 2025
312687,"Nick Ellis 4029 (SCounty) -- Smoky Bear Suite w/ Grill, Firepit & More!",FALSE,TRUE,hidden,hostaway,150,,,,3,Sevierville,,,"Group 2,HA1,NORMAL,NotKnox,SCounty; vrbo:4256119",100 %,100 %,Fully Blocked,0,0,0,04 Aug 2025
318409,"Josh Clark 128 (JC) -- Anchor's Retreat: Hot Tub, Arcade, Fireplace, MORE",FALSE,TRUE,hidden,hostaway,265,,,,4,Jefferson County,,,"Blocked Calendar,JC; vrbo:4295553; airbnb:1269504735076004092",100 %,100 %,Fully Blocked,0,0,0,21 May 2025
318419,"Josh Clark 130 (JC) -- Charmed Waters Cottage: Lake View, Hot Tub, Games!",FALSE,TRUE,hidden,hostaway,235,,,,4,Jefferson County,,,"Blocked Calendar,JC; vrbo:4295554; airbnb:1269572957694152109",100 %,100 %,Fully Blocked,0,0,0,16 Jun 2025
318435,"Mark Coburn 2034 (PF) -- Cozy Cottage w/ Loveseat, Fireplace, Grill & More!",FALSE,TRUE,hidden,hostaway,180,,,,3,Pigeon Forge,,,"Blocked Calendar,PF; vrbo:4284787; airbnb:1273172823410114157",100 %,100 %,Fully Blocked,0,0,0,05 Mar 2025
319212,"Shaun Halberstadt 411 (PF) -- Hidden Trail Cabin: Pool, Hot Tub, Grill, Game Room",FALSE,TRUE,hidden,hostaway,318,,,,4,Pigeon Forge,,,"Blocked Calendar,PF; vrbo:4455756; airbnb:1350070589553476535",100 %,100 %,Fully Blocked,0,0,0,24 Jul 2025
319217,"Shaun Halberstadt 542 (PF) -- Stunning Heights Retreat: Hot Tub, MTN Views & More",FALSE,TRUE,hidden,hostaway,295,,,,3,Pigeon Forge,,,"Blocked Calendar,PF; vrbo:4375203; airbnb:1270403100021494789",100 %,100 %,Fully Blocked,0,0,0,11 Aug 2025
320084,"Andrea Cobrin 3008 (SCounty) -- Mountain Hideaway: Pool, Hot Tub, Arcade, Theater!",FALSE,TRUE,hidden,hostaway,315,,,,4,Sevierville,,,"Blocked Calendar,SCounty; vrbo:4277644",100 %,100 %,Fully Blocked,0,0,0,19 Jul 2025
322578,Dustin Greenwell 2921 (SCounty) -- Cascading Pines - Hot Tub+Private Pool+Game Room!,FALSE,TRUE,hidden,hostaway,345,,,,4,Sevierville,,,"Blocked Calendar,SCounty; vrbo:4309973; airbnb:1288341871471525721",100 %,100 %,Fully Blocked,0,0,0,16 Dec 2024
323220,"Vince Palmieri 2844 (SCounty) -- Mystic Sunrise: Views, Hot Tub, Lounge, Game Room!",FALSE,TRUE,hidden,hostaway,240,,,,2,Sevierville,,,"Blocked Calendar,SCounty; vrbo:4375205; airbnb:1297867205680758117",100 %,100 %,Fully Blocked,0,0,0,21 Nov 2025
325569,"Josh Clark 721 (PF) -- The Parkway Place: Pool, Hot Tub, Arcade, Foosball!",FALSE,TRUE,hidden,hostaway,280,,,,4,Pigeon Forge,,,"Blocked Calendar,PF; vrbo:4311935; airbnb:1285617897417303654",100 %,100 %,Fully Blocked,0,0,0,24 Mar 2025
328305,Jordan Wilkerson 1304-A (BC) -- White Nest Retreat - LUX Updates - 5 mins from TYS,FALSE,TRUE,hidden,hostaway,165,,,,2,Alcoa,,,Blocked Calendar; vrbo:4341278; airbnb:1294292144628236842,100 %,100 %,Fully Blocked,0,0,0,23 Jun 2025
337073,"Josh Clark 705 (PF) -- Parkway Pool Oasis: Private Pool, Hot Tub, Game Room, Deck & More!",FALSE,TRUE,hidden,hostaway,305,,,,4,Pigeon Forge,,,"Blocked Calendar,PF; vrbo:4341292; airbnb:1304374503935512648",100 %,100 %,Fully Blocked,0,0,0,04 Jul 2025
337133,"Josh Clark 709 (PF) -- Grand Luxury Retreat: Indoor Pool, Hot Tub, Game Room, King Beds & More!",FALSE,TRUE,hidden,hostaway,330,,,,4,Pigeon Forge,,,"Blocked Calendar,PF; vrbo:4341295; airbnb:1304480816608744015",100 %,100 %,Fully Blocked,0,0,0,06 Mar 2025
361345,"Josh Clark 588 (PF) -- Evergreen Parkway Retreat | Views, Hot Tub & Arcade!",FALSE,TRUE,hidden,hostaway,300,,,,3,Pigeon Forge,,,"Blocked Calendar,PF; vrbo:4468116; airbnb:1356678824849229979",100 %,100 %,Fully Blocked,0,0,0,07 Mar 2025
361364,"Josh Clark 576 (PF) -- Parkway Cowboy Hideaway | Hot Tub, Views, Grill, Arcade!",FALSE,TRUE,hidden,hostaway,290,,,,3,Pigeon Forge,,,"Blocked Calendar,PF; vrbo:4477771; airbnb:1356720529013378126",100 %,100 %,Fully Blocked,0,0,0,07 Mar 2025
361367,"Josh Clark 572 (PF) -- Twilight Luxury Escape | Hot Tub, Grill, Arcade & MORE",FALSE,TRUE,hidden,hostaway,300,,,,3,Pigeon Forge,,,"Blocked Calendar,PF; vrbo:4468118; airbnb:1356747454285724958",100 %,100 %,Fully Blocked,0,0,0,24 Feb 2025
364203,Carly Vanslembrouck 2501 (PF) -- The Penthouse | In the Heart of Pigeon Forge,FALSE,TRUE,hidden,hostaway,136,,,,1,Pigeon Forge,,,"Blocked Calendar,PF; vrbo:4542519; airbnb:1365334774050567908",100 %,100 %,Fully Blocked,0,0,0,18 May 2025
364213,Carly Vanslembrouck 1204 (PF) -- Smoky Luxe | Near Top Attractions in Pigeon Forge!,FALSE,TRUE,hidden,hostaway,117,,,,1,Pigeon Forge,,,"Blocked Calendar,PF; vrbo:4279119; airbnb:1365293361216241537",100 %,100 %,Fully Blocked,0,0,0,26 Jun 2025
365469,NEW Nadim Jubran 813-1 (KCity) -- Charming Historic Retreat - 5 Mins from Downtown,FALSE,TRUE,hidden,hostaway,132,,,,1,Knoxville,,,"Blocked Calendar,KCity; vrbo:4482316; airbnb:894816426234108089",100 %,100 %,Fully Blocked,0,0,0,30 Sep 2025
366691,"Jared Blumberg 232 (PF) -- Smoky Bear Lodge | Hot Tub, Grill, Outdoor Pool!",FALSE,TRUE,hidden,hostaway,160,,,,2,Pigeon Forge,,,"Blocked Calendar,PF; vrbo:4499027; airbnb:1371075683866668618",100 %,100 %,Fully Blocked,0,0,0,31 May 2025
366705,"Corey DeFrancesco 592 (PF) -- The Charlotte Cabin: Hot Tub, Fireplace, Multicade",FALSE,TRUE,hidden,hostaway,173,,,,3,Pigeon Forge,,,"Blocked Calendar,PF; vrbo:4511308; airbnb:1375399854474303150",100 %,100 %,Fully Blocked,0,0,0,05 Jul 2025
366728,Corey DeFrancesco 122 -- Wild Woods Hideout,FALSE,TRUE,hidden,hostaway,9974,,,,2,Sevierville,,,"Blocked Calendar,SCounty; airbnb:1368992541094911955",100 %,100 %,Fully Blocked,0,0,0,
381202,"Logan Knight 591 (PF) -- Woodland Smokies: Hot Tub, Fireplace, Arcade Games",FALSE,TRUE,hidden,hostaway,241,,,,3,Pigeon Forge,,,"Blocked Calendar,PF; vrbo:4665414; airbnb:1406533699218791653",100 %,100 %,Fully Blocked,0,0,0,22 Aug 2025
381207,"Hannah Collins Lee 3733 (KCity) -- South Knox Spot | Grill, Outdoor Pool & Lounge!",FALSE,TRUE,hidden,hostaway,289,,,,4,Knoxville,,,"Blocked Calendar,KCity; vrbo:4709442",100 %,100 %,Fully Blocked,0,0,0,30 Sep 2025
384354,Josh Moss 1427 (GAT) -- Smoky Horizon Getaway with Hot Tub & Game Room!,FALSE,TRUE,hidden,hostaway,222,,,,3,Gatlinburg,,,"Blocked Calendar,GAT; vrbo:4639537; airbnb:1405793709832811505",100 %,96 %,Fully Blocked,0,0,0,22 Aug 2025
393202,"Freddy Rivas 2215 (SCounty) -- Grace Summit  Pool, Hot Tub, Full Kitchen, WiFi",FALSE,TRUE,hidden,hostaway,852,,,,8,Sevierville,,,"Blocked Calendar,HA1,NotKnox,Safely,SCounty,SS,Summer,TendwellCleaning; vrbo:4727355",100 %,96 %,Fully Blocked,0,0,0,08 Jul 2025
395524,"John Ehlers 3214 (SCounty) -- Splash Mountain: Pool, Hot Tub, Theater, Game Room",FALSE,TRUE,hidden,hostaway,479,,,,5,Sevierville,,,"Blocked Calendar,SCounty; vrbo:4618408; airbnb:1429809501465477410",100 %,100 %,Fully Blocked,0,0,0,02 Oct 2025
398355,Josh Heuser 2646 (Scounty) -- Gametime - 8BR Sleeps 33 Scenic View/Pool,FALSE,TRUE,hidden,hostaway,704,,,,8,Sevierville,,,"7+BR,Blocked Calendar,Lily,NotKnox,Pet,Safely,SCounty,SS,TendwellCleaning; vrbo:4438051",100 %,100 %,Fully Blocked,0,0,0,22 Sep 2025
407312,Jonathan Hill 4205 (GAT) -- Cloudtop Escape: Fireplace + Community Amenities,FALSE,TRUE,hidden,hostaway,125,,,,2,Gatlinburg,,,"Blocked Calendar,GAT; vrbo:4728186; airbnb:1462333112640893728",100 %,100 %,Fully Blocked,0,0,0,01 Jan 2026
413958,"Sarah George 2208 (GAT) -- Mountain Bloom | Epic Views, Hot Tub, Games, MORE!",FALSE,TRUE,hidden,hostaway,192,,,,2,Gatlinburg,,,"Blocked Calendar,GAT; airbnb:1476200048805182741",100 %,100 %,Fully Blocked,0,0,0,
413961,Ann Pulgar 3017 (SCounty) -- Fishing Frenzy Funhouse: Hot Tub+Lake Front+MORE!,FALSE,TRUE,hidden,hostaway,191,,,,3,Sevierville,,,"Blocked Calendar,SCounty; vrbo:4723552; airbnb:1471120462983430252",100 %,100 %,Fully Blocked,0,0,0,26 Aug 2025
416589,Orel Brodt 325 (KCity) -- Luxurious Loft Overlooking Market Square!,FALSE,TRUE,hidden,hostaway,244,,,,2,Knoxville,,,"Blocked Calendar,KCity; vrbo:4786538; airbnb:873834789362221105",100 %,100 %,Fully Blocked,0,0,0,02 Sep 2025
420819,"Nathan Holden 1009 (SCounty) -- Smoky Mountain Vista: Fireplace, Grills, Treehouse",FALSE,TRUE,hidden,hostaway,264,,,,3,Sevierville,,,"Blocked Calendar,SCounty; airbnb:1492777899583303191",100 %,100 %,Fully Blocked,0,0,0,
423920,Marcy Holloway 3110 (SCounty) -- Scandinavian Getaway | Cozy Vibe w/ Outdoor Lounge,FALSE,TRUE,hidden,hostaway,150,,,,2,Sevierville,,,"1-2BR Cabin,Group 2,HA1,Katie,NotKnox,Safely,SCounty; vrbo:4857138; airbnb:1503638299137659704",100 %,100 %,Fully Blocked,0,0,0,03 Jan 2026
515261,"Frank Spitznagel 1726 (PF) -- Smokies Luxe View: Hot Tub, Fireplaces, Games+MORE",TRUE,TRUE,available,hostaway,320,350.0,160,,5,Pigeon Forge,5-6 Bedrooms,,"5-6BR,Group 2,HA1,NotKnox,PF,Regina,TendwellCleaning; vrbo:5309428; airbnb:1689313046941842162",28 %,19 %,38 %,2,5,10,30 Aug 2026
529779,Denny Johnson 2251-21 (SCounty) -- Adohi Lodge | Panoramic Views off the Deck!,TRUE,TRUE,available,hostaway,150,152.0,95,,2,Sevierville,1-4BR Cabins / House,1-2 Bedroom Cabins,"1-2BR House,Group 2,HA1,SCounty,TendwellCleaning; vrbo:5309429; airbnb:1689925221819781886",60 %,40 %,64 %,2,3,6,31 Aug 2026
533028,Nanci Allen 917 (GAT) -- A Million Dollar View | The Ultimate Escape!,TRUE,TRUE,available,hostaway,230,230.0,130,,3,Gatlinburg,1-4BR Cabins / House,3-4 Bedrooms,"3-4BR,GAT,Group 2,HA1,NotKnox,Regina; vrbo:5313975; airbnb:1696357113956075199",53 %,38 %,56 %,3,7,16,05 Sep 2026
534577,Reis Perry 3240 (SCounty) -- Smoky Trails Retreat | Sleeps 16 + Lots of Games!,TRUE,TRUE,available,hostaway,330,339.0,150,,5,Sevier County,5-6 Bedrooms,,"Group 2,HA1,NORMAL,NotKnox,SCounty,TendwellCleaning,min rate; vrbo:5331954; airbnb:1701576943708528422",38 %,37 %,44 %,4,4,11,06 Sep 2026
535798,"David Moscarelli 536 (GAT) -- Whisk-A-Way - Hot Tub, Pool Table & Jacuzzi!",TRUE,TRUE,available,hostaway,170,157.0,90,,1,Gatlinburg,1-4BR Cabins / House,1-2 Bedroom Cabins,"1-2BR Cabin,GAT,Group 3,HA1,Junior,Katie,NotKnox,Group 2; vrbo:5316140; airbnb:564519724058404971",73 %,73 %,79 %,1,2,2,30 Aug 2026
535863,John Haynes 625-2 (PF) -- Hearthstone Lodge | Family & Pet Friendly Home!,TRUE,TRUE,available,hostaway,110,110.0,80,,2,Pigeon Forge,1-4BR Cabins / House,1-2 Bedroom Cabins,"1-2BR House,Group 3,HA1,NotKnox,Pet,PF,Regina,Group 2; vrbo:5309430; airbnb:1691345841039112014",40 %,27 %,53 %,4,9,19,01 Sep 2026
538851,"Bradley Quillen 1144 (PF) -- Cozy Bear Den | Hot Tub, Games, Grill & MORE!",TRUE,TRUE,available,hostaway,140,142.0,89,,2,Pigeon Forge,1-4BR Cabins / House,1-2 Bedroom Cabins,"1-2BR Cabin,Group 3,HA1,Katie,NotKnox,PF; vrbo:5325341; airbnb:1698597305180076529",47 %,31 %,62 %,1,0,4,25 Aug 2026
538875,"Ryan Pack 802 (BC) -- Fox Hollow | Views, Hot Tub, Game Room, Play Area!",TRUE,TRUE,available,hostaway,300,270.0,110,,4,Townsend,1-4BR Cabins / House,3-4 Bedrooms,"3-4BR,Group 2,HA1; vrbo:5366390; airbnb:1718906297013396926",72 %,69 %,71 %,2,0,8,26 Aug 2026
541842,Christina Kittle 1908 (SCounty) -- Creekfront Pet Friendly & Perfect for the Family!,TRUE,TRUE,available,hostaway,145,155.0,95,,2,Sevierville,1-4BR Cabins / House,1-2 Bedroom Cabins,"1-2BR Cabin,Group 3,HA1,NotKnox,Pet,Regina,SCounty,TendwellCleaning; vrbo:5329917; airbnb:1700075562341912541",60 %,40 %,80 %,3,9,15,05 Sep 2026
552312,"Kevin Parrish 3836 (SCounty) -- Firefly Cove: Hot Tub, Zip Line, Theater, & More!",TRUE,TRUE,available,hostaway,210,216.0,100,,4,Sevierville,1-4BR Cabins / House,3-4 Bedrooms,"3-4BR,Group 2,HA1,NotKnox,SCounty,TendwellCleaning; vrbo:5339010; airbnb:1705206164745938431",27 %,29 %,29 %,4,9,17,03 Sep 2026
552342,Philip Graves 857 (PF) -- Mountain High | Spacious+Hot Tub+Game Room+More!,TRUE,TRUE,available,hostaway,310,320.0,150,,5,Pigeon Forge,5-6 Bedrooms,,"5-6BR,Group 2,HA1,NotKnox; vrbo:5410123; airbnb:1730538647256458774",42 %,31 %,46 %,5,15,25,01 Sep 2026
553789,Kumar Sanam 576-4 (PF) -- Dollywood Retreat | Cozy Home w/ Plenty of Games!,TRUE,TRUE,available,hostaway,320,327.0,120,,5,Pigeon Forge,5-6 Bedrooms,,3-4BR; vrbo:5432035; airbnb:1746496103493873845,50 %,46 %,53 %,0,0,0,20 Aug 2026
555142,"Antonio Michaelis 8540 (BC) -- The Skinners Cabin: Hot Tub, Fireplace & Grill!",TRUE,TRUE,available,hostaway,220,238.0,105,,4,Townsend,1-4BR Cabins / House,3-4 Bedrooms,vrbo:5410138; airbnb:1371755542031639561,35 %,31 %,38 %,4,8,12,05 Sep 2026
556488,"Jennifer Prompanya 2412 (SCounty) -- Grand Splash Cabin | Hot Tub, Pool, View, GAMES!",TRUE,TRUE,available,hostaway,230,242.0,110,,3,Sevierville,1-4BR Cabins / House,3-4 Bedrooms,TendwellCleaning; vrbo:5375943; airbnb:1719746437376186720,55 %,43 %,69 %,7,14,34,04 Sep 2026
558401,"Vosa Ayisire 3741 (PF) -- Rustic Elegance: Pool, Game Room & Deck",TRUE,TRUE,available,hostaway,370,361.0,120,,4,Pigeon Forge,1-4BR Cabins / House,3-4 Bedrooms,"3-4BR,Group 1,HA1,NotKnox,PF; vrbo:5336924; airbnb:646133765234102800",62 %,51 %,60 %,2,0,7,25 Aug 2026
558422,"Senthilkumar Davudkadirkamasundram 3725 (PF) -- Make Lasting Memories: Pool, Hot Tub, Games & MORE",TRUE,TRUE,available,hostaway,430,,140,,6,Pigeon Forge,5-6 Bedrooms,,TendwellCleaning; airbnb:1752230873809984529,27 %,18 %,36 %,4,18,18,05 Sep 2026
560527,"Colin and Susan Tigwell 621 (GAT) -- The Spirit Bear Lodge | Hot Tub, Game Room, Grill!",TRUE,TRUE,available,hostaway,240,240.0,110,,3,Gatlinburg,1-4BR Cabins / House,3-4 Bedrooms,"3-4BR,GAT,Group 2,HA1,NotKnox; vrbo:5366391; airbnb:1714567476660359756",67 %,44 %,73 %,3,8,13,01 Sep 2026
563252,"Petra Dunn 976 (SCounty) -- Lakeside Haven: Boat Dock, Ramp, Games, & MORE!",TRUE,TRUE,available,hostaway,180,200.0,100,,3,Sevierville,1-4BR Cabins / House,3-4 Bedrooms,vrbo:5391483; airbnb:1720473535141872854,12 %,8 %,16 %,1,6,6,05 Sep 2026
565680,Ken Marsilio 354 -- Smokies Paradise,FALSE,TRUE,hidden,hostaway,,,,,,Pigeon Forge,,,,100 %,100 %,Unavailable,Unavailable,Unavailable,Unavailable,
567651,"Kelly Armsworth 3634 (SCounty) -- High Smokies Lodge - Game Room, Hot Tub and more!",TRUE,TRUE,available,hostaway,300,300.0,120,,4,Sevierville,1-4BR Cabins / House,3-4 Bedrooms,vrbo:5423524; airbnb:1742047100690638218,42 %,39 %,47 %,6,5,22,02 Sep 2026
567670,"Kelly Armsworth 511 (GAT) -- King of Mountain | Views, Hot Tub, Grill, Games!",TRUE,TRUE,available,hostaway,350,400.0,140,,6,Gatlinburg,5-6 Bedrooms,,vrbo:5452865; airbnb:1755255863013037344,5 %,3 %,7 %,4,0,12,28 Aug 2026
568787,Gary Koontz 255-205 (KCity) -- City Lights in South Gay | Knoxville,TRUE,TRUE,available,hostaway,145,141.0,80,,1,Knoxville,Knox All listing,Knox 1-2BR,vrbo:5445346; airbnb:1750932357218502929,18 %,17 %,24 %,1,0,2,27 Aug 2026
569032,"Jason Riordan 3825 (SCounty) -- Endless Views - Game Room, Arcade, Hot Tub!",TRUE,TRUE,available,hostaway,174,,95,,2,Sevierville,1-4BR Cabins / House,1-2 Bedroom Cabins,airbnb:1750057754530296051,100 %,100 %,Fully Blocked,0,0,0,
569066,Jeff Keithley 371 -- The Tiny Retreat,TRUE,TRUE,available,hostaway,190,,130,,3,Sevierville,1-4BR Cabins / House,3-4 Bedrooms,airbnb:1767523862704794265,100 %,100 %,Fully Blocked,0,0,0,
569122,Ray Cooper 327-207 -- Urban Retreat in Gay Street,FALSE,TRUE,hidden,hostaway,,,,,,Knoxville,,,,100 %,100 %,Unavailable,Unavailable,Unavailable,Unavailable,
569708,Mike Householder 1646 (SCounty) -- Heavenly Mountain View | Peaceful Cabin Escape,TRUE,TRUE,available,hostaway,125,124.0,85,,2,Sevierville,1-4BR Cabins / House,1-2 Bedroom Cabins,vrbo:5412307; airbnb:1735524960418041744,2 %,1 %,2 %,1,0,2,28 Aug 2026
572718,Karin Calimano 3815-18 (GAT) -- Mountain View Loft | Cozy Single-Level Retreat,TRUE,TRUE,available,hostaway,135,132.0,85,,2,Gatlinburg,1-4BR Cabins / House,1-2 Bedroom Cabins,vrbo:5423528; airbnb:1741363977353938304,32 %,21 %,42 %,3,16,19,05 Sep 2026
573027,"Grant Chamberlain 3613 (SCounty) -- Endless MTN Escape: Spacious, Hot Tub, MORE GAMES!",TRUE,TRUE,available,hostaway,180,197.0,100,,3,Sevierville,1-4BR Cabins / House,3-4 Bedrooms,vrbo:5418725; airbnb:1739921760767097075,27 %,26 %,36 %,3,4,14,03 Sep 2026
573344,Gil Rivera 1235-602 (GAT) -- Smoky Laurel Cottage - Mountain Views & Fireplace!,TRUE,TRUE,available,hostaway,134,,95,,2,Gatlinburg,1-4BR Cabins / House,1-2 Bedroom Cabins,vrbo:5466665; airbnb:1757266013761743446,3 %,2 %,0 %,0,0,0,
573790,"James Nipper 3029-3 (SCounty) -- Little Bear Getaway: Hot Tub, Games, Grill, MORE!",TRUE,TRUE,available,hostaway,150,156.0,85,,2,Sevierville,1-4BR Cabins / House,1-2 Bedroom Cabins,vrbo:5425480; airbnb:1739228867331601772,38 %,26 %,51 %,5,10,19,05 Sep 2026
574523,Chaitanya Chopra 1386 -- Family Sweet Retreat,FALSE,TRUE,hidden,hostaway,,,,,,Sevierville,,,,100 %,100 %,Unavailable,Unavailable,Unavailable,Unavailable,
575028,"Manish Birla 660 (Gat) -- Morning Hill Haven - Hot Tub, Fireplace and More!",TRUE,TRUE,available,hostaway,143,143.0,90,,2,Gatlinburg,1-4BR Cabins / House,1-2 Bedroom Cabins,airbnb:1746405451655203373,100 %,100 %,Fully Blocked,0,0,0,
575034,"Walt Rountree 3738 (PF) -- Serene MTN Cabin: Indoor Pool, Hot Tub, & Game Room!",TRUE,TRUE,available,hostaway,360,360.0,130,,4,Pigeon Forge,1-4BR Cabins / House,3-4 Bedrooms,vrbo:5423529; airbnb:838359014728544347,63 %,57 %,67 %,3,0,10,27 Aug 2026
575897,"Samyuktha Ravi 576-8 (PF) -- Smokies Modern Cabin | Fireplace, Fire Pit, Games!",TRUE,TRUE,available,hostaway,205,205.0,100,,4,Pigeon Forge,1-4BR Cabins / House,3-4 Bedrooms,vrbo:5437014; airbnb:1749422062016202981,33 %,28 %,40 %,2,7,7,05 Sep 2026
575958,"Jessee Cook 921 (GAT) -- Smoky Wood Haven - Hot Tub, Game Room, Fireplace!",TRUE,TRUE,available,hostaway,180,180.0,98,,3,Gatlinburg,1-4BR Cabins / House,3-4 Bedrooms,vrbo:5437011; airbnb:1747186752622113295,17 %,11 %,17 %,1,0,6,24 Aug 2026
577224,Jamie Gittemeier 1260-5203 (GAT) -- Cloudline Condo | Gatlinburg | Fireplace & Pools!,TRUE,TRUE,available,hostaway,120,118.0,90,,2,Gatlinburg,1-4BR Cabins / House,1-2 Bedroom Condos,vrbo:5432034; airbnb:1745802468421730482,7 %,4 %,9 %,1,0,2,29 Aug 2026
577259,Kirk Johansen 2845 -- Timber Woods Retreat,FALSE,TRUE,hidden,hostaway,11308,,,,3,Sevierville,,,,100 %,100 %,Fully Blocked,0,0,0,
577271,"Danae Downing 620 (PF) -- American Charm | Hot Tub, Game Room, & Fireplace!",TRUE,TRUE,available,hostaway,320,316.0,140,,5,Pigeon Forge,5-6 Bedrooms,,vrbo:5445330; airbnb:1745684379004898592,50 %,43 %,51 %,5,17,17,02 Sep 2026
577276,"Danae Downing 2620 (SCounty) -- Wild Turkey | Sleeps 18! Views, Hot Tub, & MORE!",TRUE,TRUE,available,hostaway,380,380.0,140,,6,Sevierville,5-6 Bedrooms,,vrbo:5445290; airbnb:1749527395964817385,45 %,46 %,38 %,10,13,40,01 Sep 2026
577281,Greg Drury 1619-14 -- Rustic A-Frame Cabin,FALSE,TRUE,hidden,hostaway,124,,95,,1,Sevierville,1-4BR Cabins / House,1-2 Bedroom Cabins,,0 %,0 %,0 %,0,0,0,
577298,Phillip Dueitt  3710-105 -- Cobbly Nob Skyview,FALSE,TRUE,hidden,hostaway,11156,,,,2,Gatlinburg,,,,100 %,100 %,Fully Blocked,0,0,0,
577727,Jennifer Coley 4413 -- Timber Trail Lodge,FALSE,TRUE,hidden,hostaway,11367,,,,2,Gatlinburg,,,,100 %,100 %,Fully Blocked,0,0,0,
579517,"Greg Drury 1619-14 (SCounty) -- Rustic A-Frame Charm | Hot Tub, Pool Table, Grill!",TRUE,TRUE,available,hostaway,124,,85,,1,Sevierville,1-4BR Cabins / House,1-2 Bedroom Cabins,vrbo:5466405; airbnb:1761749790138915193,18 %,12 %,18 %,3,10,10,06 Sep 2026
580232,Denny Koontz 255-203 (KCity) -- The Downtown Escape | Knoxville,TRUE,TRUE,available,hostaway,140,140.0,90,,1,Knoxville,Knox All listing,Knox 1-2BR,vrbo:5445347; airbnb:1751542316663154242,15 %,10 %,20 %,4,4,10,02 Sep 2026
581922,Jason Paladino 4420 -- AirBnB Luxe*Golf Simulator*Indoor Pool*Hot Tub,FALSE,TRUE,hidden,hostaway,9867,,,,4,Sevierville,,,,100 %,100 %,Fully Blocked,0,0,0,
581926,Thuy Vu 255-204 -- Sterling Loft on Gay | Downtown Knoxville,FALSE,TRUE,hidden,hostaway,5311,,,,1,Knoxville,,,,100 %,100 %,Fully Blocked,0,0,0,
583249,Brad Atkinson 840 -- Timber & Trails Lodge,FALSE,TRUE,hidden,hostaway,9674,,,,2,Gatlinburg,,,,100 %,100 %,Fully Blocked,0,0,0,
585038,Gurmukh Singh 727 -- Smokies Sunrise Retreat,FALSE,TRUE,hidden,hostaway,9599,,,,2,Sevierville,,,,100 %,100 %,Fully Blocked,0,0,0,
585041,Jessica Ryan 551 -- The Rustic Heritage,FALSE,TRUE,hidden,hostaway,9921,,,,4,Pigeon Forge,,,,100 %,100 %,Fully Blocked,0,0,0,
585605,Puja Patel 3141-1 (PF) -- The Ridge Row,FALSE,TRUE,hidden,hostaway,9113,,,,2,Pigeon Forge,,,,100 %,100 %,Fully Blocked,0,0,0,
585609,Jennifer Shirley 1074 (SCounty) -- Red Roof Retreat,FALSE,TRUE,hidden,hostaway,9707,,,,3,Sevierville,,,,100 %,100 %,Fully Blocked,0,0,0,
588227,Nirav Patel 2266 (SCounty) -- The Timber Lookout,FALSE,TRUE,hidden,hostaway,8326,,,,2,Sevierville,,,,100 %,100 %,Fully Blocked,0,0,0,
588230,Craig Sheflin 2746 (SCounty) -- Porchlight Retreat,FALSE,TRUE,hidden,hostaway,8140,,,,2,2746 Pigeon Forge,,,,100 %,100 %,Fully Blocked,0,0,0,
588249,Frank Jerca 3073 (PF) -- The Woodland Perch,FALSE,TRUE,hidden,hostaway,8117,,,,2,Pigeon Forge,,,,100 %,100 %,Fully Blocked,0,0,0,
