Min Price,RevPar STLY,ADR LY,Total Revenue STLY,First Reservation Date,RevPar,Group Name,Occupancy STLY YoY difference,Property Name,Listing ID,Market Penetration RevPar Index,Last Booked date,Sync ON/OFF,Unit Count,ADR STLY,First Sync Date,RevPar LY,Base Price,ADR,Total Revenue LY,RevPar STLY YoY %,PMS Name,Bedroom Count,Sub Group Name,Listing Name,Max Price,Total Revenue STLY YoY %,IS PARENT,Occupancy,Longitude,Base Price Recommendation,City,Market Penetration ADR Index,ADR STLY YoY %,Latitude,Total Revenue,Occupancy STLY,Tag,Market Penetration Index,Occupancy LY
90.0,98.52,161.95,56306.21,2022-03-09,38.41,1-4BR Cabins / House,-34.31,,100830,42.85,2026-04-27T22:39:07,1,1,155.65,2024-05-23,118.42,180.0,132.54,67055.59,-61.01,hostaway,1,1-2 Bedroom Cabins,"Wayne Flatt 536 (GAT) -- Whisk-A-Way - Hot Tub, Pool Table & Jacuzzi!",,-60.7,True,28.98,-83.49700165,180.0,Gatlinburg,69.49,-14.85,35.70930099,22127.38,63.29,"['1-2BR Cabin', 'GAT', 'Group 3', 'HA1', 'Junior', 'Katie', 'Safely', 'BlessedCleaningTyler', 'SCounty', '3-4BR', 'Blake', 'Group 2', 'NotKnox', '1BDR', '4Guest', 'hottub', 'OB2/18/22']",61.67,73.12
105.0,133.71,218.86,75052.04,2022-03-08,99.9,1-4 BR with MINIMUM REQUESTS,-28.64,,101822,53.4,2026-09-06T09:25:27,1,1,232.51,2024-05-23,173.6,190.0,346.05,98306.88,-25.29,hostaway,4,,"Erin Thrasher 379 (JC) -- The Lookout - Lake View w/Access, Hot Tub & Grill!",,-35.52,True,28.87,-83.3302002,181.0,Dandridge,82.46,48.83,35.97280121,48393.97,57.51,"['Group 3', 'HA1', 'JC', 'Junior', 'Safely', 'Summer', 'BlessedCleaningTyler', 'Lily', '3-4BR', 'SCounty', '1-2BR Cabin', 'Blake', 'NotKnox', 'Dandridge', '4BDR', '8guest', 'view', 'dock', 'OB3/1/22', 'min rate']",64.76,79.32
100.0,49.53,129.24,28590.19,2022-04-09,54.97,1-4 BR with MINIMUM REQUESTS,5.54,,101823,51.83,2026-08-23T20:24:33,1,1,127.63,2024-05-23,78.35,125.0,123.96,45509.29,10.98,hostaway,2,1-2 Bedroom Condos,"Sue Landis 410-3002 (PF) -- A View to Remember - Mountain Views, Resort Pools!",,6.86,True,44.35,-83.5816924,128.0,Pigeon Forge,55.29,-2.88,35.8018593,30552.69,38.81,"['1-2BR Condo', 'Group 3', 'HA1', 'Junior', 'Lily', 'NotKnox', 'PF', 'Safely', 'BlessedCleaningTyler', 'SCounty', '1-2BR Cabin', '3-4BR', 'Summer', '2BDR', '6Guest', 'Indoor Community pool', 'outdoor community pool', 'community gameroom', 'Community Fitness Center', 'OB3/1/22', 'min rate']",93.74,60.62
110.0,120.1,197.28,66857.19,2022-03-11,116.86,Knox All listing,-16.87,,102072,115.09,2026-09-02T13:02:23,1,1,201.08,2024-05-23,153.5,230.0,272.67,85242.46,-2.7,hostaway,2,Knox 1-2BR,Leigh Burch 116-103 (KCity) -- Urban Sterchi Lofts - Downtown Knoxville,,-11.63,True,42.86,-83.91999817,228.0,Knoxville,110.88,35.6,35.96849823,59084.17,59.73,"['1-2BR Condo', 'EasyBNBAmanda', 'Group 2', 'HA1', 'KCity', 'Regina', 'Safely', 'KnoxStaytion', 'SCounty', '1-2BR Cabin', '3-4BR', 'Kyle', 'leigh', 'NotKnox', 'Knox', '2BDR', '4Guest', 'OB3/4/22', 'Normal']",103.8,77.81
94.0,0.0,0.0,0.0,2022-03-11,0.0,,0.0,,102378,0.0,2024-11-20T00:24:51,0,1,0.0,2024-05-23,0.0,185.0,0.0,0.0,0.0,hostaway,3,,Cheryl Yohannan 1115 (SCounty) -- Maple Ridge w/ Mtn View & Fireplace!,,0.0,True,0.0,-83.31390381,,Sevierville,0.0,0.0,35.87789917,0.0,0.0,"['Blocked Calendar', 'NotKnox', 'Pet', 'SCounty']",0.0,0.0
149.0,11.21,164.4,7244.97,2022-03-18,0.0,,-6.82,,102943,0.0,2025-02-27T03:20:37,0,1,164.4,2024-05-23,11.21,300.0,0.0,7244.97,-100.0,hostaway,2,,Valerie Knowles 4840 (SCounty) -- Poolin' Around w/ Private Hot Tub & Indoor Pool!,,-100.0,True,0.0,-83.5522995,,Pigeon Forge,0.0,-100.0,35.75930023,0.0,6.82,"['1-2BR Cabin', 'Blocked Calendar', 'HA1', 'NotKnox', 'SCounty']",0.0,6.82
79.0,18.9,105.01,9636.94,2022-03-30,0.0,,-17.85,,104011,0.0,2025-11-14T19:09:56,0,1,105.93,2024-05-23,20.35,124.0,0.0,10359.34,-100.0,hostaway,1,,Spike & Nadim 813-3 (KCity) -- Hall of Fame - Downtown Knoxville,,-100.0,True,0.0,-83.91670227,,Knoxville,0.0,-100.0,35.97969818,0.0,17.85,"['1-2BR Cabin', 'Blocked Calendar', 'Group 3', 'KCity', 'MadersCleaningTeresa', 'Regina', 'Safely']",0.0,19.38
95.0,95.69,185.14,51347.99,2022-04-01,107.61,1-4BR Cabins / House,6.63,,104542,82.49,2026-09-06T00:51:33,1,1,178.0,2024-05-23,118.79,150.0,178.2,63679.2,12.46,hostaway,3,3-4 Bedrooms,Terry Reeves 830 (PF) -- Higher Ground Condo w/ Mountain & Golf View,,-17.03,True,60.39,-83.53910065,150.0,Pigeon Forge,65.83,0.11,35.78789902,42601.92,53.76,"['Group 3', 'HA1', 'Junior', 'Katie', 'NotKnox', 'PF', 'Safely', 'TendwellCleaning', 'BlessedCleaningTyler', '3-4BR', 'SCounty', '1-2BR Cabin', 'Blake', 'Kyle', 'Community Indoor/outdoor Pool', 'Condo', 'OB3/30/22']",125.32,64.16
170.0,8.97,297.53,5970.69,2022-04-16,0.0,,-3.01,,104714,0.0,2025-01-01T20:22:14,0,1,297.53,2024-05-23,8.97,450.0,0.0,5970.69,-100.0,hostaway,5,,"James Urban 3030 (SCounty) -- Redtail Retreat w/ Kid's Den, Fireplace & Hot Tub!",,-100.0,True,0.0,-83.68979645,,Sevierville,0.0,-100.0,35.73619843,0.0,3.01,"['5-6BR', 'Blocked Calendar', 'HA1', 'NotKnox', 'SCounty']",0.0,3.01
80.0,49.07,124.5,27761.55,2022-04-14,57.87,1-4BR Cabins / House,8.54,,105239,54.67,2026-09-05T22:23:59,1,1,117.17,2024-05-23,74.84,130.0,114.77,43293.81,17.93,hostaway,2,1-2 Bedroom Condos,Vicki Allbert 410-2003 (PF) -- The Bear Paw Palace - Mtn View & Community Pools!,,19.43,True,50.42,-83.58159637,116.0,Pigeon Forge,51.19,-2.05,35.80189896,33156.34,41.88,"['1-2BR Condo', 'Group 3', 'HA1', 'Junior', 'Katie', 'NotKnox', 'PF', 'Safely', 'BlessedCleaningTyler', 'SCounty', '1-2BR Cabin', '3-4BR', 'Blake', 'Kyle', '2BDR', '6guest', 'Community indoor pool', 'Community outdoor Pool', 'OB4/5/22']",106.8,60.11
,0.0,0.0,0.0,,0.0,,0.0,,105603,0.0,,0,1,0.0,2024-05-23,0.0,300.0,0.0,0.0,0.0,hostaway,4,,"Sue Schultz 3118 (SCounty) · Knotty But Nice - Hot Tub, Jacuzzis, & Fireplaces! -- Knotty But Nice - Hot Tub, Jacuzzis, & Fireplaces!",,0.0,True,0.0,-83.47470093,,Sevierville,0.0,0.0,35.80179977,0.0,0.0,[''],0.0,0.0
,0.0,0.0,0.0,,0.0,,0.0,,105607,0.0,,0,1,0.0,2024-05-23,0.0,225.0,0.0,0.0,0.0,hostaway,3,,"Sue Schultz 1627 (SCounty) · Highland View - Hot Tub, Pool Table, & Fireplace! -- Highland View - Hot Tub, Pool Table, & Fireplace!",,0.0,True,0.0,-83.58699799,,Pigeon Forge,0.0,0.0,35.75189972,0.0,0.0,[''],0.0,0.0
,7.72,939.44,4826.6,2023-02-17,0.0,,-0.82,,106587,0.0,2024-11-30T18:33:56,0,1,939.44,2024-05-23,7.72,970.0,0.0,4826.6,-100.0,hostaway,8,,Lily Phillips Combo 305/308 (PF) -- Swimming Bears Lodge-Two Cabins w/ Pools&HotTubs!,,-100.0,True,0.0,-83.55000305,,Pigeon Forge,0.0,-100.0,35.77799988,0.0,0.82,"['7+BR', 'Blocked Calendar', 'HA1', 'NotKnox', 'PF']",0.0,0.82
95.0,79.26,171.5,46738.75,2022-05-06,99.74,1-4BR Cabins / House,9.31,,106774,100.8,2026-09-03T20:13:19,1,1,160.72,2024-05-23,115.58,170.0,170.11,66767.08,25.84,hostaway,2,1-2 Bedroom Cabins,"Stephen Fu 225 (PF) -- Bear Hugs - Hot Tub, 2 Fire Pits, Fireplace!",,17.65,True,58.63,-83.56739807,173.0,Pigeon Forge,81.3,5.84,35.81439972,54986.31,49.32,"['1-2BR Cabin', 'Group 2', 'HA1', 'NotKnox', 'PF', 'Safely', 'Summer', 'BlessedCleaningTyler', 'Lily', 'SCounty', '3-4BR', 'Group 1', '2bdr', '8guest', 'hottub', 'Community Pool', 'OB4/18/22', 'Normal']",123.98,67.4
95.0,64.5,143.31,42046.27,2022-04-30,67.5,1-4BR Cabins / House,-2.5,,107045,54.47,2026-09-06T02:12:42,1,1,126.51,2024-05-23,95.94,135.0,139.24,59955.21,4.65,hostaway,3,3-4 Bedrooms,"Rob Hart 1141 (SCounty) -- The Hartland - Hot Tub, Jacuzzi, Arcade Game, Fireplace!",,-1.85,True,48.48,-83.49490356,135.0,Sevierville,57.11,10.06,35.75889969,41266.96,50.98,"['Group 3', 'HA1', 'Lily', 'NotKnox', 'Safely', 'SCounty', 'BlessedCleaningTyler', 'Summer', '3-4BR', '1-2BR Cabin', 'Group 2', 'PF', 'McCookville', '3BDR', '8guest', 'hottub', 'OB4/20/22', 'Junior', 'Low 3-4BR']",95.38,66.95
75.0,69.21,135.38,45172.87,2022-05-27,70.96,1-4BR Cabins / House,4.11,,109599,79.75,2026-09-01T01:58:08,1,1,130.21,2024-05-23,90.13,135.0,123.92,57481.24,2.53,hostaway,2,1-2 Bedroom Cabins,Brian Albaum 442 (SCity) -- Fishin' N Wishin'- Pet Friendly + HotTub!,,-6.52,True,57.26,-83.58360291,137.0,Sevierville,59.26,-4.83,35.8606987,42228.96,53.15,"['1-2BR Cabin', 'Group 1', 'HA1', 'Katie', 'NotKnox', 'Pet', 'Safely', 'SCity', 'TendwellCleaning', 'Summer', 'OglesCleaningTrenton', 'SCounty', '3-4BR', 'Group 2', 'Sevierville', '2BDR', '5Guest', 'Hottub', 'Pond', 'OB5/11/22', 'Normal']",134.57,66.58
,66.93,165.5,37303.95,2022-05-28,5.84,,-41.1,,109941,4.34,2026-02-13T08:29:06,0,1,147.16,2024-05-23,97.94,190.0,133.29,53527.69,-91.27,hostaway,3,,Kelly Laquet 518 (SCounty) -- Little Cub Cottage - Mtn Views / Community Pools!,,-89.76,True,4.38,-83.3451004,,Gatlinburg,47.86,-9.43,35.76750183,3820.56,45.48,"['Group 3', 'HA1', 'Junior', 'Lily', 'NotKnox', 'Safely', 'SCounty', 'BlessedCleaningTyler']",9.07,59.18
,0.0,0.0,0.0,2022-05-28,0.0,,0.0,,110662,0.0,2024-09-17T22:53:04,0,1,0.0,2024-05-23,0.0,150.0,0.0,0.0,0.0,hostaway,2,,"Jen Winters 526 (BC) -- Bigfoot Haven-JacuzziTub, Fireplace, Seen on HGTV!",,0.0,True,0.0,-83.80999756,,Townsend,0.0,0.0,35.67630005,0.0,0.0,"['1-2BR Cabin', 'BC', 'Blocked Calendar', 'HA1', 'NotKnox']",0.0,0.0
100.0,82.73,173.11,52469.05,2022-06-13,2.52,1-4BR Cabins / House,-45.6,,111312,1.79,2026-01-20T21:41:22,1,1,173.11,2024-05-23,82.73,210.0,115.0,52469.05,-96.95,hostaway,3,3-4 Bedrooms,"Jay Hwang 936 (SCounty) -- Smokies Sunset: MTN Views, Hot Tub, Games & MORE!",,-97.43,True,2.19,-83.59049988,207.0,Sevierville,41.58,-33.57,35.78099823,1350.35,47.79,"['Group 1', 'HA1', 'NotKnox', 'Safely', 'SCounty', 'Summer', 'BlessedCleaningTyler', '3-4BR', '1-2BR Cabin', 'PF', '3bdr', '8guest', 'hottub', 'OB5/27/22', 'Top', 'Med 3-4BR']",4.3,47.79
80.0,57.81,128.79,33257.46,2022-06-05,56.76,1-4BR Cabins / House,0.94,,111417,60.76,2026-08-30T18:47:04,1,1,125.26,2024-05-23,79.96,130.0,120.53,45446.68,-1.82,hostaway,2,1-2 Bedroom Condos,Barbara Dorr 229-203 (BC) -- Charming Cades Cove Condo - Community Amenities!,,-6.27,True,47.09,-83.77059937,128.0,Townsend,64.15,-3.78,35.67689896,31172.98,46.15,"['1-2BR Condo', 'BC', 'Group 3', 'HA1', 'Junior', 'Katie', 'NotKnox', 'Safely', 'BlessedCleaningTyler', 'SCounty', '1-2BR Cabin', '3-4BR', 'Blake', 'Kyle', 'Townsend Condo', 'Townsend', 'condo', '2bdr', '6guest', 'OB5/27/22']",94.71,62.09
149.0,144.2,302.93,79130.58,2022-06-08,0.0,,-45.98,,111550,0.0,2025-09-26T05:05:07,0,1,313.58,2024-05-23,146.85,365.0,0.0,81275.4,-100.0,hostaway,4,,"Heidi Hutchinson 4514 (SCounty) -- Rocky Retreat - Mtn View, Theater & Community Pool",,-100.0,True,0.0,-83.55090332,,Pigeon Forge,0.0,-100.0,35.76050186,0.0,45.98,"['Blocked Calendar', 'HA1', 'NotKnox', 'SCounty']",0.0,48.48
,81.16,327.07,47523.11,2022-07-01,15.87,,-21.11,,111715,5.75,2025-12-31T17:57:47,0,1,308.41,2024-05-23,106.91,350.0,304.88,61784.23,-80.45,hostaway,5,,"Ed Zorn 1531 (SCounty) -- Bear Creek Cabin - Mtn View, Hot Tub & Game Room!",,-76.6,True,5.21,-83.6167984,,Sevierville,55.39,-1.14,35.78120041,11119.77,26.32,"['5-6BR', 'Group 1', 'Katie', 'Key', 'NotKnox', 'Safely', 'SCounty', 'TendwellCleaning']",10.4,32.69
95.0,100.31,236.6,62694.2,2022-06-10,117.5,1-4BR Cabins / House,11.51,,111957,83.34,2026-09-02T21:39:02,1,1,208.02,2024-05-23,152.33,220.0,196.73,89095.3,17.14,hostaway,3,3-4 Bedrooms,"Jay Hwang 920 (SCounty) -- Falcon's Lodge - Mtn View, Hot Tub, & Pool Table!",,9.71,True,59.73,-83.58920288,220.0,Sevierville,70.94,-5.43,35.78070068,68779.64,48.22,"['Group 1', 'HA1', 'NotKnox', 'Pet', 'Safely', 'SCounty', 'Summer', 'BlessedCleaningTyler', '3-4BR', '1-2BR Cabin', 'PF', '3BDR', '8guest', 'hottub', 'view', 'OB6/3/22', 'Top', 'Med 3-4BR']",117.49,64.38
110.0,213.29,339.44,124000.49,2022-06-17,61.03,1-4BR Cabins / House,-40.35,,112729,34.29,2026-05-04T03:55:30,0,1,325.32,2024-05-23,245.93,320.0,242.14,140827.84,-71.39,hostaway,4,3-4 Bedrooms,Dylan Robinson 3741 (PF) -- Indoor Pool & Hot Tub!,,-67.8,True,25.21,-83.55039978,287.0,Pigeon Forge,65.38,-25.57,35.77890015,39931.18,65.56,"['Group 1', 'HA1', 'NotKnox', 'PF', 'Safely', 'Summer', 'BlessedCleaningTyler', '3-4BR', 'SCounty', '1-2BR Cabin', '4BDR', '14Guest', 'Indoor Pool', 'games', 'OB6/11/22', 'Key', 'High 3-4BR']",52.46,72.45
79.0,4.63,125.32,2519.49,2022-07-02,0.0,,-4.9,,113089,0.0,2025-10-29T17:46:28,0,1,94.55,2024-05-23,13.51,115.0,0.0,6474.79,-100.0,hostaway,1,,Nadim Jubran 813-2 (KCity) -- Historic Loft - 5 minutes to downtown!,,-100.0,True,0.0,-83.91670227,,Knoxville,0.0,-100.0,35.97969818,0.0,4.9,"['1-2BR Cabin', 'Group 3', 'KCity', 'MadersCleaningTeresa', 'Regina', 'Safely']",0.0,10.78
60.0,43.5,96.26,28070.14,2022-08-04,33.18,1-4BR Cabins / House,-3.82,,113415,40.09,2026-08-30T18:25:21,1,1,92.32,2024-05-23,58.81,100.0,76.63,37359.97,-23.72,hostaway,1,1-2 Bedroom Cabins,"Lewis Anderson 2691 (SCounty) -- Sevierville Tiny Home w/ Hot Tub, Fire Pit & Grill",,-26.71,True,43.3,-83.44979858,90.0,Sevierville,41.76,-17.0,35.91350174,20572.04,47.12,"['1-2BR Cabin', 'Group 3', 'HA1', 'Junior', 'Katie', 'NotKnox', 'Safely', 'SCounty', 'BlessedCleaningTyler', '3-4BR', 'Blake', 'Dandridge', 'tinyhome', 'hottub', '1bdr', '4guest', 'OB6/16/22']",96.01,61.1
95.0,85.19,179.64,43962.48,2022-06-30,48.77,1-4BR Cabins / House,-20.81,,113999,28.33,2026-09-01T00:59:38,1,1,182.63,2024-05-23,100.86,150.0,188.72,52898.32,-42.75,hostaway,4,3-4 Bedrooms,"Gregg VanHorn 4783 (BC) -- Quietside Cabin- Grill, Fire Pit, Fireplace!",,-30.99,True,25.84,-83.83699799,134.0,Walland,55.04,3.33,35.73910141,30336.33,46.65,"['BC', 'EasyBNBAmanda', 'Group 2', 'HA1', 'Junior', 'Katie', 'Safely', '3-4BR', 'SCounty', '1-2BR Cabin', 'NotKnox', 'Summer', 'Townsend', 'Melrose', 'theater', '4bdr', '15guest', 'OB6/23/22', 'High 3-4BR']",51.46,56.15
,74.93,225.93,45884.84,2022-09-02,1.19,,-34.52,,114808,0.52,2025-12-23T01:43:34,0,1,215.34,2024-05-23,88.51,270.0,436.14,53801.6,-98.41,hostaway,5,,Cindy Standsberry 2572 (PF) -- Highland Forest Cabins - Duo Cabin Retreat!,,-98.64,True,0.27,-83.55549622,,Pigeon Forge,95.51,102.54,35.7981987,623.16,34.79,"['Blocked Calendar', 'PF']",0.54,39.18
100.0,78.72,245.55,48777.28,2022-08-05,90.53,1-4BR Cabins / House,6.58,,114919,57.54,2026-09-01T12:01:15,1,1,222.73,2024-05-23,106.97,180.0,215.97,63757.86,15.0,hostaway,4,3-4 Bedrooms,"Stephen Fu 2107 (GAT) -- Serenity View- FirePit, Game Room, Community Pools",,8.53,True,41.92,-83.54989624,177.0,Gatlinburg,63.85,-3.04,35.70439911,52938.36,35.34,"['GAT', 'Group 2', 'HA1', 'NotKnox', 'Safely', 'Summer', 'BlessedCleaningTyler', 'SCounty', '1-2BR Cabin', '3-4BR', 'Group 1', '4BDR', '14Guest', 'hottub', 'gameroom', 'OB7/1/22', 'Normal', 'Low 3-4BR']",90.13,43.56
89.0,17.19,110.08,10987.07,2022-07-22,0.0,,-15.62,,115442,0.0,2025-03-19T14:27:50,0,1,110.08,2024-05-23,17.19,160.0,0.0,10987.07,-100.0,hostaway,3,,Ricky Garcia 2755 (JC) -- Enchanted Forest Retreat - Secluded w/ Fire Pit!,,-100.0,True,0.0,-83.35040283,,Dandridge,0.0,-100.0,35.96260071,0.0,15.62,"['Blocked Calendar', 'HA1', 'JC', 'NotKnox']",0.0,15.62
99.0,0.0,0.0,0.0,,0.0,,0.0,,117916,0.0,2022-12-28T20:41:27,0,1,0.0,2024-05-23,0.0,180.0,0.0,0.0,0.0,hostaway,3,,"Ankur Sharma 4907 (SCounty) · Gatlin-Barn - Secluded, Hot Tub, & Game Room! -- Gatlin-Barn - Secluded, Hot Tub, & Game Room!",,0.0,True,0.0,-83.30329895,,Gatlinburg,0.0,0.0,35.76580048,0.0,0.0,"['Pittman Center', 'hottub', '3BDR', '16guest', 'OB 7/28/22', 'Junior', 'Low 3-4BR']",0.0,0.0
,132.85,350.06,75366.53,2022-08-05,0.0,,-37.95,,118033,0.0,2025-08-08T01:57:27,0,1,350.06,2024-05-23,132.85,395.0,0.0,75366.53,-100.0,hostaway,5,,"Praveen Raghavan 1120 (GAT) -- The Sundrop - Hot Tub, Game Room & Community Pools",,-100.0,True,0.0,-83.5530014,,Gatlinburg,0.0,-100.0,35.71220016,0.0,37.95,"['5-6BR', 'Blocked Calendar', 'GAT', 'HA1', 'NotKnox']",0.0,37.95
80.0,41.85,115.5,28133.52,2022-08-20,56.29,1-4BR Cabins / House,16.71,,118217,37.2,2026-09-02T22:38:57,1,1,105.34,2024-05-23,59.49,125.0,99.73,39923.22,34.5,hostaway,3,3-4 Bedrooms,Brian Hopp 3163 (SCounty) -- Hopp On Inn - Secluded 3BR Home!,,2.46,True,56.44,-83.6521635,115.0,Sevierville,34.29,-5.33,35.7182217,28824.6,39.73,"['Group 3', 'Junior', 'Katie', 'Pet', 'Safely', 'SCounty', 'BlessedCleaningTyler', '3-4BR', 'HA3', '1-2BR Cabin', 'Group 2', 'Kyle', 'NotKnox', '3bdr', 'dandridge', '7guest', 'OB8/9/22', 'Normal']",108.48,51.51
100.0,115.9,191.08,58176.5,2022-09-23,97.11,1-4BR Cabins / House,-9.6,,122798,79.77,2026-09-03T19:58:08,1,1,179.89,2024-05-23,143.73,180.0,177.11,71851.19,-16.21,hostaway,3,3-4 Bedrooms,"Larry Burton 725 (SCounty) -- Forest Home - Hot Tub, Fire Pit & Pool Table!",,-4.86,True,54.83,-83.59799957,163.0,Pigeon Forge,72.46,-1.55,35.80289841,55347.68,64.43,"['Group 3', 'HA1', 'Junior', 'Lily', 'NotKnox', 'Safely', 'SCounty', 'TendwellCleaning', 'FleurishAlicia', '3-4BR', '1-2BR Cabin', 'Blake', 'Feedback', 'PF', '3BDR', '9guest', 'hottub', 'gameroom', 'OB9/15/22', 'Med 3-4BR']",110.1,75.22
100.0,106.53,205.82,52123.58,2022-10-20,135.22,1-4BR Cabins / House,14.48,,122943,81.16,2026-08-26T13:48:00,1,1,191.26,2024-05-23,150.84,180.0,192.69,72887.26,26.93,hostaway,3,3-4 Bedrooms,"Jana Baumann 2613 (SCounty) -- Honey Bear Hollow - Hot Tub, Fire Place, Game Room",,-0.81,True,70.18,-83.67630005,181.0,Sevierville,60.52,0.75,35.72639847,51699.94,55.7,"['Group 1', 'HA1', 'Katie', 'NotKnox', 'Pet', 'Safely', 'SCounty', 'TendwellCleaning', 'Summer', '3-4BR', '1-2BR Cabin', 'Group 2', 'MagicleanAnya', 'PF', 'Wears Valley', '3BDR', '6Guest', 'View', 'Hottub', 'OB9/14/22', 'Junior', 'High 3-4BR']",134.11,73.29
199.0,0.0,0.0,0.0,,0.0,,0.0,,124201,0.0,,0,1,0.0,,0.0,425.0,0.0,0.0,0.0,hostaway,4,,"William Endres 316 (PF) · Huckleberry Lodge-Indoor Pool, Hot Tub, Game Room -- Huckleberry Lodge-Indoor Pool, Hot Tub, Game Room",,0.0,True,0.0,-83.54969788,,Pigeon Forge,0.0,0.0,35.77870178,0.0,0.0,"['PF', '4BDR', '13guests', 'indoor pool', 'hottub', 'OB9/22/22', 'Key']",0.0,0.0
95.0,95.29,195.63,57406.8,2022-10-09,115.14,1-4BR Cabins / House,6.02,,125166,93.31,2026-09-06T14:26:02,1,1,185.01,2024-05-23,131.31,210.0,200.12,78034.07,20.83,hostaway,3,3-4 Bedrooms,Eric Adams 814 (SCounty) -- Pet-friendly Rustic Cabin w/ Game Room and Deck,,12.34,True,57.53,-83.50350189,215.0,Pigeon Forge,82.31,8.17,35.75699997,64493.52,51.51,"['Group 2', 'HA1', 'NotKnox', 'Pet', 'Regina', 'Safely', 'SCounty', 'BlessedCleaningTyler', '3-4BR', '1-2BR Cabin', 'Blake', 'Feedback', 'Kyle', 'PF', 'McCookville', '3BDR', '8Guest', 'hottub', 'OB9/29/22', 'Normal', 'Low 3-4BR']",113.36,67.12
109.0,0.0,0.0,0.0,2022-11-04,11.62,,0.55,,129364,8.48,2026-01-06T00:23:05,0,1,0.0,2024-05-23,0.0,245.0,2120.0,0.0,,hostaway,4,,Spike McCamy 133 (KCity) -- Pruett Place Downtown Home,,,True,0.55,-83.92620087,,Knoxville,734.4,,35.97679901,5236.11,0.0,"['Blocked Calendar', 'HA2', 'KCity']",1.16,0.0
100.0,153.35,224.83,84305.85,2023-04-25,145.73,1-4BR Cabins / House,-8.7,,130957,111.87,2026-09-01T21:51:03,1,1,215.18,2024-05-23,194.43,250.0,232.91,105860.21,-4.97,hostaway,2,1-2 Bedroom Cabins,Joey Henshaw 2420 (SCounty) -- A Shining Starr - Beautiful MTN Views & Hot Tub!,,-10.98,True,62.57,-83.5217006,250.0,Sevierville,97.35,8.24,35.7935223,75048.46,71.27,"['1-2BR Cabin', 'Group 2', 'HA4', 'Katie', 'NORMAL', 'NotKnox', 'Safely', 'SCounty', 'BlessedCleaningTyler', '3-4BR', 'Kyle', 'PF', '2bdr', '8guest', 'view', 'hottub', 'OB11/9/22', 'Normal']",114.91,86.48
80.0,40.28,126.82,23034.52,2022-12-16,55.36,1-4BR Cabins / House,10.06,,133425,66.89,2026-09-01T22:46:01,1,1,126.43,2024-05-23,59.72,125.0,132.06,34070.3,37.44,hostaway,2,1-2 Bedroom Condos,"Mary Bierds 3215-503 (PF) -- Dolly Dreams - Fireplace, Minutes to Dollywood!",,40.71,True,41.92,-83.55809784,122.0,Pigeon Forge,73.29,4.45,35.79339981,32412.0,31.86,"['1-2BR Condo', 'Group 3', 'HA1', 'Junior', 'Lily', 'NotKnox', 'PF', 'Safely', 'BlessedCleaningTyler', 'SCounty', '1-2BR Cabin', '3-4BR', 'Summer', '2BDR', '6guest', 'Community', 'OB12/2/22']",91.27,47.09
98.0,85.65,181.65,50449.41,2023-03-10,2.1,,-46.92,,134846,1.49,2025-12-17T23:15:12,0,1,180.43,2024-05-23,115.83,195.0,383.98,67937.11,-97.55,hostaway,3,,"Christine Stowers 645 (SCounty) -- Sweet Mountain Escape - View, Hot Tub, & Fire Pit!",,-98.08,True,0.55,-83.43588,,Sevierville,133.89,112.81,35.8747013,969.2,47.47,"['Group 2', 'HA1', 'NotKnox', 'Safely', 'SCounty', 'Summer', 'BlessedCleaningTyler']",1.12,63.76
110.0,234.35,367.45,132037.43,2023-03-06,174.29,1-4BR Cabins / House,-15.07,,139937,97.27,2026-08-13T19:38:48,0,1,359.4,2024-05-23,279.87,330.0,347.62,156122.83,-25.63,hostaway,4,3-4 Bedrooms,"Dylan Robinson 3734 (PF) -- Honeycomb Hollow - View, Hot Tub, Pool & Game Room",,-26.95,True,50.14,-83.5506217,355.0,Pigeon Forge,93.01,-3.28,35.7786399,96458.22,65.21,"['Group 1', 'HA4', 'NotKnox', 'Pet', 'PF', 'Safely', 'Summer', 'BlessedCleaningTyler', '3-4BR', 'SCounty', '1-2BR Cabin', '4BDR', '14guest', 'hottub', 'indoor pool', 'gameroom', 'OB02/22/23', 'Key', 'Med 3-4BR']",104.59,76.16
110.0,196.93,366.51,112375.4,2023-03-10,128.88,1-4BR Cabins / House,-18.08,,139943,70.84,2026-07-19T02:00:37,1,1,350.64,2024-05-23,250.03,305.0,338.43,141523.35,-34.56,hostaway,4,3-4 Bedrooms,"Dylan Robinson 3738 (PF) -- Modern Cabin w/ Indoor Pool, MTN View, & Game Room",,-36.91,True,38.08,-83.5515989,328.0,Pigeon Forge,89.47,-3.48,35.7786696,70901.77,56.16,"['Group 1', 'HA4', 'NotKnox', 'Pet', 'PF', 'Safely', 'Summer', 'BlessedCleaningTyler', '3-4BR', 'SCounty', '1-2BR Cabin', '4BDR', '14guest', 'hottub', 'indoor pool', 'ganeroom', 'OB02/22/23', 'Key', 'Low 3-4BR']",79.17,68.22
,0.0,0.0,0.0,,0.0,,0.0,,140685,0.0,,0,1,0.0,2024-05-23,0.0,360.0,0.0,0.0,0.0,hostaway,3,,"Julie Seedorf 702 (SCounty) · Lakeside Point - Private Dock, Game Room & Hot Tub -- Lakeside Point - Private Dock, Game Room & Hot Tub",,0.0,True,0.0,-83.5106225,,Pigeon Forge,0.0,0.0,35.94155717,0.0,0.0,[''],0.0,0.0
110.0,218.34,381.26,121190.16,2023-03-08,227.08,1-4 BR with MINIMUM REQUESTS,-1.05,,141714,118.86,2026-09-05T22:25:44,1,1,357.67,2024-05-23,290.38,340.0,378.46,158929.92,4.0,hostaway,4,,"Chris Elkendier 1622 (SCounty) -- 3 Pines Lodges: Luxury, Mountain View, & Hot Tub!",,4.3,True,60.0,-83.3503734,327.0,Sevierville,95.88,5.81,35.868823,126399.57,61.05,"['Group 1', 'HA1', 'NotKnox', 'Safely', 'SCounty', 'Summer', 'TendwellCleaning', 'BlessedCleaningTyler', '3-4BR', '1-2BR Cabin', 'Andrew', 'Servierville', '4bdr', '12guest', 'hottub', 'gameroom', 'view', 'OB1/18/23', 'Top', 'Med 3-4BR', 'min LOS']",123.97,76.16
80.0,56.59,117.85,30998.62,2023-02-18,0.0,,-47.95,,141926,0.0,2025-12-15T00:54:03,0,1,118.02,2024-05-23,69.74,150.0,0.0,38633.35,-100.0,hostaway,2,,Sarka Cernosek 326-101 (BC) -- The Shooting Star - Townsend Condo,,-100.0,True,0.0,-83.7697097,,Townsend,0.0,-100.0,35.6779272,0.0,47.95,"['1-2BR Condo', 'BC', 'Group 3', 'HA1', 'Junior', 'Katie', 'NotKnox', 'Safely', 'BlessedCleaningTyler']",0.0,59.18
90.0,63.37,150.14,41602.82,2023-02-02,83.6,1-4BR Cabins / House,13.13,,142112,103.87,2026-09-06T02:29:19,1,1,139.33,2024-05-23,102.01,140.0,142.64,65040.71,31.92,hostaway,2,1-2 Bedroom Cabins,Ashley May 1619 (SCounty) -- Home Sweet Hideaway - Retreat Near Pigeon Forge!,,21.03,True,58.61,-83.56077325,139.0,Sevierville,73.41,2.38,35.82864425,50352.35,45.48,"['1-2BR Cabin', 'Group 1', 'HA1', 'NotKnox', 'Safely', 'SCounty', 'Summer', 'TendwellCleaning', 'FleurishAlicia', '3-4BR', '2BDR', '8guest', 'hottub', 'pooltable', 'OB1/23/23', 'Sevierville', 'Key']",141.5,67.95
105.0,98.91,178.45,52510.48,2023-02-10,104.34,Knox All listing,-8.71,,142770,111.69,2026-09-04T03:37:07,1,1,172.12,2024-05-23,134.21,180.0,214.04,71858.74,5.49,hostaway,2,Knox 1-2BR,Hali Hoag 435 (KCity) -- Blue Valley Inn - Hot Tub & Spacious Play Area!,,6.73,True,48.75,-83.9358656,174.0,Knoxville,101.63,24.36,35.9939143,56042.97,57.46,"['1-2BR Cabin', 'Group 3', 'HA2', 'KCity', 'MadersCleaningTeresa', 'Regina', 'Safely', 'KnoxStaytion', 'SCounty', '3-4BR', 'Kyle', 'NotKnox', 'Knox', '2BDR', '6guest', 'hottub', 'OB2/01/23', 'Junior']",109.9,75.21
170.0,168.71,408.57,93424.02,2023-03-01,0.0,,-41.29,,143901,0.0,2025-07-21T01:11:52,0,1,408.57,2024-05-23,168.71,460.0,0.0,93424.02,-100.0,hostaway,5,,Susan Seaman 2943 (KCounty) -- Lakeside Retreat - Private Lake Access & Hot Tub!,,-100.0,True,0.0,-84.24808,,Knoxville,0.0,-100.0,35.921372,0.0,41.29,"['5-6BR', 'Blocked Calendar', 'HA2', 'KCounty']",0.0,41.29
210.0,250.73,459.37,126345.36,2023-03-18,229.91,5-6 Bedrooms,0.71,,146019,83.77,2026-09-05T19:32:48,1,1,434.52,2024-05-23,320.59,420.0,393.61,159899.73,-8.3,hostaway,5,,John Bryan 4144 (SCounty) -- Grands Mountain House: New Build w/ Private Pool,,-10.32,True,58.41,-83.6683589,450.0,Sevierville,73.99,-9.41,35.73039,113302.5,57.7,"['5-6BR', 'Group 1', 'HA1', 'NotKnox', 'Safely', 'SCounty', 'Summer', 'BlessedCleaningTyler', '1-2BR Cabin', '3-4BR', 'Andrew', 'WearsValley', '5BDR', '14guest', 'hottub', 'view', 'OB02/16/23', 'theatre', 'Indoor Private Pool', 'Key']",113.22,69.79
90.0,113.01,186.37,64048.03,2023-03-24,99.15,Knox All listing,-13.15,,146058,111.13,2026-09-03T03:05:03,1,1,197.37,2024-05-23,131.74,190.0,224.79,75093.38,-12.26,hostaway,1,Knox 1-2BR,Lindsey Hatcher 129 (KCity) -- Jackson Jewel - Downtown Suite,,-19.8,True,44.11,-83.9196319,189.0,Knoxville,107.5,13.89,35.969937,51365.98,57.26,"['1-2BR Condo', 'EasyBNBAmanda', 'Group 2', 'HA1', 'KCity', 'Regina', 'Safely', 'KnoxStaytion', 'SCounty', '1-2BR Cabin', '3-4BR', 'Group 3', 'Kyle', 'NotKnox', '1BDR', '2guest', 'KNOX', 'downtowm', 'OB03/17/23', 'Junior']",103.37,70.68
159.0,2.25,274.33,1390.17,2023-03-11,0.0,,-0.82,,146538,0.0,2024-12-21T23:05:03,0,1,274.33,2024-05-23,2.25,270.0,0.0,1390.17,-100.0,hostaway,4,,"Bruce Bicknell 409 (SCounty) -- Wildwood Den - Mountain View, Hot Tub & Game Room!",,-100.0,True,0.0,-83.3384223,,Gatlinburg,0.0,-100.0,35.7670823,0.0,0.82,"['Blocked Calendar', 'HA1', 'NotKnox', 'SCounty']",0.0,0.82
180.0,165.91,456.42,97827.43,2023-03-11,203.76,5-6 Bedrooms,11.21,,146815,63.81,2026-09-05T23:24:38,1,1,451.59,2024-05-23,200.47,330.0,425.0,118278.12,22.81,hostaway,6,,"Jay Hwang 3708 (SCounty) -- Hillside Haven: MTN Views, Indoor Pool & Starlink",,16.87,True,47.95,-83.614867,365.0,Pigeon Forge,69.06,-5.89,35.7565117,114332.8,36.74,"['5-6BR', 'Group 1', 'HA1', 'NotKnox', 'Pet', 'Safely', 'SCounty', 'Summer', 'BlessedCleaningTyler', '1-2BR Cabin', '3-4BR', 'PF', '6BDR', '17guest', 'hottub', 'view', 'OB02/27/23', 'indoor pool', 'Top']",92.41,43.92
95.0,117.38,210.35,72981.16,2023-03-03,122.28,1-4BR Cabins / House,-0.61,,147152,101.52,2026-09-05T03:42:29,1,1,202.53,2024-05-23,147.6,195.0,213.25,89814.81,4.17,hostaway,3,3-4 Bedrooms,"Kathleen Atkins 123 (SCounty) -- Smoky's Landing - Disc Golf, Game Room & Hot Tub",,4.45,True,57.34,-83.7693582,194.0,Seymour,85.3,5.29,35.8776977,76230.5,57.95,"['Group 2', 'HA1', 'NotKnox', 'Regina', 'Safely', 'SCounty', 'BlessedCleaningTyler', '3-4BR', '1-2BR Cabin', 'Kyle', 'Seymour', '3BDR', '12guest', 'gameroom', 'OB02/27/23', 'Normal', 'High 3-4BR']",119.01,70.17
107.0,0.0,0.0,0.0,2023-05-07,0.0,,0.0,,147906,0.0,2025-06-04T11:16:27,0,1,0.0,2024-05-23,0.0,215.0,0.0,0.0,0.0,hostaway,3,,"Jason Barnes 212 (BC) -- Genesis - MTN View, Hot Tub, Fire Pit & Pool Table!",,0.0,True,0.0,-83.7152372,,Townsend,0.0,0.0,35.6690234,0.0,0.0,"['BC', 'Blocked Calendar']",0.0,0.0
89.0,36.69,117.87,22379.08,2023-04-20,0.0,,-31.13,,147920,0.0,2025-06-14T15:29:00,0,1,117.87,2024-05-23,36.69,140.0,0.0,22379.08,-100.0,hostaway,1,,"Jason Barnes 216 (BC) -- Refuge - Riverfront, Fire Pit, Fireplace & Grill!",,-100.0,True,0.0,-83.7150359,,Townsend,0.0,-100.0,35.6688832,0.0,31.13,"['BC', 'Blocked Calendar']",0.0,31.13
,7.78,118.29,4483.32,2023-05-19,0.0,,-6.58,,149252,0.0,2025-01-28T04:18:37,0,1,118.29,2024-05-23,7.78,160.0,0.0,4483.32,-100.0,hostaway,3,,"Lily Phillips 970 (SCounty) -- First Love - Hot Tub, Grill & Fireplace!",,-100.0,True,0.0,-83.5485432,,Kodak,0.0,-100.0,35.9711484,0.0,6.58,"['Blocked Calendar', 'HA1', 'NotKnox', 'SCounty']",0.0,6.58
120.0,219.48,390.16,123011.14,2023-04-21,251.32,Knox All listing,-8.76,,151631,183.27,2026-09-05T14:53:05,1,1,396.59,2024-05-23,247.99,340.0,539.59,139399.11,14.51,hostaway,4,Knox 1-2BR,Leigh Burch 116-105 (KCity) -- Historic Downtown Loft with Modern Flare,,4.34,True,46.58,-83.9199588,320.0,Knoxville,186.16,36.06,35.9684731,128353.12,55.34,"['EasyBNBAmanda', 'Group 2', 'HA2', 'KCity', 'Regina', 'Safely', 'KnoxStaytion', '3-4BR', 'SCounty', '1-2BR Cabin', 'Kyle', 'leigh', 'NotKnox', 'Knox', '4bdr', '11guest', 'downtown', 'OB04/12/23', 'Normal']",98.46,63.56
68.0,35.55,107.79,19657.22,2023-05-19,14.88,1-4BR Cabins / House,-12.33,,151677,16.78,2026-03-16T15:31:21,0,1,109.97,2024-05-23,54.64,120.0,74.42,30884.14,-58.14,hostaway,1,1-2 Bedroom Cabins,Heidi Hutchinson 124-1104 (PF) -- Mountain Retreat Condo-View & Community Amenities,,-58.53,True,20.0,-83.5742303,130.0,Pigeon Forge,38.77,-32.33,35.8190045,8151.11,32.33,"['1-2BR Condo', 'Group 2', 'HA1', 'Junior', 'Katie', 'NotKnox', 'PF', 'Safely', 'BlessedCleaningTyler', 'SCounty', '1-2BR Cabin', '3-4BR', 'Blake', 'Group 3', 'Kyle', '1BDR', '4guest', 'view', 'OB04/12/23']",43.29,50.68
110.0,138.64,258.6,71822.17,2023-05-20,128.03,1-4BR Cabins / House,0.33,,153098,73.06,2026-08-29T19:39:19,1,1,262.48,2024-05-23,165.75,240.0,240.88,87592.94,-7.65,hostaway,4,3-4 Bedrooms,Craig Sims 196 (BC) -- The Peaceful Perch-Fireplace & Community Amenities,,-7.14,True,53.15,-83.8008676,238.0,Townsend,68.32,-8.23,35.6641445,66695.07,52.82,"['3-4BR', 'BC', 'Group 1', 'HA1', 'NotKnox', 'Safely', 'Summer', 'SCounty', '1-2BR Cabin', 'Group 2', 'TendwellCleaning', 'MaidTooPerfectionJessica', 'Townsend', '4bdr', '11guest', 'OB04/24/23', 'Normal', 'High 3-4BR']",106.94,64.09
92.0,42.96,122.12,24940.87,2023-05-11,0.0,,-35.78,,153105,0.0,2025-10-18T19:15:27,0,1,120.07,2024-05-23,53.36,175.0,0.0,31410.66,-100.0,hostaway,3,,David Karns 3941 (SCounty) -- Coyote Crossing - Hot Tub & Arcade Games!,,-100.0,True,0.0,-83.6599857,,Pigeon Forge,0.0,-100.0,35.7034728,0.0,35.78,"['Blocked Calendar', 'SCounty']",0.0,43.7
89.0,21.43,113.37,12337.0,2023-04-16,0.0,,-18.9,,155448,0.0,2025-07-10T19:01:56,0,1,113.37,2024-05-23,21.43,110.0,0.0,12337.0,-100.0,hostaway,1,,"Josh Walker 429 (SCounty) -- Serene Escape - View, Games & Community Pools!",,-100.0,True,0.0,-83.3465861,,Gatlinburg,0.0,-100.0,35.7638622,0.0,18.9,"['Blocked Calendar', 'SCounty']",0.0,18.9
90.0,74.91,160.5,46101.08,2023-05-09,90.13,1-4 BR with MINIMUM REQUESTS,6.58,,162886,73.94,2026-09-02T01:17:28,1,1,148.59,2024-05-23,117.41,135.0,158.16,70486.75,20.32,hostaway,2,,Mehrnaz Mortazavi 1909 (SCounty) -- Sweet Honey Lodge - Newly Built Luxury Escape,,15.05,True,56.99,-83.4764491,146.0,Sevierville,69.81,6.44,35.7560876,53038.55,50.41,"['1-2BR Cabin', 'Group 2', 'HA1', 'Katie', 'NORMAL', 'NotKnox', 'Safely', 'SCounty', 'BlessedCleaningTyler', '3-4BR', 'Summer', 'PF', '2BDR', '7guest', 'hottub', 'OB05/03/23', 'Normal', 'Watchlist', 'min LOS']",105.93,73.15
105.0,130.19,249.93,73815.52,2023-05-26,185.17,1-4 BR with MINIMUM REQUESTS,16.44,,164434,131.21,2026-09-06T02:05:17,1,1,238.79,2024-05-23,188.31,240.0,260.95,105784.54,42.23,hostaway,3,,"Mike Griffith 1036 (SCounty) -- Timber Woods Lodge-View, Hot Tub,Game-Theater Room",,34.78,True,70.96,-83.6066869,263.0,Sevierville,92.81,9.28,35.8155527,99491.16,54.52,"['Group 2', 'HA1', 'NotKnox', 'Safely', 'SCounty', 'Summer', 'TendwellCleaning', 'FleurishAlicia', '3-4BR', '1-2BR Cabin', 'PF', '3BDR', '12guest', 'hottub', 'OB05/16/23', 'Normal', 'Med 3-4BR', 'min LOS']",141.38,75.34
99.0,58.1,141.51,36798.19,2023-05-18,0.0,,-41.06,,164443,0.0,2025-08-12T01:52:01,0,1,141.51,2024-05-23,58.1,180.0,0.0,36798.19,-100.0,hostaway,2,,Sherry White 2048 (JC) -- Mountain Memories - Hot Tub & Life Size Games!,,-100.0,True,0.0,-83.4789102,,Sevierville,0.0,-100.0,35.9319386,0.0,41.06,"['Blocked Calendar', 'JC']",0.0,41.06
141.0,10.52,224.71,7628.29,2023-07-01,0.0,,-4.68,,165386,0.0,2025-01-28T00:04:07,0,1,224.71,2024-05-23,10.52,295.0,0.0,7628.29,-100.0,hostaway,4,,"KC Sunder 2508 (SCounty) -- Bearly Haus -View, Hot Tub, Private Pool & Theater",,-100.0,True,0.0,-83.6151931,,Pigeon Forge,0.0,-100.0,35.7596166,0.0,4.68,"['Blocked Calendar', 'SCounty']",0.0,4.68
69.0,0.0,0.0,0.0,,0.0,,0.0,,165391,0.0,,0,1,0.0,,0.0,112.0,0.0,0.0,0.0,hostaway,2,,Judy Lochner 1950 (JC) · The Happy Camper: A Peaceful Retreat -- The Happy Camper: Retreat & Boat Trailer Parking,,0.0,True,0.0,-83.3858659,,Dandridge,0.0,0.0,35.973762,0.0,0.0,"['2BDR', 'RV', 'lake', 'OB05/17/23', 'Junior']",0.0,0.0
100.0,123.49,281.77,71725.08,2023-06-05,175.87,1-4 BR with MINIMUM REQUESTS,13.8,,166224,101.69,2026-09-05T20:46:30,1,1,282.27,2024-05-23,171.31,270.0,305.6,98955.94,42.42,hostaway,4,,"Corby Leach 1547 (SCounty) -- Above It All -MTN View, Hot Tub, Game-Theater Room",,33.77,True,57.55,-83.513671,254.0,Sevierville,87.66,8.27,35.797234,95946.69,43.75,"['Group 1', 'HA1', 'NotKnox', 'Safely', 'SCounty', 'Summer', 'TendwellCleaning', 'OglesCleaningTrenton', '3-4BR', '1-2BR Cabin', 'Group 2', 'PF', '4BDR', '17guest', 'games', 'hottub', 'view', 'OB05/18/23', 'Normal', 'Med 3-4BR', 'min LOS']",116.0,60.8
,7.69,280.74,4387.25,2023-06-23,0.0,,-2.74,,168111,0.0,2024-12-29T21:51:55,0,1,280.74,2024-05-23,7.69,295.0,0.0,4387.25,-100.0,hostaway,3,,"Sunil Jaiswal 811 (GAT) -- Sunrise Mountain Vista - View, Hot Tub, Pool Table",,-100.0,True,0.0,-83.534206,,Gatlinburg,0.0,-100.0,35.721507,0.0,2.74,"['Blocked Calendar', 'GAT']",0.0,2.74
80.0,63.48,144.05,35226.74,2023-06-14,65.83,1-4BR Cabins / House,9.25,,169738,65.75,2026-09-03T02:06:29,1,1,145.81,2024-05-23,86.59,130.0,124.69,47487.18,3.7,hostaway,2,1-2 Bedroom Condos,Earl Hodges 513-1 (GAT) -- Snowbird Sanctuary - Center of Gatlinburg!,,3.88,True,52.79,-83.515808,128.0,Gatlinburg,60.29,-14.48,35.7039537,36594.34,43.54,"['1-2BR Condo', 'GAT', 'Group 2', 'HA1', 'Katie', 'NORMAL', 'Safely', 'TendwellCleaning', 'FleurishAlicia', 'SCounty', '1-2BR Cabin', '3-4BR', 'Kyle', 'NotKnox', '2BDR', '4guest', 'OB05/26/23', 'Key']",109.05,60.11
80.0,49.05,151.78,28440.98,2023-06-15,67.41,1-4BR Cabins / House,17.54,,170187,67.33,2026-09-05T20:40:10,1,1,144.38,2024-05-23,74.85,120.0,130.88,42596.68,37.43,hostaway,2,1-2 Bedroom Cabins,Earl Hodges 513-3 (GAT) -- Skyline Sanctuary - Wrap Around Deck!,,34.79,True,51.51,-83.515808,117.0,Gatlinburg,63.29,-9.35,35.7039537,38334.37,33.97,"['1-2BR Condo', 'GAT', 'Group 2', 'HA1', 'Katie', 'NORMAL', 'Safely', 'TendwellCleaning', 'FleurishAlicia', 'SCounty', '1-2BR Cabin', '3-4BR', 'Kyle', 'NotKnox', '2BDR', '4guest', 'OB05/26/23', 'Key', 'NewWatch']",106.4,49.32
80.0,56.63,149.2,29889.07,2023-06-16,70.05,1-4BR Cabins / House,19.18,,170188,69.97,2026-09-05T20:20:01,1,1,150.88,2024-05-23,82.57,135.0,123.51,44554.55,23.7,hostaway,2,1-2 Bedroom Condos,Earl Hodges 513-4 (GAT) -- Convenient Gatlinburg Condo,,29.19,True,56.71,-83.515808,132.0,Gatlinburg,59.72,-18.14,35.7039537,38615.0,37.53,"['1-2BR Condo', 'FleurishAlicia', 'GAT', 'Group 2', 'HA1', 'Katie', 'NORMAL', 'NotKnox', 'Safely', 'SCounty', '1-2BR Cabin', '3-4BR', 'Kyle', '2BDR', '4guest', 'OB05/26/23', 'Key', 'NewWatch']",117.15,55.34
110.0,203.27,354.39,116479.36,2023-07-01,175.37,1-4BR Cabins / House,-6.58,,173889,97.63,2026-07-25T18:19:29,1,1,343.5,2024-05-23,235.94,315.0,333.39,135422.22,-13.73,hostaway,4,3-4 Bedrooms,"Dylan Robinson 3742 (PF) -- Wildwood Retreat -Indoor Pool, Hot Tub & Game Area",,-14.87,True,52.6,-83.5506212,325.0,Pigeon Forge,89.38,-2.94,35.7781922,99161.99,59.18,"['Group 1', 'HA1', 'NotKnox', 'PF', 'Safely', 'Summer', 'BlessedCleaningTyler', '3-4BR', 'SCounty', '1-2BR Cabin', 'Key', 'High 3-4BR']",109.22,66.58
110.0,189.62,322.41,115038.92,2023-07-01,153.3,1-4BR Cabins / House,-16.71,,173935,84.93,2026-07-07T20:40:40,1,1,308.98,2024-05-23,225.24,310.0,343.28,135578.33,-19.15,hostaway,4,3-4 Bedrooms,Dylan Robinson 3746 (PF) -- Timber Pine Lodge - Indoor Pool & Hot Tub!,,-24.3,True,44.66,-83.5505047,333.0,Pigeon Forge,91.56,11.1,35.7778828,87090.08,61.37,"['Group 1', 'HA1', 'NotKnox', 'PF', 'Safely', 'Summer', 'BlessedCleaningTyler', '3-4BR', 'SCounty', '1-2BR Cabin', 'Key', 'Med 3-4BR']",92.77,69.86
105.0,161.99,293.73,92058.4,2023-06-17,204.48,1-4 BR with MINIMUM REQUESTS,7.01,,173994,108.36,2026-09-06T11:30:35,1,1,277.58,2024-05-23,210.18,290.0,312.78,118017.2,26.23,hostaway,4,,"Florin Pavel 650 (SCounty) -- Mountain Nature Retreat -Hot Tub, Sauna, Game Room",,21.46,True,65.37,-83.4763368,287.0,Gatlinburg,82.61,12.68,35.7291607,111811.77,58.36,"['Group 1', 'HA1', 'NotKnox', 'Safely', 'SCounty', 'Summer', 'TendwellCleaning', 'BlessedCleaningTyler', '3-4BR', '1-2BR Cabin', 'High 3-4BR', 'min LOS']",131.16,71.55
,7.14,137.11,4572.96,2023-07-03,0.0,,-5.21,,174320,0.0,2025-02-18T01:34:31,0,1,137.11,2024-05-23,7.14,255.0,0.0,4572.96,-100.0,hostaway,3,,Ed Zorn 212-163 (SCounty) -- Cityscape Condo - Fireplace & Community Amenities!,,-100.0,True,0.0,-83.5464516,,Pigeon Forge,0.0,-100.0,35.7828184,0.0,5.21,"['Blocked Calendar', 'SCounty']",0.0,5.21
109.0,1.6,116.92,981.12,2023-07-03,0.0,,-1.37,,174411,0.0,2025-02-13T22:06:04,0,1,116.92,2024-05-23,1.6,165.0,0.0,981.12,-100.0,hostaway,1,,Ed Zorn 212-247 (SCounty) -- Forge Haven Condo -Fireplace & Community Amenities,,-100.0,True,0.0,-83.5464516,,Pigeon Forge,0.0,-100.0,35.7828184,0.0,1.37,"['Blocked Calendar', 'SCounty']",0.0,1.37
78.0,53.77,128.32,30103.99,2023-07-14,68.69,1-4BR Cabins / House,13.85,,175713,73.53,2026-08-28T17:19:56,1,1,123.37,2024-05-23,81.2,145.0,119.6,44317.29,27.75,hostaway,2,1-2 Bedroom Cabins,Chris Shotwell 326-106 (BC) -- Elegant End Condo -Fireplace & Community Amenities,,23.93,True,57.43,-83.7697097,143.0,Townsend,63.65,-3.06,35.6779272,37307.43,43.58,"['1-2BR Cabin', 'BCounty', 'Group 3', 'HA1', 'Junior', 'Katie', 'NotKnox', 'Safely', 'BlessedCleaningTyler', 'SCounty', '1-2BR Condo', '3-4BR', 'BC', 'Blake', 'Kyle', 'Townsend Condo', 'townsend', 'community outdoor pool', '4guest', '2BDR']",115.51,63.28
104.0,125.3,221.02,68915.03,2023-07-28,117.35,Knox All listing,-4.07,,179643,96.68,2026-08-31T19:09:19,1,1,223.62,2024-05-23,144.8,180.0,225.86,77773.82,-6.34,hostaway,3,Knox 3-4BR,Laura Oxendine 4808 (KCounty) -- Cozy Creekside Rancher-Heart of Downtown Knoxville,,-13.12,True,51.96,-83.9468677,180.0,Knoxville,81.52,1.0,35.9204717,59872.74,56.03,"['AdamShaffer', 'Group 2', 'HA1', 'KCounty', 'Regina', 'Safely', 'KnoxStaytion', '3-4BR', 'SCounty', 'BlessedCleaningTyler', '1-2BR Cabin', 'HA2', 'Kyle', 'NotKnox', '3BR']",118.6,65.52
139.0,64.48,265.77,37027.33,2023-09-01,0.0,,-24.26,,179648,0.0,2025-07-30T18:32:26,0,1,265.77,2024-05-23,64.48,310.0,0.0,37027.33,-100.0,hostaway,5,,"Scott Meyers 701 (SCounty) -- Dogwood Vista - Hot Tub, Firepit, & Volleyball!",,-100.0,True,0.0,-83.5625668,,Kodak,0.0,-100.0,35.9606314,0.0,24.26,"['Blocked Calendar', 'SCounty']",0.0,24.26
175.0,160.17,399.56,91293.1,2023-08-03,229.82,5-6 Bedrooms,14.76,,181337,81.2,2026-09-04T14:06:04,1,1,377.24,2024-05-23,198.66,360.0,401.63,112724.3,43.49,hostaway,6,,"Nathan Jobe 4515 (PF) -- Million Dollar View-Games, Hottub & Movie Theater!",,37.61,True,57.22,-83.5526084,381.0,Pigeon Forge,70.93,6.47,35.7577792,125628.34,42.46,"['5-6BR', 'Group 2', 'HA1', 'Katie', 'NORMAL', 'NotKnox', 'PF', 'Safely', 'TendwellCleaning', 'OglesCleaningTrenton', 'SCounty', '1-2BR Cabin', '3-4BR', 'Group 1']",114.49,49.72
90.0,67.69,139.23,43236.72,2023-08-04,71.48,1-4BR Cabins / House,1.37,,182772,60.41,2026-09-05T05:29:36,1,1,132.13,2024-05-23,91.55,150.0,135.88,56741.75,5.6,hostaway,2,1-2 Bedroom Cabins,"Jessica Jarboe 4159 (SCounty) -- Mountain Mist - Secluded Cabin, MTN View, Hot Tub!",,-2.55,True,52.6,-83.475753,150.0,Sevierville,60.31,2.84,35.767477,42134.38,51.23,"['1-2BR Cabin', 'Group 2', 'HA1', 'Junior', 'Katie', 'NotKnox', 'Safely', 'SCounty', 'BlessedCleaningTyler', '3-4BR', 'Blake', 'Group 3', 'Kyle']",100.15,65.75
70.0,17.28,107.41,11028.77,2023-11-17,21.48,Knox All listing,5.48,,187612,36.54,2026-09-01T16:07:44,1,1,101.74,2024-05-23,24.72,100.0,95.59,15733.08,24.31,hostaway,1,Knox 1-2BR,Justin Bailey 6829 (KCounty) -- Airplane Filling Station -Unique Stay in Knoxville,,28.53,True,22.47,-84.0311888,97.0,Knoxville,76.71,-6.04,36.007492,14175.8,16.99,"['1-2BR Cabin', 'EasyBNBAmanda', 'Group 3', 'HA2', 'KCounty', 'Regina', 'Safely', 'KnoxStaytion', 'SCounty', '3-4BR', 'Kyle', 'NotKnox', '1BR']",47.64,23.01
80.0,41.16,130.54,26639.39,2023-09-02,42.16,1-4BR Cabins / House,3.01,,191700,33.17,2026-08-20T21:24:18,1,1,117.37,2024-05-23,64.37,110.0,110.71,40703.7,2.43,hostaway,3,3-4 Bedrooms,"Porter Landreth 616 (GAT) -- Top-Floor Condo | Fireplace, Pool & Balcony Views",,-0.66,True,38.08,-83.5130287,106.0,Gatlinburg,42.81,-5.67,35.7052164,26464.18,35.07,"['3-4BR', 'GAT', 'Group 2', 'Katie', 'NotKnox', 'Safely', 'Summer', 'TendwellCleaning', 'Key', 'FleurishAlicia', 'SCounty', 'HA3', '1-2BR Cabin', 'Group 1', 'HA1']",77.48,49.32
150.0,139.03,311.21,84617.79,2023-11-07,123.41,5-6 Bedrooms,-7.94,,194974,42.12,2026-09-02T18:46:37,1,1,295.03,2024-05-23,176.49,270.0,314.99,105926.51,-11.23,hostaway,5,,"Candace Morton 1276 (SCity) -- Mountain Breeze - Private Pool, Hot Tub & Games!",,-14.1,True,39.18,-83.5847293,298.0,Sevierville,53.79,6.77,35.8428759,72690.37,47.12,"['5-6BR', 'Group 1', 'HA1', 'NotKnox', 'Safely', 'SCity', 'Summer', 'TendwellCleaning', '1-2BR Cabin', '3-4BR', 'Kyle', 'SCounty', 'MagicleanAnya']",78.3,56.71
140.0,226.77,340.91,134472.5,2023-12-08,12.0,,-64.14,,195012,6.03,2025-12-31T03:39:23,0,1,330.93,2024-05-23,258.29,310.0,273.68,151454.08,-94.71,hostaway,4,,"Franchette Pascual 697 (SCounty) -- Luxe Lodge -View, Heated Pool, Hot Tub, Games!",,-94.47,True,4.38,-83.609024,,Sevierville,65.88,-17.3,35.852842,7439.9,68.52,"['Group 1', 'HA1', 'NotKnox', 'Safely', 'SCounty', 'Summer', 'BlessedCleaningTyler']",9.14,75.77
140.0,227.23,394.53,125682.2,2023-09-28,266.6,1-4BR Cabins / House,6.18,,195316,125.16,2026-08-23T15:40:17,1,1,360.12,2024-05-23,283.4,370.0,384.84,153384.33,17.33,hostaway,3,3-4 Bedrooms,"Stephanie Bowersock 658 (SCounty) -- Moonshiners Hideout - Hot Tub, Game Room & Pool!",,6.15,True,69.28,-83.5299034,370.0,Gatlinburg,96.17,6.86,35.7228338,133417.27,63.1,"['Group 1', 'HA1', 'Key', 'Lily', 'NotKnox', 'Safely', 'SCounty', 'TendwellCleaning', 'FleurishAlicia', '3-4BR', '1-2BR Cabin', 'High 3-4BR']",130.15,71.83
149.0,195.5,370.24,110909.03,2023-11-18,0.0,,-54.39,,198009,0.0,2025-10-04T22:53:31,0,1,359.43,2024-05-23,221.3,356.0,0.0,125315.45,-100.0,hostaway,5,,"Brad Klomp 1934 (SCounty) -- Sunset Summit: Pool, Theater Room, Games, & VIEWS",,-100.0,True,0.0,-83.3444467,,Sevierville,0.0,-100.0,35.8794241,0.0,54.39,"['5-6BR', 'Group 1', 'HA1', 'NotKnox', 'Safely', 'SCounty', 'Summer', 'BlessedCleaningTyler']",0.0,59.77
139.0,111.15,384.19,63794.7,2024-07-06,0.0,,-28.93,,198400,0.0,2025-06-21T19:01:02,0,1,384.19,2024-06-27,111.15,425.0,0.0,63794.7,-100.0,hostaway,5,,Katherine Ratka 1130 (PF) -- Smoky Mountain Retreat: Pool+Hot Tub+Theater+Games,,-100.0,True,0.0,-83.5416652,,Pigeon Forge,0.0,-100.0,35.7985652,0.0,28.93,"['Blocked Calendar', 'PF']",0.0,28.93
100.0,88.06,212.94,57145.31,2023-11-03,1.74,,-45.21,,198834,0.98,2025-12-02T20:43:58,0,1,193.62,2024-05-23,137.68,230.0,633.83,85631.75,-98.02,hostaway,3,,"Sonia Schumm 2470 (SCounty) -- Grateful Gathering Lodge -MTN View, Hot Tub, Games",,-98.53,True,0.27,-83.6095842,,Sevierville,182.24,227.36,35.7498581,838.24,45.48,"['Group 2', 'HA1', 'NotKnox', 'Safely', 'SCounty', 'Summer', 'TendwellCleaning']",0.53,64.66
350.0,0.0,0.0,0.0,2023-10-20,0.0,,0.0,,200310,0.0,2024-11-28T23:54:01,0,1,0.0,2024-05-23,0.0,380.0,0.0,0.0,0.0,hostaway,4,,"Steve Hoggle 1616 (GAT) -- Stunning View, Hot tub, & Games!",,0.0,True,0.0,-83.4613871,,Gatlinburg,0.0,0.0,35.7312018,0.0,0.0,"['Blocked Calendar', 'GAT']",0.0,0.0
140.0,166.19,300.51,95118.56,2023-12-01,189.96,1-4BR Cabins / House,-0.61,,202530,78.39,2026-08-31T14:40:39,1,1,298.48,2024-05-23,218.1,350.0,344.96,128093.97,14.3,hostaway,4,3-4 Bedrooms,"Sridhar Kodati 2951 (SCounty) -- Mountain View Manor - Pool, Hot Tub & Game Room!",,17.58,True,55.07,-83.5915431,349.0,Sevierville,73.2,15.57,35.758499,111837.07,55.68,"['Group 1', 'HA1', 'NotKnox', 'Safely', 'SCounty', 'Summer', 'TendwellCleaning', 'BlessedCleaningTyler', '3-4BR', '1-2BR Cabin', 'Low 3-4BR']",107.1,72.58
100.0,120.02,236.23,70926.23,2024-02-16,137.86,1-4BR Cabins / House,9.3,,219208,65.02,2026-09-02T23:11:16,1,1,236.72,2024-05-23,133.67,220.0,229.77,79471.64,14.86,hostaway,4,3-4 Bedrooms,"Doug Poll 740 (SCounty) -- Private Escape: Firepit, Hot Tub, Pets OK<20lbs",,12.79,True,60.0,-83.6654839,210.0,Sevierville,54.73,-2.94,35.8361898,79998.83,50.7,"['Group 2', 'HA1', 'NotKnox', 'Safely', 'SCounty', 'Summer', 'TendwellCleaning', 'BlessedCleaningTyler', '3-4BR', '1-2BR Cabin', 'NewWatch']",118.79,56.58
290.0,102.5,339.04,55324.09,2023-12-22,92.78,1-4 BR with MINIMUM REQUESTS,-8.28,,219226,69.27,2026-06-07T00:42:32,0,1,341.02,2024-05-23,146.66,245.0,426.05,78605.71,-9.48,hostaway,4,Knox 3-4BR,Atlee Hammaker 3129 (KCounty) -- Misty Lake - Hot Tub+Lake Access+Games+MORE!,,-24.93,True,21.78,-84.2547891,,Knoxville,143.04,24.93,35.9291122,41531.81,30.06,"['3-4BR', 'Group 2', 'HA2', 'KCounty', 'knoxville', 'Lily', 'MadersCleaningTeresa', 'NORMAL', 'Safely', 'SCounty', '1-2BR Cabin', 'KnoxStaytion', 'Kyle', 'NotKnox', '4BR', 'min rate']",48.43,43.26
,2.41,293.61,1239.35,2024-01-12,0.0,,-0.82,,220052,0.0,2024-12-04T14:30:17,0,1,293.61,2024-05-23,2.41,160.0,0.0,1239.35,-100.0,hostaway,2,,Ben Kovacs 391 (SCounty) -- Azure Woods-Grill+Fireplace+GameArea+CommunityPool,,-100.0,True,0.0,-83.8038524,,Townsend,0.0,-100.0,35.6648509,0.0,0.82,"['Blocked Calendar', 'SCounty']",0.0,0.82
,124.01,291.5,73064.67,2023-12-29,0.0,,-42.54,,220056,0.0,2025-07-22T15:35:53,0,1,291.5,2024-05-23,124.01,335.0,0.0,73064.67,-100.0,hostaway,4,,Erik Munn 1717 (PF) -- Tennessee Timber - Hot Tub+Private Pool+Games!,,-100.0,True,0.0,-83.6254067,,Pigeon Forge,0.0,-100.0,35.7844392,0.0,42.54,"['Blocked Calendar', 'PF']",0.0,42.54
,57.6,119.69,36419.26,2024-01-12,9.06,,-40.82,,221957,8.34,2026-03-02T05:10:17,0,1,113.03,2024-05-23,75.75,120.0,89.4,46737.41,-84.27,hostaway,1,,Cody Brooks 1883 (SCounty) -- Tranquil Timber Retreat -View+HotTub+FirePit&More!,,-83.96,True,10.14,-83.4446587,,Sevierville,42.57,-20.91,35.8413249,5840.96,50.96,"['1-2BR Cabin', 'Group 2', 'HA1', 'Katie', 'NORMAL', 'Safely', 'SCounty', 'BlessedCleaningTyler']",19.61,63.29
95.0,115.98,181.33,66496.04,2024-01-13,117.94,1-4BR Cabins / House,0.0,,221975,110.59,2026-08-27T14:29:09,1,1,174.94,2024-05-23,150.77,190.0,177.89,85243.01,1.69,hostaway,1,1-2 Bedroom Cabins,JP Davanzo 327 (SCounty) -- Dream on the Stream -HotTub+PoolTable+FirePit+MORE,,-3.4,True,66.3,-83.5338171,194.0,Pigeon Forge,84.47,1.69,35.760422,64237.57,66.3,"['1-2BR Cabin', 'Group 2', 'HA1', 'Katie', 'NotKnox', 'Safely', 'SCounty', 'TendwellCleaning', 'OglesCleaningTrenton', 'Summer', '3-4BR', 'Kyle']",130.92,83.15
89.0,4.08,78.33,2693.39,2024-02-14,0.0,,-5.21,,226485,0.0,2024-12-22T01:41:30,0,1,78.33,2024-05-23,4.08,115.0,0.0,2693.39,-100.0,hostaway,1,,"Tammy Navarre 354-510 (GAT) -- L510 Beautiful Condo w/Views, close to Downtown!!",,-100.0,True,0.0,-83.5143921,,Gatlinburg,0.0,-100.0,35.7082117,0.0,5.21,"['Blocked Calendar', 'GAT']",0.0,5.21
,0.96,116.33,556.58,2024-02-09,0.0,,-0.82,,226537,0.0,2024-12-22T03:34:51,0,1,116.33,2024-05-23,0.96,139.0,0.0,556.58,-100.0,hostaway,1,,Vickie Allen 354-207 (GAT) -- L207 - Perfect Gatlinburg Getaway close to Strip!,,-100.0,True,0.0,-83.5143921,,Gatlinburg,0.0,-100.0,35.7082117,0.0,0.82,"['Blocked Calendar', 'GAT']",0.0,0.82
,3.07,101.82,1908.7,2024-02-09,0.0,,-3.01,,226539,0.0,2025-01-05T03:31:38,0,1,101.82,2024-05-23,3.07,99.0,0.0,1908.7,-100.0,hostaway,1,,Vickie Allen 354-303 (GAT) -- Lovely Gatlinburg Condo w/Pool & Private Heart Tub,,-100.0,True,0.0,-83.5143921,,Gatlinburg,0.0,-100.0,35.7082117,0.0,3.01,"['Blocked Calendar', 'GAT']",0.0,3.01
,2.55,103.44,1510.72,2024-01-25,0.0,,-2.47,,226542,0.0,2025-01-06T04:35:20,0,1,103.44,2024-05-23,2.55,99.0,0.0,1510.72,-100.0,hostaway,1,,Vickie Allen 616-103 (GAT) -- ;WOW 103 - Cool Condo Near Downtown w/Bunks!,,-100.0,True,0.0,-83.5130287,,Gatlinburg,0.0,-100.0,35.7052164,0.0,2.47,"['Blocked Calendar', 'GAT']",0.0,2.47
139.0,4.85,353.7,3169.1,2024-03-14,0.0,,-1.37,,227666,0.0,2024-12-29T04:12:09,0,1,353.7,2024-05-23,4.85,410.0,0.0,3169.1,-100.0,hostaway,5,,Jerry Neville 826 (PF) -- Tennessee Time |Hot Tub & GameRoom,,-100.0,True,0.0,-83.578282,,Pigeon Forge,0.0,-100.0,35.7824621,0.0,1.37,"['Blocked Calendar', 'PF', 'SCounty', 'HA3', '1-2BR Cabin', '3-4BR', '5-6BR', 'Group 1', 'HA1', 'NotKnox', 'OglesCleaningTrenton', 'Summer']",0.0,1.37
120.0,103.69,227.5,60386.71,2024-02-16,107.35,1-4 BR with MINIMUM REQUESTS,1.65,,228083,47.69,2026-08-26T20:27:47,1,1,207.94,2024-05-23,140.86,240.0,208.41,81928.37,3.53,hostaway,4,,"Lionel Li 1113 (SCounty) -- 4-Story Cozy Cabin w/Hot Tub+Arcade, Pet Friendly!",,7.36,True,51.51,-83.5678641,200.0,Pigeon Forge,46.18,0.23,35.7661114,64833.65,49.86,"['Pet', 'min rate']",103.29,61.92
75.0,37.53,133.08,22209.09,2024-02-15,39.28,1-4BR Cabins / House,8.49,,231192,39.47,2026-09-05T13:57:41,1,1,130.47,2024-05-23,57.61,105.0,105.41,34598.97,4.66,hostaway,2,1-2 Bedroom Cabins,"Roger Bell 3729 (PF) -- Papa Bear's Hideaway -Stunning Views, Theme Park",,15.91,True,37.26,-83.5380212,103.0,Pigeon Forge,51.64,-19.21,35.7925538,25741.79,28.77,"['1-2BR Cabin', 'Group 2', 'Katie', 'NORMAL', 'NotKnox', 'PF', 'Safely', 'BlessedCleaningTyler', 'SCounty', 'HA3', '1-2BR Condo', '3-4BR', 'Kyle', 'NewWatch']",76.43,43.29
119.0,61.57,161.35,37849.27,2024-02-09,0.0,,-38.16,,231212,0.0,2025-06-07T15:11:48,0,1,161.35,2024-05-23,61.57,190.0,0.0,37849.27,-100.0,hostaway,1,,Tim Larson 3039 (SCounty) -- Moondancer -HotTub+Fireplace+PoolTable+Grill+MORE!,,-100.0,True,0.0,-83.4677519,,Sevierville,0.0,-100.0,35.8105507,0.0,38.16,"['Blocked Calendar', 'SCounty']",0.0,38.16
204.0,206.88,508.15,101337.0,2024-02-17,272.88,5-6 Bedrooms,20.61,,231216,91.21,2026-09-03T21:55:13,1,1,515.62,2024-05-23,268.19,480.0,449.31,132526.39,31.9,hostaway,5,,Walt Ward 2414 (SCounty) -- Wayward Travelers Lodge-HotTub+Theater+Arcade+MORE,,40.05,True,60.73,-83.6030871,468.0,Sevierville,77.7,-12.86,35.7457103,141919.11,40.12,"['5-6BR', 'Group 2', 'HA1', 'NotKnox', 'OglesCleaningTrenton', 'Safely', 'SCounty', 'Summer', '1-2BR Cabin', '3-4BR', 'NewWatch']",117.38,52.78
80.0,61.76,146.37,42770.76,2024-02-16,61.74,1-4BR Cabins / House,2.5,,232744,58.79,2026-09-05T16:57:56,1,1,143.71,2024-05-23,88.71,130.0,135.76,60008.22,-0.03,hostaway,2,1-2 Bedroom Cabins,Matthew Long 1363 (JC) -- Chalet Amelia: A Stunning Lakeside Retreat with Hot Tub & Game Room!,,-8.67,True,45.48,-83.3928443,129.0,Sevierville,57.7,-5.53,35.9347255,39061.09,42.98,"['1-2BR Cabin', 'Group 1', 'HA1', 'JC', 'NotKnox', 'Safely', 'Summer', 'BlessedCleaningTyler', 'SCounty', '3-4BR', 'NewWatch']",101.9,60.61
89.0,0.78,95.33,531.51,2023-01-20,0.0,,-0.82,,232763,0.0,2024-12-29T17:07:30,0,1,95.33,2024-05-23,0.78,115.0,0.0,531.51,-100.0,hostaway,1,,Tammy Navarre 3506 (SCounty) -- Honeymoon Cottage Breathtaking Views w/ Hot Tub!,,-100.0,True,0.0,-83.6111743,,Sevierville,0.0,-100.0,35.7449609,0.0,0.82,"['Blocked Calendar', 'SCounty']",0.0,0.82
99.0,18.67,117.47,10730.22,2023-01-19,0.0,,-15.89,,232784,0.0,2024-12-20T16:10:38,0,1,117.47,2024-05-23,18.67,125.0,0.0,10730.22,-100.0,hostaway,2,,Tammy Navarre 413-307 (GAT) -- GT307 Romantic Condo Downtown Gatlinburg & Pool,,-100.0,True,0.0,-83.5099154,,Gatlinburg,0.0,-100.0,35.7091754,0.0,15.89,"['Blocked Calendar', 'GAT']",0.0,15.89
89.0,4.62,84.29,2903.19,2023-01-20,0.0,,-5.48,,232797,0.0,2024-12-28T15:54:49,0,1,84.29,2024-05-23,4.62,115.0,0.0,2903.19,-100.0,hostaway,1,,Tammy Navarre 306-6A (GAT) -- Lofts 6A Chic Modern Downtown Gatlinburg!,,-100.0,True,0.0,-83.513206,,Gatlinburg,0.0,-100.0,35.7097368,0.0,5.48,"['Blocked Calendar', 'GAT']",0.0,5.48
99.0,11.58,108.34,6819.28,2023-01-16,0.0,,-10.68,,232804,0.0,2025-01-05T22:31:53,0,1,108.34,2024-05-23,11.58,125.0,0.0,6819.28,-100.0,hostaway,2,,Tammy Navarre 413-502 (GAT) -- GT502 Newly Remodeled Gatlinburg Condo w/ Pool!,,-100.0,True,0.0,-83.5099154,,Gatlinburg,0.0,-100.0,35.7091754,0.0,10.68,"['Blocked Calendar', 'GAT']",0.0,10.68
99.0,0.0,0.0,0.0,2023-01-21,0.0,,0.0,,232815,0.0,2024-10-15T01:11:05,0,1,0.0,2024-05-23,0.0,125.0,0.0,0.0,0.0,hostaway,2,,Tammy Navarre 413-506 (GAT) -- GT506 New Chic Condo Downtown Gatlinburg w/ Pool,,0.0,True,0.0,-83.5099154,,Gatlinburg,0.0,0.0,35.7091754,0.0,0.0,"['Blocked Calendar', 'GAT']",0.0,0.0
99.0,7.4,90.04,4900.39,2023-01-20,0.0,,-8.22,,232845,0.0,2025-01-03T15:31:47,0,1,90.04,2024-05-23,7.4,125.0,0.0,4900.39,-100.0,hostaway,2,,"Tammy Navarre 260-216 (GAT) -- AV216 Newly Renovated Modern Deco, Pool, Fireplace",,-100.0,True,0.0,-83.496582,,Gatlinburg,0.0,-100.0,35.7163195,0.0,8.22,"['Blocked Calendar', 'GAT']",0.0,8.22
89.0,6.9,69.98,3839.76,2023-09-01,0.0,,-9.86,,233006,0.0,2025-01-01T13:28:44,0,1,69.98,2024-05-23,6.9,115.0,0.0,3839.76,-100.0,hostaway,1,,"Tammy Navarre 1260-2106 (GAT) -- SV2106 Mountain Condo, minutes to Gatlinburg!",,-100.0,True,0.0,-83.5596246,,Gatlinburg,0.0,-100.0,35.7079418,0.0,9.86,"['Blocked Calendar', 'GAT']",0.0,9.86
105.0,123.36,252.52,78083.47,2024-03-08,19.42,,-41.37,,242812,11.44,2026-03-13T21:00:22,0,1,242.08,2024-05-23,165.35,260.0,202.47,103278.77,-84.26,hostaway,4,,"Daniel Rivers 1250 (SCounty) -- Rustic Cabin w/ Hot Tub, Deck & Pet-friendly!",,-84.67,True,9.59,-83.4877537,,Sevierville,58.9,-16.36,35.7749635,11968.21,50.96,"['Blocked Calendar', 'SCounty']",19.43,65.48
450.0,222.95,717.54,123941.64,2024-06-03,4.48,,-29.86,,242816,1.1,2025-12-16T22:21:46,0,1,733.14,2024-05-23,275.22,715.0,817.82,154410.9,-97.99,hostaway,8,,Freddy Rivas 723 (SCounty) -- Grace Valley Resort: Pool & Game Room / Sleeps 22!,,-97.89,True,0.55,-83.6408525,,Sevierville,107.61,11.55,35.8408628,2620.68,30.41,"['7+BR', 'Blocked Calendar', 'HA4', 'NotKnox', 'Safely', 'SCounty', 'SS', 'Summer', 'TendwellCleaning']",1.03,38.36
450.0,225.58,755.89,91133.69,2024-06-16,7.08,,-29.04,,242819,1.74,2025-12-03T14:30:58,0,1,762.39,2024-05-23,296.14,725.0,1291.36,131259.37,-96.86,hostaway,8,,Freddy Rivas 731 (SCounty) -- Grace Heaven: Stunning Mountain Resort / Sleeps 20,,-96.4,True,0.55,-83.6409132,,Sevierville,170.08,69.38,35.84133,3276.65,29.59,"['7+BR', 'Blocked Calendar', 'HA1', 'NotKnox', 'Safely', 'SCounty', 'SS', 'Summer', 'TendwellCleaning']",1.03,39.18
,253.96,761.53,114665.76,2024-07-04,0.0,,-34.92,,242824,0.0,2025-11-04T18:11:12,0,1,727.33,2024-05-23,293.55,844.0,0.0,134212.41,-100.0,hostaway,8,,Freddy Rivas 2414 (SCounty) -- Grace Woods: Retreat with Indoor Pool / Sleeps 22!,,-100.0,True,0.0,-83.642916,,Sevierville,0.0,-100.0,35.844696,0.0,34.92,"['7+BR', 'Group 1', 'HA1', 'NotKnox', 'Safely', 'SCounty', 'SS', 'Summer', 'TendwellCleaning']",0.0,38.55
159.0,133.46,311.99,77450.96,2024-03-28,0.0,,-42.78,,244182,0.0,2025-07-30T00:42:38,0,1,311.99,2024-05-23,133.46,350.0,0.0,77450.96,-100.0,hostaway,3,,Samantha Buresh 2828 (PF) -- NEW Modern Cabin | 1 mi to Pkwy | Pool & Hot Tub,,-100.0,True,0.0,-83.5818118,,Pigeon Forge,0.0,-100.0,35.7960992,0.0,42.78,"['Blocked Calendar', 'PF']",0.0,42.78
105.0,123.74,243.44,71943.96,2024-04-06,106.77,1-4BR Cabins / House,-5.39,,244186,60.47,2026-08-23T19:49:20,1,1,223.97,2024-05-23,147.27,210.0,214.12,84196.65,-13.71,hostaway,4,3-4 Bedrooms,Rohan Thakker 653 (PF) -- 5 Mins to Pigeon Forge Strip w/Porch Swing & Grill,,-13.4,True,49.86,-83.5809702,202.0,Pigeon Forge,60.61,-4.4,35.7893566,62305.29,55.25,"['Group 2', 'HA1', 'Katie', 'NotKnox', 'Pet', 'PF', 'TendwellCleaning', 'BlessedCleaningTyler', 'Safely', '3-4BR', 'SCounty', '1-2BR Cabin', 'Summer']",99.76,60.5
230.0,0.0,0.0,0.0,,0.0,,0.0,,244713,0.0,,0,1,0.0,2024-05-23,0.0,280.0,0.0,0.0,0.0,hostaway,4,,"Washington Sardella 1238 (SCounty) · Log Cabin with Hot Tub, Fire Pit, Gym, & More! -- Log Cabin with Hot Tub, Fire Pit, Gym, & More!",,0.0,True,0.0,-83.3378167,,Sevierville,0.0,0.0,35.8468791,0.0,0.0,[''],0.0,0.0
149.0,3.32,172.57,2287.88,2024-08-16,0.0,,-1.92,,254092,0.0,2025-01-07T20:55:24,0,1,172.57,2024-08-01,3.32,240.0,0.0,2287.88,-100.0,hostaway,4,,"Susan Stanford 4007 (SCounty) -- The Woodland Respite: Hot Tub, Arcade & Games!",,-100.0,True,0.0,-83.6721298,,Sevierville,0.0,-100.0,35.7151685,0.0,1.92,"['Blocked Calendar', 'SCounty']",0.0,1.92
199.0,95.7,301.11,59796.0,2024-05-06,0.0,,-31.78,,256621,0.0,2025-06-10T21:06:34,0,1,301.11,2024-05-23,95.7,315.0,0.0,59796.0,-100.0,hostaway,4,,"Josh Clark 1297 (JC) -- Mountain Waters w/ Theater+HotTub,Pool,GameRoom!",,-100.0,True,0.0,-83.3922438,,Pigeon Forge,0.0,-100.0,35.9343615,0.0,31.78,"['Blocked Calendar', 'JC']",0.0,31.78
90.0,88.68,153.02,55159.66,2024-04-26,92.27,1-4BR Cabins / House,-0.58,,257347,74.27,2026-09-05T00:00:35,1,1,142.52,2024-05-23,119.87,160.0,149.68,73624.95,4.05,hostaway,2,1-2 Bedroom Cabins,"Sandra Pernavaite 1617 (SCounty) -- Allure Woods: View, HotTub, Outdoor Dining & Games",,-2.65,True,61.64,-83.6330353,155.0,Sevierville,64.13,5.02,35.8149448,53699.43,62.22,"['1-2BR Cabin', 'Group 2', 'HA1', 'Katie', 'NotKnox', 'Safely', 'SCounty', 'BlessedCleaningTyler', 'Summer', '3-4BR', 'Kyle']",115.8,78.33
109.0,36.64,131.11,23446.34,2024-04-19,0.0,,-27.95,,258271,0.0,2025-06-16T16:28:48,0,1,131.11,2024-05-23,36.64,180.0,0.0,23446.34,-100.0,hostaway,2,,"Josh Clark 1358 (JC) -- Whispering Pine w/ Lake Access, Hot Tub, Foosball!",,-100.0,True,0.0,-83.3915474,,Pigeon Forge,0.0,-100.0,35.9329048,0.0,27.95,"['Blocked Calendar', 'JC']",0.0,27.95
199.0,119.33,326.58,67173.08,2024-04-17,0.0,,-36.54,,258626,0.0,2025-07-01T16:59:52,0,1,326.58,2024-05-23,119.33,380.0,0.0,67173.08,-100.0,hostaway,4,,Josh Clark 1398 (JC) -- Sky's the Limit - w/ View+Pool+HotTub+Games+MORE!,,-100.0,True,0.0,-83.3936086,,Sevierville,0.0,-100.0,35.9351631,0.0,36.54,"['Blocked Calendar', 'JC']",0.0,36.54
99.0,36.73,141.13,23075.67,2024-04-12,0.0,,-26.03,,258717,0.0,2025-07-01T00:57:47,0,1,141.13,2024-05-23,36.73,152.0,0.0,23075.67,-100.0,hostaway,2,,Josh Clark 439 (PF) -- Bearfoot Bungalow - NEW BUILD w/ Hot Tub & Arcade!,,-100.0,True,0.0,-83.5809753,,Pigeon Forge,0.0,-100.0,35.7962715,0.0,26.03,"['Blocked Calendar', 'PF']",0.0,26.03
99.0,43.39,179.14,22931.1,2023-04-30,1.07,,-21.12,,260982,1.19,2025-11-10T23:51:33,0,1,195.26,2024-05-23,74.15,160.0,97.68,37576.74,-97.53,hostaway,1,,Jessica Slabaugh 614-5 (KCity) -- Downtown Knoxville Gem  Walk to Stadium & Gay St  King Bed + Free Parking!,,-97.91,True,1.1,-83.9193667,,Knoxville,46.11,-49.97,35.959241,478.47,22.22,"['Blocked Calendar', 'KCity']",2.59,41.39
99.0,89.8,212.28,46084.08,2023-07-23,2.09,,-41.51,,260993,2.33,2025-12-27T14:13:19,0,1,213.49,2024-05-23,96.38,140.0,382.0,50276.94,-97.67,hostaway,1,,Jessica Slabaugh 614-3A (KCity) -- Historic Downtown Knoxville Condo  Walk to Neyland & Gay St,,-97.55,True,0.55,-83.9193667,,Knoxville,180.33,78.93,35.959241,1128.2,42.06,"['Blocked Calendar', 'KCity']",1.3,45.4
125.0,83.45,245.63,53415.59,2024-05-06,0.0,,-33.97,,261343,0.0,2025-06-19T16:11:30,0,1,245.63,2024-05-23,83.45,290.0,0.0,53415.59,-100.0,hostaway,3,,"Josh Clark 410 (PF) -- Mountain Luxury Prime: Pool, HotTub, Arcade & MORE",,-100.0,True,0.0,-83.5809753,,Pigeon Forge,0.0,-100.0,35.7962715,0.0,33.97,"['Blocked Calendar', 'PF']",0.0,33.97
109.0,83.23,167.42,48739.31,2024-04-26,0.0,,-49.58,,265123,0.0,2025-09-19T17:47:10,0,1,167.87,2024-05-23,83.95,175.0,0.0,49311.45,-100.0,hostaway,2,,Kimberly Mahoney 931 (SCounty) -- Eagle's Bluff Lookout: Mountain View & Game Room!,,-100.0,True,0.0,-83.484947,,Sevierville,0.0,-100.0,35.927909,0.0,49.58,"['Blocked Calendar', 'SCounty']",0.0,50.14
,41.61,147.47,26459.93,2024-05-03,0.0,,-28.22,,265487,0.0,2025-06-28T13:22:48,0,1,147.47,2024-05-23,41.61,160.0,0.0,26459.93,-100.0,hostaway,2,,Corey Defrancesco 1362 (JC) -- New Listing Promo! Heart Lake: Hot Tub & Game Room,,-100.0,True,0.0,-83.3930543,,Sevierville,0.0,-100.0,35.9345645,0.0,28.22,"['Blocked Calendar', 'JC']",0.0,28.22
179.0,18.05,253.41,11458.9,2024-05-21,0.0,,-7.12,,268175,0.0,2025-03-27T18:31:34,0,1,253.41,2024-05-23,18.05,380.0,0.0,11458.9,-100.0,hostaway,4,,"Andres Armienta 4108 (SCounty) -- Fox Hunters Haven: Putt-Putt, Theater, & Arcade!",,-100.0,True,0.0,-83.4151845,,Sevierville,0.0,-100.0,35.7785979,0.0,7.12,"['Blocked Calendar', 'SCounty', 'HA3', '1-2BR Cabin', '3-4BR', 'BlessedCleaningTyler', 'Group 1', 'HA5', 'Kyle', 'NotKnox']",0.0,7.12
80.0,105.23,193.3,54416.0,2024-07-05,76.49,1-4BR Cabins / House,-4.66,,268281,58.84,2026-09-02T15:03:18,1,1,197.98,2024-05-23,126.57,180.0,157.74,66222.38,-27.31,hostaway,2,1-2 Bedroom Cabins,"Megan Waymire 3770 (SCounty) -- Ravens Hollow - Private Pool, Hot Tub, & Games!",,-24.19,True,48.49,-83.599304,180.0,Pigeon Forge,59.9,-20.33,35.732781,41255.18,53.15,"['1-2BR Cabin', 'Group 2', 'HA5', 'Katie', 'NORMAL', 'NotKnox', 'Safely', 'SCounty', 'BlessedCleaningTyler', '3-4BR', 'Kyle']",98.24,65.48
119.0,19.15,235.13,13729.82,2024-05-24,0.0,,-8.15,,270192,0.0,2025-03-01T20:43:16,0,1,235.13,2024-05-23,19.15,285.0,0.0,13729.82,-100.0,hostaway,4,,"Darlene Mccann 2420 (SCounty) -- Scenic Seclusion w/ Hot Tub, View, Putt-Putt &More",,-100.0,True,0.0,-83.427428,,Sevierville,0.0,-100.0,35.8364453,0.0,8.15,"['Blocked Calendar', 'SCounty']",0.0,8.15
374.0,104.32,563.34,61567.59,2024-07-03,0.0,,-18.52,,274917,0.0,2025-02-27T19:15:40,0,1,563.34,2024-06-13,104.32,740.0,0.0,61567.59,-100.0,hostaway,9,,"Ryan Gillespie 1119 (SCounty) -- Luxury Mountain Lodge: Hot Tub,Theater,Sauna,Games",,-100.0,True,0.0,-83.4822622,,Gatlinburg,0.0,-100.0,35.7454253,0.0,18.52,"['Blocked Calendar', 'SCounty']",0.0,18.52
100.0,138.9,261.67,82108.76,2024-06-07,131.48,1-4BR Cabins / House,3.57,,276205,98.34,2026-09-06T03:09:54,1,1,256.06,2024-05-31,189.26,250.0,227.39,109804.47,-5.34,hostaway,3,3-4 Bedrooms,Anthony Simoncini 2852 (PF) -- Private Indoor Pool Cabin w/ Game Room & Hot Tub!,,-6.45,True,57.82,-83.5821045,269.0,Pigeon Forge,86.86,-11.2,35.7969547,76812.03,54.25,"['3-4BR', 'Group 2', 'HA5', 'NotKnox', 'PF', 'Regina', 'Safely', 'BlessedCleaningTyler', 'SCounty', '1-2BR Cabin', 'Kyle']",113.22,72.33
95.0,86.55,178.55,51341.57,2024-06-12,86.99,1-4BR Cabins / House,5.4,,276567,80.16,2026-08-31T18:19:55,1,1,173.6,2024-06-05,124.32,200.0,157.42,73494.21,0.51,hostaway,3,3-4 Bedrooms,Mike Lillie 536 (BC) -- Townsend Gem: Retreat with Hot Tub & Fire Pit,,1.74,True,55.26,-83.8134074,170.0,Townsend,70.15,-9.32,35.6643339,52234.13,49.86,"['3-4BR', 'BC', 'Group 2', 'HA2', 'Safely', 'Summer', 'BlessedCleaningTyler', 'KnoxStaytion', 'SCounty', '1-2BR Cabin', 'NotKnox']",114.27,69.63
95.0,114.68,202.94,69211.21,2024-07-11,105.2,1-4BR Cabins / House,-5.58,,277224,69.17,2026-09-01T00:42:18,1,1,186.62,2024-06-14,147.95,195.0,188.28,87101.57,-8.27,hostaway,3,3-4 Bedrooms,"Megan Helms 1469 (SCounty) -- Helms Hollow: Theater, Hot Tub, & Fire Pit!",,-13.3,True,55.87,-83.51434,186.0,Sevierville,64.67,0.89,35.8064633,60003.28,61.45,"['Group 2', 'HA2', 'Lily', 'NORMAL', 'NotKnox', 'Safely', 'SCounty', 'BlessedCleaningTyler', '3-4BR', '1-2BR Cabin', 'Kyle']",106.95,72.91
99.0,23.81,114.34,15345.9,2024-08-01,0.0,,-20.82,,278488,0.0,2025-06-29T01:09:17,0,1,114.34,2024-07-24,23.81,145.0,0.0,15345.9,-100.0,hostaway,2,,Josh Clark 224 (JC) -- Cozy Cabin Retreat with Games and Stunning Views,,-100.0,True,0.0,-83.3924833,,Sevierville,0.0,-100.0,35.9345644,0.0,20.82,"['Blocked Calendar', 'JC']",0.0,20.82
,49.49,148.07,30126.37,2024-07-12,0.0,,-33.42,,278492,0.0,2025-07-05T18:12:22,0,1,148.07,2024-07-09,49.49,210.0,0.0,30126.37,-100.0,hostaway,2,,"Josh Clark 228 (JC) -- Cottage Cove Oasis w/ Lake View, Hot Tub & Games!",,-100.0,True,0.0,-83.3933415,,Sevierville,0.0,-100.0,35.9360428,0.0,33.42,"['Blocked Calendar', 'JC']",0.0,33.42
90.0,81.56,183.91,47670.77,2024-09-12,82.48,1-4BR Cabins / House,-2.74,,278500,60.78,2026-09-05T17:48:17,1,1,171.71,2024-06-27,113.41,165.0,184.28,65836.66,1.13,hostaway,3,3-4 Bedrooms,"Nora Merriman 757 (PF) -- Moose Tracks Lodge: Hot Tub, Arcade & Pet Friendly!",,1.6,True,44.76,-83.5698165,165.0,Pigeon Forge,68.52,7.32,35.7847136,48431.66,47.5,"['Group 2', 'HA2', 'Lily', 'NORMAL', 'NotKnox', 'PF', 'Safely', 'BlessedCleaningTyler', '3-4BR', 'SCounty', '1-2BR Cabin']",88.7,61.67
189.0,93.19,298.37,58734.75,2024-06-28,0.0,,-31.23,,279197,0.0,2025-07-05T16:14:07,0,1,298.37,2024-06-11,93.19,315.0,0.0,58734.75,-100.0,hostaway,4,,"Josh Clark 1301 (JC) -- Lake View Serenity: Pool, Beach, Hot Tub & Games!",,-100.0,True,0.0,-83.3911271,,Sevierville,0.0,-100.0,35.932899,0.0,31.23,"['Blocked Calendar', 'JC']",0.0,31.23
100.0,74.56,218.39,51661.77,2024-06-28,66.71,1-4BR Cabins / House,1.1,,281864,33.85,2026-08-01T22:30:57,1,1,207.75,2024-06-19,104.11,170.0,180.36,68109.01,-10.53,hostaway,4,3-4 Bedrooms,"Misty Mcintyre 2729 (SCounty) -- Buck Board Lodge w/ Hot Tub, Fire Pit & Game Room!",,-20.81,True,36.99,-83.7116733,162.0,Sevierville,46.77,-13.18,35.7328496,40911.81,35.89,"['Group 2', 'HA2', 'Lily', 'NORMAL', 'NotKnox', 'Safely', 'SCounty', 'BlessedCleaningTyler', '3-4BR', '1-2BR Cabin', 'TendwellCleaning']",72.39,47.67
,316.48,785.37,166071.23,2024-07-13,3.7,,-40.55,,283854,0.91,2025-12-03T16:52:40,0,1,775.26,2024-06-25,376.55,720.0,1350.85,197122.13,-98.83,hostaway,8,,"Jonatan and Freddy 2225 (SCounty) -- Rocky Crest: Sleeps 24, Private Pool, Game Room",,-98.97,True,0.27,-83.6415843,,Sevierville,177.46,74.24,35.8409266,1717.2,40.82,"['7+BR', 'Blocked Calendar', 'HA5', 'NotKnox', 'Safely', 'SCounty', 'SS', 'Summer', 'TendwellCleaning']",0.5,47.95
,0.0,0.0,0.0,,0.0,,0.0,,284667,0.0,,0,1,0.0,,0.0,9735.0,0.0,0.0,0.0,hostaway,2,,John Robinson 1343 -- Mountain Peak,,0.0,True,0.0,-83.3543929,,Sevierville,0.0,0.0,35.8599631,0.0,0.0,[''],0.0,0.0
,0.0,0.0,0.0,,0.0,,0.0,,284668,0.0,,0,1,0.0,,0.0,9715.0,0.0,0.0,0.0,hostaway,2,,John Robinson 1856 -- Secluded Cabin,,0.0,True,0.0,-83.3465994,,Sevierville,0.0,0.0,35.8773053,0.0,0.0,[''],0.0,0.0
159.0,191.28,476.14,97973.05,2024-07-13,0.0,,-40.17,,286595,0.0,2025-07-13T20:05:54,0,1,476.14,2024-07-04,191.28,555.0,0.0,97973.05,-100.0,hostaway,5,,"Chris Galea 2364 (SCounty) -- Cloud Bound: View, Pool, Hot Tub, Arcade, Theater!",,-100.0,True,0.0,-83.6446138,,Sevierville,0.0,-100.0,35.7617619,0.0,40.17,"['Blocked Calendar', 'SCounty']",0.0,40.17
,166.37,427.64,92045.27,2024-07-31,0.0,,-38.9,,286606,0.0,2025-07-09T21:32:33,0,1,427.64,2024-07-04,166.37,515.0,0.0,92045.27,-100.0,hostaway,5,,"Chris Galea 2360 (SCounty) -- Coopers Hawk: Pool, Hot Tub, View, Games, Theater",,-100.0,True,0.0,-83.6451714,,Sevierville,0.0,-100.0,35.7629152,0.0,38.9,"['Blocked Calendar', 'SCounty']",0.0,38.9
,135.68,452.7,76956.01,2024-07-14,0.0,,-29.97,,286615,0.0,2025-03-14T01:47:33,0,1,452.7,2024-07-02,135.68,575.0,0.0,76956.01,-100.0,hostaway,5,,Chris Galea 3214 -- OLD CHRIS GALEA 3214,,-100.0,True,0.0,-83.648541,,Sevierville,0.0,-100.0,35.795412,0.0,29.97,"['Blocked Calendar', 'SCounty']",0.0,29.97
68.0,58.6,133.18,33320.77,2024-08-22,63.51,Knox All listing,3.06,,287651,71.16,2026-09-04T22:32:15,1,1,138.64,2024-08-20,72.11,140.0,140.1,41827.89,8.38,hostaway,1,Knox 1-2BR,Megan Hatcher 222-205 (KCity) -- Dolly's Downtown Loft - Knoxville!,,4.61,True,45.33,-83.919061,137.0,Knoxville,67.05,1.05,35.9716485,34857.95,42.27,"['1-2BR Condo', 'Group 3', 'HA2', 'KCity', 'Regina', 'Safely', 'TurnoverProDonnita', 'KnoxStaytion', 'SCounty', '1-2BR Cabin', '3-4BR', 'Group 2', 'Kyle', '1BR']",106.13,54.14
79.0,56.53,129.01,32221.42,2024-08-23,67.13,Knox All listing,0.0,,287653,75.22,2026-08-31T19:12:31,1,1,126.59,2024-08-19,84.12,120.0,150.31,46363.62,18.75,hostaway,1,Knox 1-2BR,Lindsey Hatcher 222-206 (KCity) -- Scenic City Loft in Downtown Knoxville!,,8.28,True,44.66,-83.919061,117.0,Knoxville,71.93,18.74,35.9716485,34890.32,44.66,"['1-2BR Condo', 'Group 2', 'HA2', 'KCity', 'Regina', 'Safely', 'TurnoverProDonnita', 'KnoxStaytion', 'SCounty', '1-2BR Cabin', '3-4BR', 'Kyle', '1BR']",104.57,65.21
,90.55,227.32,56023.86,2024-07-26,0.0,,-39.84,,288835,0.0,2025-08-03T00:53:22,0,1,227.32,2024-07-16,90.55,220.0,0.0,56023.86,-100.0,hostaway,3,,"Athira George 1646-A (SCounty) -- 8m from DollyWood, Prof Kitchen, Fire Pit, Arcade!",,-100.0,True,0.0,-83.4748151,,Pigeon Forge,0.0,-100.0,35.7795802,0.0,39.84,"['Blocked Calendar', 'SCounty']",0.0,39.84
100.0,87.85,231.2,51799.26,2024-08-03,79.08,1-4BR Cabins / House,8.22,,291806,50.4,2026-09-01T13:54:21,1,1,218.12,2024-07-26,116.55,210.0,163.07,67389.29,-9.98,hostaway,4,3-4 Bedrooms,"Lucy McCandless 1125 (GAT) -- RidgeView - Games, Fireplace & Pool!",,-11.37,True,48.49,-83.5531737,201.0,Gatlinburg,48.35,-25.24,35.7086589,45910.84,40.27,"['3-4BR', 'GAT', 'Group 2', 'HA2', 'Lily', 'NORMAL', 'NotKnox', 'Safely', 'TendwellCleaning', 'FleurishAlicia', 'SCounty', '1-2BR Cabin', 'Kyle']",104.23,50.41
105.0,132.27,245.37,69747.59,2024-08-11,156.71,1-4BR Cabins / House,7.28,,291913,90.97,2026-09-04T22:29:14,1,1,234.83,2024-08-01,160.38,260.0,246.37,83641.12,18.48,hostaway,4,3-4 Bedrooms,"Nathan Sukhia 843 (BC) -- Firefly Ridge: MTN View, Hot Tub, Theater, GAMES!",,11.84,True,63.61,-83.755304,254.0,Townsend,71.32,4.91,35.660358,78002.37,56.33,"['3-4BR', 'BC', 'Group 2', 'HA2', 'MaidTooPerfection', 'Pet', 'Safely', 'Summer', 'KnoxStaytion', 'SCounty', '1-2BR Cabin', 'Kyle', 'NotKnox', 'TendwellCleaning', 'MaidTooPerfectionJessica']",127.55,65.36
149.0,63.05,278.35,42371.94,2024-08-02,0.0,,-22.65,,291917,0.0,2025-04-27T19:35:03,0,1,278.35,2024-07-25,63.05,480.0,0.0,42371.94,-100.0,hostaway,5,,"Jason Potts 2662 (SCounty) -- DA Bears: Hot Tub, Arcade, Theater & Indoor Pool!",,-100.0,True,0.0,-83.6700063,,Sevierville,0.0,-100.0,35.7671006,0.0,22.65,"['Blocked Calendar', 'SCounty']",0.0,22.65
299.0,196.88,439.12,114630.74,2024-09-12,219.75,1-4 BR with MINIMUM REQUESTS,0.04,,291926,95.03,2026-08-06T19:03:14,1,1,417.79,2024-08-27,250.24,330.0,465.97,144721.98,11.62,hostaway,4,,"Justin Goodbread 2670 (SCounty) -- Elevation Escape: Pool, Hot Tub, Theater, Games!",,-2.9,True,47.16,-83.59836,326.0,Sevierville,104.36,11.53,35.7622172,111309.87,47.12,"['Group 1', 'HA5', 'NotKnox', 'Pet', 'Safely', 'SCounty', 'Summer', 'TendwellCleaning', 'BlessedCleaningTyler', '3-4BR', '1-2BR Cabin', 'min rate']",91.06,56.99
60.0,2.47,86.93,1747.19,2024-12-26,19.74,1-4BR Cabins / House,22.47,,291937,20.46,2026-09-01T08:17:31,1,1,90.24,2024-11-20,12.38,85.0,78.33,8374.77,699.19,hostaway,1,1-2 Bedroom Condos,Dan and Melissa Hanlon 131-1 (SCity) -- Cedar's Condo - Modern Downtown Escape,,591.97,True,25.21,-83.5646653,84.0,Sevierville,40.98,-13.2,35.8654746,12089.95,2.74,"['Group 3', 'HA2', 'Junior', 'Lily', 'NotKnox', 'Safely', 'SCity', 'BlessedCleaningTyler', '3-4BR', '1-2BR Cabin', '1-2BR Condo', 'KnoxStaytion', 'SCounty', 'Summer']",49.94,14.25
,0.0,0.0,0.0,,0.0,,0.0,,294788,0.0,,0,1,0.0,,0.0,9860.0,0.0,0.0,0.0,hostaway,3,,Athira George 1646-B -- Smokies Lodge,,0.0,True,0.0,-83.4748151,,Pigeon Forge,0.0,0.0,35.7795802,0.0,0.0,[''],0.0,0.0
189.0,21.51,290.75,16460.68,2024-10-03,0.0,,-7.4,,294804,0.0,2025-03-06T19:27:47,0,1,290.75,2024-08-21,21.51,600.0,0.0,16460.68,-100.0,hostaway,6,,"Freddy Rivas 3316 (SCounty) -- Summit Ridge w/ Pool, Hot Tub, Arcade & Theater!",,-100.0,True,0.0,-83.6173202,,Sevierville,0.0,-100.0,35.7589778,0.0,7.4,"['Blocked Calendar', 'HA1', 'SCounty']",0.0,7.4
75.0,22.94,112.02,14757.91,2025-03-14,38.71,1-4BR Cabins / House,12.87,,294839,46.55,2026-08-31T16:10:07,1,1,98.51,2025-02-11,46.65,90.0,107.04,26110.11,68.74,hostaway,2,1-2 Bedroom Condos,Dan and Melissa Hanlon 131-2 (SCity) -- Cedar Peak Condo - Downtown Sevierville,,45.09,True,36.16,-83.5646653,88.0,Sevierville,54.78,8.66,35.8654746,21412.69,23.29,"['1-2BR Condo', 'Group 3', 'HA1', 'Junior', 'Lily', 'Safely', 'SCity', 'BlessedCleaningTyler', '1-2BR Cabin', '3-4BR', 'NotKnox', 'SCounty', 'Summer']",84.96,41.64
,0.0,0.0,0.0,,0.0,,0.0,,299218,0.0,,0,1,0.0,2024-08-22,0.0,120.0,0.0,0.0,0.0,hostaway,2,,Lisa Worley 2044-1 (SCounty) · Modern Getaway - Close to Strip! -- Modern Getaway - Close to Strip!,,0.0,True,0.0,-83.57919656,,Sevierville,0.0,0.0,35.83627391,0.0,0.0,[''],0.0,0.0
95.0,61.79,153.05,38749.95,2024-08-21,49.63,1-4BR Cabins / House,-5.48,,299225,37.3,2026-07-20T14:39:01,0,1,146.46,2024-08-15,80.51,145.0,135.18,50595.27,-19.68,hostaway,3,3-4 Bedrooms,"Greg Forderhase 1354 (JC) -- Pine Ridge Retreat w/ Hot Tub, Grill, Games & More",,-24.36,True,36.71,-83.3925116,,Sevierville,45.72,-7.7,35.9342184,29309.43,42.19,"['Group 2', 'HA5', 'JC', 'Lily', 'NORMAL', 'NotKnox', 'Safely', 'BlessedCleaningTyler', '3-4BR', 'SCounty', '1-2BR Cabin', 'Blake']",81.58,52.6
,0.0,0.0,0.0,,0.0,,0.0,,299233,0.0,,0,1,0.0,2024-08-22,0.0,120.0,0.0,0.0,0.0,hostaway,2,,Lisa Worley 2044-2 (SCounty) · Modern Hideaway - Close to Strip! -- Modern Hideaway - Close to Strip!,,0.0,True,0.0,-83.5791969,,Sevierville,0.0,0.0,35.836275,0.0,0.0,[''],0.0,0.0
,0.0,0.0,0.0,,0.0,,0.0,,299238,0.0,,0,1,0.0,2024-08-19,0.0,120.0,0.0,0.0,0.0,hostaway,2,,Lisa Worley 2044-3 (SCounty) · Modern Retreat - Close to Strip! -- Modern Retreat - Close to Strip!,,0.0,True,0.0,-83.5791969,,Sevierville,0.0,0.0,35.836275,0.0,0.0,[''],0.0,0.0
,0.0,0.0,0.0,,0.0,,0.0,,299242,0.0,,0,1,0.0,2024-08-20,0.0,120.0,0.0,0.0,0.0,hostaway,2,,Lisa Worley 2044-4 (SCounty) · The Modern Era - Close to Strip! -- The Modern Era - Close to Strip!,,0.0,True,0.0,-83.5791969,,Sevierville,0.0,0.0,35.836275,0.0,0.0,[''],0.0,0.0
210.0,227.31,452.55,134207.2,2024-08-30,236.2,5-6 Bedrooms,-1.92,,299676,75.21,2026-09-06T01:14:20,1,1,438.98,2024-08-22,298.81,380.0,473.69,175967.19,3.91,hostaway,6,,"Porter Landreth 2316 (SCounty) -- Bear Paddle w/ Pool, Hot Tub, Game Room & Theater!",,2.71,True,49.86,-83.61647,397.0,Sevierville,77.98,7.91,35.7597279,137848.53,51.78,"['5-6BR', 'Group 1', 'HA5', 'NotKnox', 'Safely', 'SCounty', 'Summer', 'BlessedCleaningTyler', '1-2BR Cabin', '3-4BR', 'Blake']",96.44,66.03
450.0,235.86,724.5,126803.25,2024-10-02,0.0,,-32.05,,303042,0.0,2025-12-27T13:09:32,0,1,735.8,2024-08-26,299.73,715.0,0.0,163753.5,-100.0,hostaway,8,,Freddy Rivas 2640 (SCounty) -- Grace Hideaway:HUGE-Sleeps 20+Pool/Hot Tub/Games!,,-100.0,True,0.0,-83.561835,,Sevierville,0.0,-100.0,35.8681455,0.0,32.05,"['5-6BR', '7+BR', 'Blocked Calendar', 'HA5', 'NotKnox', 'Safely', 'SCounty', 'SS', 'Summer', 'TendwellCleaning']",0.0,41.37
109.0,35.54,149.59,21494.67,2024-09-12,0.0,,-23.76,,304177,0.0,2025-06-17T02:11:01,0,1,149.59,2024-09-12,35.54,160.0,0.0,21494.67,-100.0,hostaway,2,,"Josh Clark 232 (JC) -- Bobber Bungalow: Lake View, Hot Tub, Arcade Games!",,-100.0,True,0.0,-83.3924833,,Jefferson County,0.0,-100.0,35.9345644,0.0,23.76,"['Blocked Calendar', 'JC']",0.0,23.76
99.0,41.56,135.45,25373.3,2024-09-25,0.0,,-30.68,,304180,0.0,2025-06-17T14:50:02,0,1,135.45,2024-09-24,41.56,147.0,0.0,25373.3,-100.0,hostaway,2,,"Josh Clark 220 (JC) -- Cozy Cove Retreat w/ Lake View, Hot Tub, FirePit!",,-100.0,True,0.0,-83.3924833,,Jefferson County,0.0,-100.0,35.9345644,0.0,30.68,"['Blocked Calendar', 'JC']",0.0,30.68
160.0,96.33,260.95,56342.03,2024-10-03,0.0,,-36.91,,304189,0.0,2025-05-25T18:58:16,0,1,260.95,2024-09-26,96.33,330.0,0.0,56342.03,-100.0,hostaway,3,,"Josh Clark 424 (PF) -- Can't Bear to Leave: Pool, HotTub, Arcade, Theater",,-100.0,True,0.0,-83.5811757,,Pigeon Forge,0.0,-100.0,35.7961018,0.0,36.91,"['Blocked Calendar', 'JC']",0.0,36.91
141.0,89.42,269.74,54002.03,2024-09-13,0.0,,-33.15,,304190,0.0,2025-06-03T01:28:43,0,1,269.74,2024-09-12,89.42,305.0,0.0,54002.03,-100.0,hostaway,3,,"Josh Clark 420 (PF) -- Parkway Pool Retreat: Hot Tub, Foosball & Arcade!",,-100.0,True,0.0,-83.5810698,,Pigeon Forge,0.0,-100.0,35.7962884,0.0,33.15,"['Blocked Calendar', 'JC']",0.0,33.15
189.0,24.08,292.97,17441.63,2024-11-07,0.0,,-8.22,,304199,0.0,2025-03-20T00:56:53,0,1,292.97,2024-10-11,24.08,545.0,0.0,17441.63,-100.0,hostaway,6,,"Freddy Rivas 1530 (SCounty) -- Smokies Sanctuary: Pool, Hot Tub, Games, Theater!",,-100.0,True,0.0,-83.5969851,,Sevierville,0.0,-100.0,35.7565383,0.0,8.22,"['Blocked Calendar', 'HA1', 'NotKnox', 'SCounty']",0.0,8.22
149.0,110.08,340.51,65103.25,2024-12-06,0.0,,-31.01,,304203,0.0,2025-10-24T23:44:03,0,1,355.02,2024-10-10,128.41,350.0,0.0,79256.54,-100.0,hostaway,6,,"Freddy Rivas 1614 (SCounty) -- Roaring View: Indoor Pool, Hot Tub, Theater, GAMES",,-100.0,True,0.0,-83.5969941,,Sevierville,0.0,-100.0,35.756539,0.0,31.01,"['5-6BR', 'Blocked Calendar', 'HA5', 'NotKnox', 'Safely', 'SCounty', 'SS', 'Summer', 'TendwellCleaning']",0.0,37.71
,29.77,285.96,19536.58,2024-11-07,0.0,,-10.41,,304212,0.0,2025-03-04T16:59:21,0,1,285.96,2024-10-11,29.77,525.0,0.0,19536.58,-100.0,hostaway,6,,"Freddy Rivas 1628 (SCounty) -- Smokey Vista Lodge w/ Pool, Hot Tub, Theater, Games",,-100.0,True,0.0,-83.5963612,,Sevierville,0.0,-100.0,35.7573545,0.0,10.41,"['Blocked Calendar', 'HA1', 'SCounty']",0.0,10.41
105.0,168.06,274.07,96357.61,2024-10-11,129.12,1-4BR Cabins / House,-6.16,,308118,66.13,2026-08-23T16:27:04,1,1,268.89,2024-10-02,200.88,280.0,229.19,113555.09,-23.17,hostaway,4,3-4 Bedrooms,"Sean Gagnon 411 (GAT) -- Bigfoots Hideout: Hot Tub, LifeSize Games, Theater",,-19.14,True,56.34,-83.4488069,,Gatlinburg,58.33,-14.76,35.744081,77919.56,62.5,"['GAT', 'Group 1', 'HA5', 'NotKnox', 'Safely', 'Summer', 'TendwellCleaning', 'BlessedCleaningTyler', '3-4BR', 'SCounty', '1-2BR Cabin', 'Kyle']",113.38,73.3
199.0,22.77,319.65,16162.27,2024-12-06,0.0,,-7.12,,308123,0.0,2025-02-17T02:58:11,0,1,319.65,2024-10-11,22.77,540.0,0.0,16162.27,-100.0,hostaway,6,,"Freddy Rivas 1654 (SCounty) -- Mountain Bliss: Pool, Hot Tub, Theater, Foosball!",,-100.0,True,0.0,-83.5943647,,Sevierville,0.0,-100.0,35.7580976,0.0,7.12,"['Blocked Calendar', 'HA1', 'SCounty']",0.0,7.12
214.0,273.71,472.58,158527.75,2024-10-18,284.09,5-6 Bedrooms,1.17,,311934,74.68,2026-09-04T01:34:37,1,1,453.69,2024-10-10,317.66,450.0,461.96,182046.3,3.79,hostaway,6,,"Amit Chowdhary 770 (SCounty) -- Pet Friendly w/ Indoor Pool, Hot Tub & Theater!",,-1.44,True,61.5,-83.6413025,456.0,Sevierville,64.69,1.82,35.8444253,156238.5,60.33,"['5-6BR', 'Group 1', 'HA1', 'NotKnox', 'Pet', 'Safely', 'SCounty', 'Summer', 'TendwellCleaning', 'BlessedCleaningTyler', '1-2BR Cabin', '3-4BR', 'Kyle']",115.45,67.22
109.0,65.19,204.02,36923.11,2024-10-18,0.0,,-31.96,,312677,0.0,2025-09-01T22:42:19,0,1,204.02,2024-10-10,65.19,235.0,0.0,36923.11,-100.0,hostaway,3,,"Brett Sipperley 1205 (SCounty) -- Pine Top Vista w/ Views, Hot Tub, Game Room & MORE",,-100.0,True,0.0,-83.3428488,,Gatlinburg,0.0,-100.0,35.7804436,0.0,31.96,"['Blocked Calendar', 'SCounty']",0.0,31.96
250.0,113.13,295.46,61779.35,2024-10-14,150.49,1-4 BR with MINIMUM REQUESTS,2.65,,312679,116.7,2026-08-24T17:33:16,1,1,280.78,2024-10-10,148.16,250.0,350.48,80916.09,33.02,hostaway,3,,"Jace and Katty Eichorn 1525 (GAT) -- Magnificent View: Hot Tub, Arcade Games & Theater!",,31.74,True,42.94,-83.551969,261.0,Gatlinburg,130.35,24.82,35.702295,81387.29,40.29,"['3-4BR', 'GAT', 'Group 1', 'HA1', 'NotKnox', 'Safely', 'Summer', 'TendwellCleaning', 'FleurishAlicia', 'SCounty', '1-2BR Cabin', 'min rate']",89.53,50.14
,23.44,89.91,13984.43,2024-10-18,0.0,,-26.07,,312687,0.0,2025-08-04T02:29:06,0,1,89.91,2024-10-10,23.44,150.0,0.0,13984.43,-100.0,hostaway,3,,"Nick Ellis 4029 (SCounty) -- Smoky Bear Suite w/ Grill, Firepit & More!",,-100.0,True,0.0,-83.3415316,,Sevierville,0.0,-100.0,35.8418616,0.0,26.07,"['Group 2', 'HA1', 'NORMAL', 'NotKnox', 'SCounty']",0.0,26.07
95.0,83.98,196.31,45355.45,2024-11-01,106.62,1-4BR Cabins / House,11.91,,318372,68.86,2026-09-04T13:00:41,1,1,181.53,2024-10-25,120.18,180.0,183.29,66133.59,26.96,hostaway,3,3-4 Bedrooms,"Jason Whitehead 659 (GAT) -- Bears Corner w/ Hot Tub, Arcade & Community Pool!",,33.84,True,58.17,-83.4808639,181.0,Gatlinburg,61.72,0.97,35.7393504,60705.16,46.26,"['GAT', 'Group 2', 'HA1', 'Katie', 'NORMAL', 'NotKnox', 'Safely', 'TendwellCleaning', 'BlessedCleaningTyler', '3-4BR', 'SCounty', '1-2BR Cabin', 'Kyle']",111.57,61.22
,65.66,215.9,35523.09,2024-10-18,0.0,,-30.41,,318409,0.0,2025-05-21T17:58:37,0,1,215.9,2024-10-17,65.66,265.0,0.0,35523.09,-100.0,hostaway,4,,"Josh Clark 128 (JC) -- Anchor's Retreat: Hot Tub, Arcade, Fireplace, MORE",,-100.0,True,0.0,-83.3924833,,Jefferson County,0.0,-100.0,35.9345644,0.0,30.41,"['Blocked Calendar', 'JC']",0.0,30.41
159.0,68.86,214.81,37728.49,2024-10-22,0.0,,-32.05,,318419,0.0,2025-06-16T12:40:42,0,1,214.81,2024-10-17,68.86,235.0,0.0,37728.49,-100.0,hostaway,4,,"Josh Clark 130 (JC) -- Charmed Waters Cottage: Lake View, Hot Tub, Games!",,-100.0,True,0.0,-83.3924833,,Jefferson County,0.0,-100.0,35.9345644,0.0,32.05,"['Blocked Calendar', 'JC']",0.0,32.05
,5.7,127.92,2453.96,2024-11-26,0.0,,-4.45,,318435,0.0,2025-03-24T19:47:50,0,1,127.92,2024-10-22,5.7,180.0,0.0,2453.96,-100.0,hostaway,3,,"Mark Coburn 2034 (PF) -- Cozy Cottage w/ Loveseat, Fireplace, Grill & More!",,-100.0,True,0.0,-83.5541593,,Pigeon Forge,0.0,-100.0,35.8114219,0.0,4.45,"['Blocked Calendar', 'PF']",0.0,4.45
100.0,68.93,144.8,44500.63,2024-12-06,83.77,1-4 BR with MINIMUM REQUESTS,9.31,,318443,61.9,2026-08-31T18:36:02,1,1,135.26,2024-10-23,99.58,155.0,138.99,62812.53,21.53,hostaway,2,1-2 Bedroom Cabins,"Abhi Kulkarni 824 (GAT) -- Birchwood Bliss: MTN View, Hot Tub & Outdoor Lounge",,9.95,True,60.27,-83.4871667,156.0,Gatlinburg,55.08,2.76,35.7438295,48928.51,50.96,"['1-2BR Cabin', 'GAT', 'Group 2', 'HA1', 'NotKnox', 'Pet', 'Regina', 'Safely', 'BlessedCleaningTyler', 'SCounty', 'HA2', '3-4BR', 'Kyle', 'NORMAL']",112.38,68.77
149.0,134.72,243.3,68662.37,2025-02-28,0.0,,-55.37,,319212,0.0,2025-07-24T17:03:16,0,1,243.3,2025-02-05,134.72,318.0,0.0,68662.37,-100.0,hostaway,4,,"Shaun Halberstadt 411 (PF) -- Hidden Trail Cabin: Pool, Hot Tub, Grill, Game Room",,-100.0,True,0.0,-83.580628,,Pigeon Forge,0.0,-100.0,35.796639,0.0,55.37,"['Blocked Calendar', 'PF']",0.0,55.37
129.0,112.41,212.05,66894.65,2025-01-17,0.0,,-53.01,,319217,0.0,2025-08-11T02:58:41,0,1,212.05,2024-12-18,112.41,295.0,0.0,66894.65,-100.0,hostaway,3,,"Shaun Halberstadt 542 (PF) -- Stunning Heights Retreat: Hot Tub, MTN Views & More",,-100.0,True,0.0,-83.58077816,,Pigeon Forge,0.0,-100.0,35.79531762,0.0,53.01,"['Blocked Calendar', 'PF']",0.0,53.01
151.0,125.44,314.48,73641.0,2024-11-09,0.0,,-39.89,,320084,0.0,2025-07-19T18:47:45,0,1,314.48,2024-10-24,125.44,315.0,0.0,73641.0,-100.0,hostaway,4,,"Andrea Cobrin 3008 (SCounty) -- Mountain Hideaway: Pool, Hot Tub, Arcade, Theater!",,-100.0,True,0.0,-83.5901471,,Sevierville,0.0,-100.0,35.7607542,0.0,39.89,"['Blocked Calendar', 'SCounty']",0.0,39.89
110.0,142.4,313.66,84391.83,2024-11-15,183.07,1-4BR Cabins / House,14.95,,320089,75.38,2026-09-04T17:28:06,1,1,294.57,2024-10-24,206.22,250.0,289.26,120018.41,28.56,hostaway,4,3-4 Bedrooms,"Chad McDaniel 3012 (SCounty) -- Mountain Haven: Hot Tub, Pool, Arcade,Theater Room",,26.27,True,63.29,-83.5901742,257.0,Sevierville,61.03,-1.8,35.7604897,106557.69,48.34,"['Group 1', 'HA1', 'NotKnox', 'Safely', 'SCounty', 'Summer', 'BlessedCleaningTyler', '3-4BR', '1-2BR Cabin', 'Kyle']",123.52,65.75
110.0,119.23,210.31,63520.67,2024-11-22,131.32,Knox All listing,0.27,,322142,89.11,2026-08-30T18:24:09,1,1,210.22,2024-11-07,155.07,230.0,230.43,82555.74,10.14,hostaway,4,Knox 3-4BR,"Kathleen Atkins 2417 (KCounty) -- Cozy Cabin in the Woods w/ Playroom, Deck & Lounge",,8.97,True,56.99,-84.2347669,225.0,Knoxville,72.8,9.61,35.9191401,69216.34,56.72,"['Group 2', 'HA2', 'KCity', 'Regina', 'Safely', 'SCounty', 'TurnoverProDonnita', 'KnoxStaytion', '3-4BR', '1-2BR Cabin', 'KCounty', 'Kyle', '4BR']",122.4,73.73
,6.94,361.76,4423.58,2024-11-23,0.0,,-1.92,,322578,0.0,2024-12-16T18:30:25,0,1,361.76,2024-11-12,6.94,345.0,0.0,4423.58,-100.0,hostaway,4,,Dustin Greenwell 2921 (SCounty) -- Cascading Pines - Hot Tub+Private Pool+Game Room!,,-100.0,True,0.0,-83.6687005,,Sevierville,0.0,-100.0,35.7668697,0.0,1.92,"['Blocked Calendar', 'SCounty']",0.0,1.92
95.0,70.41,193.64,43821.49,2024-11-22,74.27,1-4BR Cabins / House,-0.5,,322586,59.44,2026-08-25T16:47:11,1,1,176.01,2024-11-08,105.27,160.0,188.0,63605.34,5.48,hostaway,3,3-4 Bedrooms,"Chris Scarth 1091 (SCounty) -- Highland Haven w/ Hot Tub, Grill & Pool!",,0.88,True,39.5,-83.6097624,152.0,Sevierville,69.98,6.81,35.8501857,44205.27,40.0,"['Group 2', 'HA1', 'Lily', 'NORMAL', 'NotKnox', 'Safely', 'SCounty', 'BlessedCleaningTyler', '3-4BR', '1-2BR Cabin']",84.93,54.37
98.0,84.17,188.95,45015.27,2024-12-11,98.31,Knox All listing,-1.84,,322672,94.43,2026-09-01T17:30:26,1,1,195.45,2024-11-22,100.88,172.0,238.46,54151.65,16.8,hostaway,2,Knox 1-2BR,Jeanine Roddy 2940 (KCity) -- Modern Cityscape - Walk to Campus & Downtown Knox,,14.94,True,41.23,-83.9165233,171.0,Knoxville,95.14,22.01,35.9535875,51739.93,43.07,"['1-2BR Condo', 'Group 2', 'HA2', 'KCity', 'Regina', 'Safely', 'TurnoverProDonnita', 'KnoxStaytion', 'SCounty', '1-2BR Cabin', '3-4BR', 'Kyle', '2BR']",99.25,53.39
110.0,111.85,170.39,63690.45,2024-12-06,0.0,,-66.97,,323220,0.0,2025-11-21T22:30:45,0,1,167.02,2024-11-26,130.79,240.0,0.0,74268.39,-100.0,hostaway,2,,"Vince Palmieri 2844 (SCounty) -- Mystic Sunrise: Views, Hot Tub, Lounge, Game Room!",,-100.0,True,0.0,-83.6646694,,Sevierville,0.0,-100.0,35.7382084,0.0,66.97,"['Blocked Calendar', 'SCounty']",0.0,76.76
199.0,46.64,233.2,28231.84,2024-11-23,0.0,,-20.0,,325569,0.0,2025-03-24T19:51:48,0,1,233.2,2024-11-09,46.64,280.0,0.0,28231.84,-100.0,hostaway,4,,"Josh Clark 721 (PF) -- The Parkway Place: Pool, Hot Tub, Arcade, Foosball!",,-100.0,True,0.0,-83.5603112,,Pigeon Forge,0.0,-100.0,35.7974425,0.0,20.0,"['Blocked Calendar', 'PF']",0.0,20.0
89.0,34.78,106.43,19885.3,2024-12-15,0.0,,-32.68,,328305,0.0,2025-06-23T16:18:50,0,1,106.43,2024-11-21,34.78,165.0,0.0,19885.3,-100.0,hostaway,2,,Jordan Wilkerson 1304-A (BC) -- White Nest Retreat - LUX Updates - 5 mins from TYS,,-100.0,True,0.0,-83.9721055,,Alcoa,0.0,-100.0,35.7959411,0.0,32.68,['Blocked Calendar'],0.0,32.68
959.0,119.13,2070.62,54721.96,2025-06-17,0.0,,-5.75,,328412,0.0,2025-06-19T18:46:50,0,1,2070.62,2024-11-15,119.13,1700.0,0.0,54721.96,-100.0,hostaway,16,,Freddy Rivas Combo 723/731 (SCounty) -- 2Cabins 16BR/Sleeps 42! Hot Tub/Indoor Pool/Gazebo,,-100.0,True,0.0,-83.640812,,Sevierville,0.0,-100.0,35.8408469,0.0,5.75,"['7+BR', 'Blocked Calendar', 'HA1', 'NotKnox', 'Safely', 'SCounty', 'Summer', 'TendwellCleaning', 'Group 1', '1-2BR Cabin', '3-4BR', 'SS', 'BlessedCleaningTyler']",0.0,5.75
359.0,0.0,0.0,0.0,2025-02-21,0.0,,0.0,,329474,0.0,,0,1,0.0,2024-11-21,0.0,1455.0,0.0,0.0,0.0,hostaway,12,,Freddy Rivas Combo 1530/1614 (SCounty) 2Cabins/Sleeps 26-12BR: Pool+HotTub+Theater+Games! -- 2Cabins/Sleeps 26-12BR: Pool+HotTub+Theater+Games!,,0.0,True,0.0,-83.5969941,,Sevierville,0.0,0.0,35.756539,0.0,0.0,[''],0.0,0.0
95.0,88.43,198.98,46784.9,2024-12-30,113.97,1-4 BR with MINIMUM REQUESTS,7.23,,330381,90.27,2026-08-13T13:53:55,1,1,183.14,2024-12-10,138.23,210.0,205.27,70294.46,28.88,hostaway,2,,Angela Newell 1428 (GAT) -- Heights Retreat - Mountain Views & Hot Tub!,,17.98,True,55.52,-83.5485269,202.0,Gatlinburg,80.06,12.08,35.7062137,55195.58,48.29,"['Regina', 'Safely', 'BlessedCleaningTyler', 'SCounty', '1-2BR Condo', '3-4BR', 'Kyle', 'min rate']",112.75,69.47
359.0,8.06,980.8,4799.41,2025-02-28,0.0,,-0.82,,331371,0.0,2024-11-21T19:05:01,0,1,980.8,2024-11-21,8.06,1455.0,0.0,4799.41,-100.0,hostaway,12,,Freddy Rivas Combo 1628/1654 (SCounty) -- Sleeps 26!2Cabins-12BR:Pool+Hot Tub+Theater+Games,,-100.0,True,0.0,-83.5963612,,Sevierville,0.0,-100.0,35.7573545,0.0,0.82,"['Blocked Calendar', 'HA1', 'SCounty', '1-2BR Cabin', '3-4BR', '7+BR', 'BlessedCleaningTyler', 'Group 1', 'HA5', 'NotKnox']",0.0,0.82
160.0,134.68,385.11,77596.93,2025-02-28,199.95,5-6 Bedrooms,12.33,,331435,81.98,2026-09-02T19:33:06,1,1,348.59,2024-12-11,184.9,335.0,392.26,104521.74,48.46,hostaway,5,,"Paul Leamon 1120 (GAT) -- Hillbilly Hilton: Hot Tub, Game Room, MTN View!",,46.32,True,50.97,-83.4879988,349.0,Gatlinburg,78.9,12.53,35.7433628,113541.24,38.64,"['5-6BR', 'GAT', 'Group 2', 'HA1', 'NotKnox', 'Safely', 'Summer', 'BlessedCleaningTyler', 'SCounty', '1-2BR Cabin', '3-4BR']",103.89,48.01
105.0,57.45,139.45,36359.06,2024-12-06,0.0,,-42.7,,332071,0.0,2025-11-05T15:09:45,0,1,134.54,2024-12-06,83.36,210.0,0.0,52176.31,-100.0,hostaway,2,,"Monte Leonhart 534 (GAT) -- Mystical Mornings: Hot Tub, Arcade, & More!",,-100.0,True,0.0,-83.4515375,,Gatlinburg,0.0,-100.0,35.7429344,0.0,42.7,"['1-2BR Cabin', 'Blocked Calendar', 'GAT', 'HA1', 'Summer', 'BlessedCleaningTyler']",0.0,59.78
78.0,53.49,119.24,33234.16,2024-12-26,57.06,1-4BR Cabins / House,5.89,,332092,61.29,2026-08-30T23:49:30,1,1,114.67,2024-12-10,71.28,120.0,108.6,44441.04,6.67,hostaway,2,1-2 Bedroom Cabins,Renee Carter 123 (BC) -- Peaceful Heights with Cozy Decks & a Smart TV!,,0.6,True,52.54,-83.8028271,119.0,Townsend,57.48,-5.29,35.6753436,33432.5,46.65,"['1-2BR Cabin', 'BCounty', 'Group 2', 'HA1', 'Katie', 'NORMAL', 'NotKnox', 'Safely', 'TendwellCleaning', 'SCounty', '3-4BR', 'BC', 'Kyle', 'MaidTooPerfectionJessica']",106.64,59.78
70.0,36.17,111.78,24429.96,2025-03-12,39.65,1-4BR Cabins / House,6.26,,336439,39.78,2026-09-05T17:04:32,1,1,102.81,2025-02-19,53.57,130.0,95.69,35255.82,9.62,hostaway,2,1-2 Bedroom Cabins,Nicole Allison 3690 (PF) -- Cozy Smoky Mountain Escape w/ Private Deck & Community Pool,,1.22,True,41.44,-83.5375605,125.0,Pigeon Forge,46.48,-6.93,35.7922091,24727.14,35.18,"['1-2BR Cabin', 'GAT', 'Group 3', 'HA1', 'Junior', 'Lily', 'NotKnox', 'Safely', 'BlessedCleaningTyler', 'SCounty', '3-4BR', 'Pet', 'PF']",85.58,47.92
90.0,53.52,127.07,33698.84,2025-02-14,49.87,1-4BR Cabins / House,-7.6,,336450,33.47,2026-08-31T03:22:10,1,1,119.76,2025-01-02,77.73,130.0,134.48,48530.28,-6.82,hostaway,3,3-4 Bedrooms,"Chris Montagna 2104 (SCounty) -- Peaky Woods Cabin - Hot Tub, Game Room,  MTN Views",,4.82,True,37.09,-83.632794,131.0,Sevierville,43.31,12.29,35.9009342,35324.09,44.69,"['Group 2', 'HA1', 'Katie', 'NotKnox', 'Pet', 'Safely', 'SCounty', 'BlessedCleaningTyler', '3-4BR', 'Summer', '1-2BR Cabin', 'Kyle']",77.29,61.17
189.0,83.51,263.49,54291.32,2024-12-13,0.0,,-31.69,,337073,0.0,2025-07-04T14:36:32,0,1,263.49,2024-12-05,83.51,305.0,0.0,54291.32,-100.0,hostaway,4,,"Josh Clark 705 (PF) -- Parkway Pool Oasis: Private Pool, Hot Tub, Game Room, Deck & More!",,-100.0,True,0.0,-83.5603112,,Pigeon Forge,0.0,-100.0,35.7974425,0.0,31.69,"['Blocked Calendar', 'PF']",0.0,31.69
189.0,24.01,243.44,17037.37,2024-12-15,0.0,,-9.86,,337133,0.0,2025-03-06T05:11:06,0,1,243.44,2024-12-05,24.01,330.0,0.0,17037.37,-100.0,hostaway,4,,"Josh Clark 709 (PF) -- Grand Luxury Retreat: Indoor Pool, Hot Tub, Game Room, King Beds & More!",,-100.0,True,0.0,-83.5603112,,Pigeon Forge,0.0,-100.0,35.7974425,0.0,9.86,"['Blocked Calendar', 'PF']",0.0,9.86
119.0,57.02,206.04,37943.62,2025-01-16,57.86,1-4 BR with MINIMUM REQUESTS,14.76,,343231,48.74,2026-08-24T02:15:40,1,1,202.35,2025-01-01,86.52,160.0,134.75,55555.78,1.47,hostaway,3,3-4 Bedrooms,"Kachi Nwabuko 2087 (SCounty) -- Galaxy Splash: Hot Tub, Pool, Theater, & MTN Views",,0.77,True,42.94,-83.5108064,198.0,Sevierville,50.95,-33.41,35.9239995,38236.29,28.18,"['Group 2', 'HA1', 'Katie', 'NORMAL', 'NotKnox', 'Safely', 'SCounty', 'TendwellCleaning', 'OglesCleaningTrenton', '3-4BR', '1-2BR Cabin', 'Kyle']",95.66,41.99
105.0,70.5,170.97,40104.63,2025-01-27,119.07,Knox All listing,-0.25,,349115,97.39,2026-09-05T04:31:03,1,1,150.37,2025-01-19,104.0,200.0,255.36,57341.0,68.89,hostaway,3,Knox 3-4BR,Alex Cameron 1502 (KCity) -- Knoxville Charm Cottage: 5.2 miles to Market Square,,44.51,True,46.63,-83.9181175,201.0,Knoxville,92.51,69.82,35.9083341,57953.84,46.88,"['Group 3', 'HA2', 'KCity', 'Regina', 'TurnoverProDonnita', 'KnoxStaytion', '3-4BR', 'SCounty', '1-2BR Cabin', 'Group 2', 'Kyle', '3BR']",105.28,60.83
100.0,92.48,176.5,55003.92,2025-03-16,106.64,1-4BR Cabins / House,12.47,,349839,79.57,2026-08-13T04:28:33,1,1,163.47,2025-01-17,127.59,165.0,154.45,74022.51,15.31,hostaway,2,1-2 Bedroom Cabins,"Daniel Shepherd 2005 (SCounty) -- Valley View Cabin: View, Hot Tub, Fireplace, Grill",,9.88,True,69.04,-83.5188848,165.0,Sevierville,63.29,-5.52,35.7920743,60436.82,56.57,"['1-2BR Cabin', 'Group 2', 'HA1', 'NotKnox', 'Safely', 'SCounty', 'Summer', 'BlessedCleaningTyler', 'HA3', '3-4BR']",125.71,72.29
95.0,59.96,163.91,33953.33,2025-02-14,77.84,1-4BR Cabins / House,9.83,,349853,51.91,2026-09-01T14:41:27,1,1,148.76,2025-01-20,96.83,180.0,155.25,53017.97,29.82,hostaway,3,3-4 Bedrooms,"Walter Franey 2170 (SCounty) -- Big Blue Mist w/ Hot Tub, Grill, Fireplace & GAMES",,45.15,True,50.14,-83.6503589,169.0,Sevierville,52.36,4.36,35.7957236,49281.75,40.31,"['1-2BR Cabin', 'Group 1', 'HA1', 'NotKnox', 'Safely', 'SCounty', 'Summer', 'TendwellCleaning', 'BlessedCleaningTyler', '3-4BR', 'Group 2']",99.13,59.08
90.0,59.04,163.46,34483.69,2025-03-09,67.32,1-4BR Cabins / House,7.82,,351688,53.05,2026-08-31T17:27:22,1,1,157.88,2025-02-11,90.97,170.0,148.93,52832.97,14.02,hostaway,3,3-4 Bedrooms,"Josh Cowan 2683 (PF) -- Valley Heights w/ Hot Tub, Life Suze Games, Lounge",,24.57,True,45.21,-83.5808103,167.0,Pigeon Forge,56.97,-5.67,35.7995896,42955.71,37.39,"['3-4BR', 'Group 2', 'HA1', 'Katie', 'NotKnox', 'PF', 'Safely', 'TendwellCleaning', 'FleurishAlicia', 'Summer', 'SCounty', '1-2BR Cabin', 'Kyle']",93.14,55.65
480.0,0.0,0.0,0.0,2026-01-19,21.57,Cabins/Houses (7+ Bedrooms),2.19,,352889,7.91,2025-11-26T19:08:36,0,1,0.0,2025-01-22,0.0,859.0,984.19,0.0,,hostaway,8,,"Dylan Robinson Combo 3738/3734 (PF) -- 2 Cabins! Sleeps 28-8BR! Pool, Hot Tub, Game Room!",,,True,2.19,-83.5506636,859.0,Pigeon Forge,174.03,,35.7784272,10664.31,0.0,"['5-6BR', '7+BR', 'Group 1', 'HA4', 'NotKnox', 'PF', 'Safely', 'Summer', 'BlessedCleaningTyler', 'SCounty', '1-2BR Cabin', '3-4BR']",4.54,0.0
460.0,44.43,949.77,21307.24,2025-03-26,104.15,Cabins/Houses (7+ Bedrooms),4.36,,353223,38.04,2026-08-27T23:58:46,1,1,949.77,2025-01-24,44.43,800.0,1151.97,21307.24,134.41,hostaway,8,,"Dylan Robinson Combo 3742/3746 (PF) -- Splendid 2Cabins, Sleeps 28! Pool, Hot Tub & More!",,149.42,True,9.04,-83.5506212,860.0,Pigeon Forge,202.93,21.29,35.7781922,53144.54,4.68,"['5-6BR', '7+BR', 'Group 1', 'HA4', 'NotKnox', 'PF', 'Safely', 'Summer', 'BlessedCleaningTyler', 'SCounty', '1-2BR Cabin', '3-4BR']",18.74,4.68
70.0,34.95,88.64,22157.89,2025-03-06,44.78,1-4BR Cabins / House,8.22,,356560,60.01,2026-08-31T16:43:24,1,1,83.92,2025-02-19,46.07,110.0,89.81,28195.85,28.13,hostaway,1,1-2 Bedroom Cabins,"Laurie Keenan 2587 (SCounty) -- Whiskey Stone - Hot Tub, Fireplace, Grill & Arcade",,26.66,True,49.86,-83.4824517,109.0,Sevierville,51.71,7.02,35.9258294,28064.3,41.64,"['1-2BR Cabin', 'Group 2', 'HA1', 'NotKnox', 'Regina', 'Safely', 'SCounty', 'TendwellCleaning', 'BlessedCleaningTyler', '3-4BR', 'Kyle']",116.03,51.98
75.0,46.7,104.45,26692.51,2025-03-13,31.78,1-4BR Cabins / House,-14.5,,356571,34.79,2026-09-04T17:08:35,1,1,92.82,2025-02-11,65.36,110.0,88.74,36807.92,-31.95,hostaway,2,1-2 Bedroom Cabins,"Laurie Keenan 2589 (SCounty) -- Whiskey Barrel w/ Hot Tub, Arcade Game & Fire Pit!",,-19.84,True,35.81,-83.4822955,112.0,Sevierville,41.87,-4.4,35.9258315,21397.97,50.31,"['1-2BR Cabin', 'Group 2', 'HA1', 'NotKnox', 'Regina', 'Safely', 'SCounty', 'TendwellCleaning', 'BlessedCleaningTyler', '3-4BR', 'Kyle']",83.09,62.58
85.0,68.28,148.56,39257.96,2025-02-28,64.37,1-4BR Cabins / House,3.04,,356573,56.18,2026-08-31T02:45:17,1,1,141.68,2025-02-13,102.47,135.0,125.65,58010.85,-5.73,hostaway,2,1-2 Bedroom Cabins,"Stephen Obeng 1580 (GAT) -- Wanderers Retreat: Hot Tub, Multicade, Grill, MORE",,0.95,True,51.23,-83.5519819,131.0,Gatlinburg,53.55,-11.31,35.7002828,39629.81,48.19,"['GAT', 'Group 2', 'Safely', 'Summer', 'TendwellCleaning', 'SCounty', 'HA3', '1-2BR Cabin', '3-4BR', 'BlessedCleaningTyler', 'HA1', 'Kyle', 'NotKnox']",104.92,68.98
105.0,135.23,241.31,74046.83,2025-03-07,159.12,1-4BR Cabins / House,8.06,,357048,118.72,2026-08-24T20:48:19,1,1,227.9,2025-03-04,193.34,265.0,236.1,105890.7,17.67,hostaway,3,3-4 Bedrooms,"Shaun Halberstadt 417 (PF) -- Twilight Mist Getaway | Pool, Hot Tub + Game Room!",,26.29,True,67.4,-83.5796177,264.0,Pigeon Forge,89.72,3.6,35.7963508,93513.35,59.34,"['3-4BR', 'Group 1', 'HA1', 'NotKnox', 'PF', 'Safely', 'Summer', 'BlessedCleaningTyler', 'SCounty', '1-2BR Cabin']",132.34,80.12
109.0,108.82,257.31,54395.49,2025-02-21,51.28,Knox All listing,-26.49,,357125,43.24,2026-04-19T22:54:59,0,1,259.92,2025-02-17,132.53,210.0,333.32,65491.31,-52.88,hostaway,3,Knox 3-4BR,Scarlett Cornell 3001-108 (KCity) -- Knox Hideaway - 2.3 miles to Market Square!,,-53.77,True,15.38,-83.925888,,Knoxville,122.12,28.24,35.9429946,25146.43,41.87,"['3-4BR', 'Group 2', 'HA2', 'KCity', 'knoxville', 'Lily', 'Safely', 'TurnoverProDonnita', 'KnoxStaytion', 'SCounty', '1-2BR Cabin', '3BR']",35.4,51.51
130.0,117.17,237.49,58869.13,2025-02-28,57.12,1-4 BR with MINIMUM REQUESTS,-27.37,,357132,48.16,2026-07-02T18:46:39,0,1,245.54,2025-02-18,140.76,150.0,280.65,71387.87,-51.25,hostaway,3,,Scarlett Cornell 3001-510 (KCity) -- Rivertowne Escape | Downtown Knoxville,,-51.34,True,20.35,-83.925888,,Knoxville,102.82,14.3,35.9429946,28646.92,47.72,"['Group 2', 'HA2', 'KCity', 'knoxville', 'Lily', 'Safely', 'TurnoverProDonnita', 'KnoxStaytion', '3-4BR', 'SCounty', '1-2BR Cabin', '3BR', 'min LOS']",46.84,59.27
,0.0,0.0,0.0,,0.0,,0.0,,357497,0.0,,0,1,0.0,,0.0,,0.0,0.0,0.0,hostaway,,,Michael Rohwer 2455 -- Modern Rustic Lodge,,0.0,True,0.0,-83.6256862,,Sevierville,0.0,0.0,35.7974637,0.0,0.0,[''],0.0,0.0
89.0,0.0,0.0,0.0,,0.0,1-4BR Cabins / House,0.0,,358936,0.0,,0,1,0.0,2025-04-03,0.0,150.0,0.0,0.0,0.0,hostaway,2,1-2 Bedroom Cabins,Tim Carroll 1260-8302 -- Ski View Loft,,0.0,True,0.0,-83.5596246,,Gatlinburg,0.0,0.0,35.7079418,0.0,0.0,[''],0.0,0.0
,0.0,0.0,0.0,,0.0,,0.0,,358963,0.0,,0,1,0.0,,0.0,,0.0,0.0,0.0,hostaway,,,Kirk Kelso 116-102 -- Rustic City Loft,,0.0,True,0.0,-83.9200429,,Knoxville,0.0,0.0,35.9685103,0.0,0.0,[''],0.0,0.0
129.0,4.51,154.84,2416.4,2025-02-25,0.0,,-2.91,,361345,0.0,2025-03-07T20:31:29,0,1,154.84,2025-02-14,4.51,300.0,0.0,2416.4,-100.0,hostaway,3,,"Josh Clark 588 (PF) -- Evergreen Parkway Retreat | Views, Hot Tub & Arcade!",,-100.0,True,0.0,-83.5792843,,Pigeon Forge,0.0,-100.0,35.7961068,0.0,2.91,"['Blocked Calendar', 'PF']",0.0,2.91
129.0,1.66,162.67,941.48,2025-03-13,0.0,,-1.02,,361364,0.0,2025-03-07T11:27:46,0,1,162.67,2025-02-14,1.66,290.0,0.0,941.48,-100.0,hostaway,3,,"Josh Clark 576 (PF) -- Parkway Cowboy Hideaway | Hot Tub, Views, Grill, Arcade!",,-100.0,True,0.0,-83.5795246,,Pigeon Forge,0.0,-100.0,35.7958272,0.0,1.02,"['Blocked Calendar', 'PF']",0.0,1.02
129.0,2.85,175.8,1440.96,2025-02-25,0.0,,-1.62,,361367,0.0,2025-02-24T16:47:36,0,1,175.8,2025-02-14,2.85,300.0,0.0,1440.96,-100.0,hostaway,3,,"Josh Clark 572 (PF) -- Twilight Luxury Escape | Hot Tub, Grill, Arcade & MORE",,-100.0,True,0.0,-83.5795982,,Pigeon Forge,0.0,-100.0,35.7956453,0.0,1.62,"['Blocked Calendar', 'PF']",0.0,1.62
159.0,0.0,0.0,0.0,,0.0,1-4BR Cabins / House,0.0,,363180,0.0,,0,1,0.0,2025-04-03,0.0,555.0,0.0,0.0,0.0,hostaway,6,5-6 Bedrooms,Ryan Carter 290 -- The Grand Chalet,,0.0,True,0.0,-83.3923733,,Sevierville,0.0,0.0,35.9353572,0.0,0.0,[''],0.0,0.0
95.0,67.13,166.79,34354.91,2025-03-13,73.14,1-4BR Cabins / House,6.47,,363185,50.04,2026-09-05T22:19:12,1,1,148.16,2025-02-27,121.45,140.0,141.25,61597.08,8.95,hostaway,3,3-4 Bedrooms,"Sanjay Arukala 1728 (SCounty) -- Bear Paw Hideaway: Hot Tub, Theater & Multicade!",,35.05,True,51.78,-83.6283831,146.0,Sevierville,49.28,-4.66,35.8096119,46396.23,45.31,"['Group 2', 'HA1', 'Katie', 'NORMAL', 'NotKnox', 'Safely', 'SCounty', 'TendwellCleaning', 'OglesCleaningTrenton', '3-4BR', '1-2BR Cabin']",101.53,72.82
69.0,12.55,71.46,5934.91,2025-03-11,0.0,,-17.56,,364203,0.0,2025-05-18T19:26:43,0,1,71.46,2025-02-26,12.55,136.0,0.0,5934.91,-100.0,hostaway,1,,Carly Vanslembrouck 2501 (PF) -- The Penthouse | In the Heart of Pigeon Forge,,-100.0,True,0.0,-83.5400133,,Pigeon Forge,0.0,-100.0,35.7877984,0.0,17.56,"['Blocked Calendar', 'PF']",0.0,17.56
69.0,26.93,100.18,9055.97,2025-03-22,0.0,,-26.88,,364213,0.0,2025-06-26T21:05:40,0,1,100.18,2025-02-26,26.93,117.0,0.0,9055.97,-100.0,hostaway,1,,Carly Vanslembrouck 1204 (PF) -- Smoky Luxe | Near Top Attractions in Pigeon Forge!,,-100.0,True,0.0,-83.5400133,,Pigeon Forge,0.0,-100.0,35.7877984,0.0,26.88,"['Blocked Calendar', 'PF']",0.0,26.88
99.0,0.0,152.29,0.0,2024-03-02,0.0,,0.0,,365469,0.0,2025-10-08T14:57:24,0,1,0.0,2025-09-22,3.46,132.0,0.0,1552.98,0.0,hostaway,1,,NEW Nadim Jubran 813-1 (KCity) -- Charming Historic Retreat - 5 Mins from Downtown,,0.0,True,0.0,-83.9167103,,Knoxville,0.0,0.0,35.9797227,0.0,0.0,"['Blocked Calendar', 'KCity']",0.0,2.27
150.0,54.94,196.99,30046.24,2025-04-11,88.8,5-6 Bedrooms,10.99,,366679,29.54,2026-09-06T14:36:07,1,1,191.98,2025-03-07,104.51,210.0,224.18,55476.54,61.63,hostaway,5,,"Kim Mills 1654 (SCity) -- Grey Wood Lodge | Hot Tub, Fireplace & Games!",,82.75,True,39.61,-83.5461634,209.0,Sevierville,38.18,16.77,35.8546786,54908.74,28.62,"['5-6BR', 'Group 1', 'HA1', 'NotKnox', 'Pet', 'SCity', 'Summer', 'BlessedCleaningTyler', '3-4BR', 'SCounty', '1-2BR Cabin', 'Kyle']",77.36,53.05
90.0,74.15,141.52,36349.59,2025-04-04,98.35,1-4BR Cabins / House,10.71,,366682,98.4,2026-09-05T17:06:20,1,1,126.51,2025-03-07,109.66,160.0,141.89,52881.45,32.64,hostaway,2,1-2 Bedroom Cabins,"Kim Mills 2222 (PF) -- Beary Cottage | Hot Tub, Grill & Arcade Games!",,54.03,True,69.32,-83.5693025,160.0,Pigeon Forge,66.89,12.16,35.8150229,55990.13,58.61,"['1-2BR Cabin', 'Group 1', 'HA1', 'NotKnox', 'Pet', 'PF', 'Summer', 'BlessedCleaningTyler', 'SCounty', '3-4BR', 'Kyle']",147.11,77.48
100.0,26.76,107.05,14967.88,2025-03-14,0.0,,-25.0,,366691,0.0,2025-05-31T14:49:45,0,1,107.05,2025-03-06,26.76,160.0,0.0,14967.88,-100.0,hostaway,2,,"Jared Blumberg 232 (PF) -- Smoky Bear Lodge | Hot Tub, Grill, Outdoor Pool!",,-100.0,True,0.0,-83.5756148,,Pigeon Forge,0.0,-100.0,35.8208455,0.0,25.0,"['Blocked Calendar', 'PF']",0.0,25.0
109.0,34.14,135.19,18964.62,2025-03-14,0.0,,-25.26,,366705,0.0,2025-07-05T12:37:55,0,1,135.19,2025-03-12,34.14,173.0,0.0,18964.62,-100.0,hostaway,3,,"Corey DeFrancesco 592 (PF) -- The Charlotte Cabin: Hot Tub, Fireplace, Multicade",,-100.0,True,0.0,-83.5793084,,Pigeon Forge,0.0,-100.0,35.7963154,0.0,25.26,"['Blocked Calendar', 'PF']",0.0,25.26
,0.0,0.0,0.0,,0.0,,0.0,,366728,0.0,,0,1,0.0,,0.0,9974.0,0.0,0.0,0.0,hostaway,2,,Corey DeFrancesco 122 -- Wild Woods Hideout,,0.0,True,0.0,-83.3958782,,Sevierville,0.0,0.0,35.9347858,0.0,0.0,"['Blocked Calendar', 'SCounty']",0.0,0.0
129.0,78.97,338.13,38704.87,2025-05-23,78.29,5-6 Bedrooms,7.08,,367540,28.44,2026-08-18T17:30:03,1,1,301.88,2025-03-05,123.16,270.0,235.51,58644.7,-0.86,hostaway,5,,"Graham Brown 3940 (SCounty) -- MTN View, Game Room, & Hot Tub!",,12.66,True,33.24,-83.66007233,290.0,Pigeon Forge,44.39,-21.99,35.70415878,43605.23,26.16,"['5-6BR', 'Group 2', 'HA1', 'Katie', 'NotKnox', 'Safely', 'SCounty', 'TendwellCleaning', 'BlessedCleaningTyler', 'Summer', '1-2BR Cabin', '3-4BR', 'Kyle']",64.05,36.42
100.0,75.16,163.82,42238.52,2025-03-14,38.46,1-4BR Cabins / House,-25.2,,367835,22.0,2026-07-01T20:59:07,1,1,155.47,2025-03-06,94.93,155.0,166.22,52483.34,-48.83,hostaway,4,3-4 Bedrooms,"Cristina Turcan 8540 (BC) -- The Skinners Cabin: Hot Tub, Fireplace & Grill!",,-37.95,True,23.14,-83.7202355,155.0,Townsend,47.79,6.91,35.6717372,26208.86,48.34,"['3-4BR', 'BC', 'Group 2', 'HA1', 'NotKnox', 'Regina', 'Safely', 'TendwellCleaning', 'SCounty', '1-2BR Cabin', 'Kyle', 'MaidTooPerfectionJessica', 'EasyBNBAmanda']",46.03,57.95
95.0,65.74,176.4,34214.58,2025-03-27,108.35,1-4BR Cabins / House,11.77,,367983,74.65,2026-09-06T15:13:51,1,1,149.9,2025-03-06,118.97,160.0,194.82,60684.71,64.82,hostaway,3,3-4 Bedrooms,"Erica Sadler 1625 (SCounty) -- Bear Claw Hideaway | View, Hot Tub, LifeSize Gamesb",,85.99,True,55.62,-83.502251,167.0,Sevierville,69.69,29.97,35.7927701,63634.17,43.85,"['Group 2', 'HA1', 'Lily', 'NORMAL', 'NotKnox', 'Pet', 'Safely', 'SCounty', 'BlessedCleaningTyler', '3-4BR', '1-2BR Cabin', 'MagicleanAnya']",107.13,67.44
350.0,140.41,596.82,66619.45,2025-03-30,153.73,Cabins/Houses (7+ Bedrooms),0.92,,367999,29.56,2026-08-30T19:26:31,1,1,612.52,2025-03-11,190.35,580.0,644.98,91336.18,9.49,hostaway,7,,"Luning Wang 1056 (SCounty) -- Grand Theatre Lodge: View, Hot Tub, Pool, Pet-friendly & GAMES!",,30.54,True,23.84,-83.6043556,577.0,Sevierville,75.18,5.3,35.7795995,86962.43,22.92,"['7+BR', 'Group 1', 'HA1', 'NotKnox', 'Safely', 'SCounty', 'Summer', 'BlessedCleaningTyler', '1-2BR Cabin', '3-4BR', 'Kyle']",39.33,31.89
95.0,93.89,180.49,44125.11,2025-04-05,73.94,1-4BR Cabins / House,-19.08,,368011,56.88,2026-06-01T12:07:36,0,1,165.94,2025-03-21,134.24,220.0,197.17,61375.22,-21.25,hostaway,2,1-2 Bedroom Cabins,"Mike Nahom 622 (GAT) -- Timber Log Cabin: Hot Tub, Pool Table, Games, MORE",,-10.35,True,37.5,-83.5015899,211.0,Gatlinburg,80.44,18.82,35.74219,39559.89,56.58,"['1-2BR Cabin', 'GAT', 'Group 2', 'HA1', 'NotKnox', 'Safely', 'Summer', 'TendwellCleaning', 'BlessedCleaningTyler', 'SCounty', '3-4BR']",70.71,74.38
90.0,43.86,149.92,23090.98,2025-06-13,65.2,1-4BR Cabins / House,17.55,,370119,56.7,2026-09-04T19:20:27,1,1,133.38,2025-03-12,83.85,145.0,129.29,42230.71,48.65,hostaway,2,1-2 Bedroom Cabins,"Kylie Willis 914 (SCounty) -- Blue Mist Lodge: Hot Tub, Outdoor Lounge, MORE",,70.59,True,50.43,-83.5026824,135.0,Sevierville,58.75,-3.07,35.7561229,39390.77,32.88,"['1-2BR Cabin', 'Group 2', 'HA1', 'Lily', 'Pet', 'Safely', 'SCounty', 'TendwellCleaning', 'BlessedCleaningTyler', 'NotKnox', 'Summer', '3-4BR', 'Group 1', 'Kyle']",96.52,55.93
65.0,43.96,119.95,23633.73,2025-03-28,64.22,1-4BR Cabins / House,12.28,,370142,58.5,2026-09-05T19:05:16,1,1,99.76,2025-03-12,87.02,115.0,113.95,43755.32,46.09,hostaway,1,1-2 Bedroom Cabins,Michael Hooper 2335 (SCounty) -- The Secret Nest | Hot Tub & Jacuzzi Tub + Pet Friendly!,,52.98,True,56.35,-83.6396275,115.0,Sevierville,55.8,14.22,35.8046713,36154.67,44.07,"['1-2BR Cabin', 'Group 3', 'HA1', 'NotKnox', 'Pet', 'Regina', 'Safely', 'SCounty', 'BlessedCleaningTyler', '3-4BR', 'Group 2', 'Kyle']",104.82,72.54
100.0,86.37,211.78,34648.39,2025-03-17,100.54,1-4BR Cabins / House,14.46,,370390,63.25,2026-09-06T11:33:05,1,1,199.26,2025-03-12,158.63,185.0,173.91,66203.41,16.41,hostaway,3,3-4 Bedrooms,"Walter Franey 3325 (SCounty) -- Big Blue Ridge | MTN Views, Hot Tub, Pool Table!",,79.62,True,57.81,-83.6564496,179.0,Sevierville,57.17,-12.72,35.7447704,62235.15,43.35,"['1-2BR Cabin', 'Group 1', 'HA1', 'NotKnox', 'Safely', 'SCounty', 'Summer', 'TendwellCleaning', 'BlessedCleaningTyler', '3-4BR']",110.64,74.9
89.0,67.56,186.94,32387.65,2025-03-28,87.1,Knox All listing,-1.56,,370539,86.25,2026-08-27T13:01:32,1,1,183.36,2025-03-12,97.08,140.0,246.89,45538.62,28.92,hostaway,2,Knox 1-2BR,Mark Mobley 135-102 (KCity) -- The Quiet Old City Hideout,,39.1,True,35.28,-83.9182493,139.0,Knoxville,100.73,34.65,35.9691899,45052.71,36.84,"['1-2BR Condo', 'Group 2', 'HA2', 'KCity', 'MadersCleaningTeresa', 'Safely', 'Summer', 'KnoxStaytion', 'EasyBNBAmanda', 'SCounty', '1-2BR Cabin', '3-4BR', '2BR']",85.63,51.93
105.0,126.27,245.29,63658.3,2025-03-26,150.13,1-4BR Cabins / House,-1.26,,370546,87.25,2026-09-03T15:50:19,1,1,230.69,2025-03-12,170.41,220.0,280.7,83579.47,18.9,hostaway,4,3-4 Bedrooms,"Kristen Cannon 428 (GAT) -- Moody Mountain Lodge: MTN Views, Hot Tub, GameRoom",,38.53,True,53.48,-83.4613102,228.0,Gatlinburg,77.3,21.68,35.73221,88184.02,54.74,"['GAT', 'Group 2', 'HA1', 'NotKnox', 'Safely', 'Summer', 'TendwellCleaning', 'BlessedCleaningTyler', '3-4BR', 'SCounty', '1-2BR Cabin', 'Group 1', 'Kyle']",112.87,69.47
90.0,78.92,175.73,38871.93,2025-04-24,91.21,1-4BR Cabins / House,9.63,,373559,76.03,2026-09-06T16:18:57,1,1,149.36,2025-03-21,120.89,165.0,146.01,56332.58,15.57,hostaway,2,1-2 Bedroom Cabins,"Cameron Penn 1750 (SCounty) -- Nature's Nest | MTN View, Hot Tub & Arcade Games!",,36.81,True,62.47,-83.4978355,170.0,Sevierville,63.78,-2.24,35.7770373,53179.22,52.84,"['1-2BR Cabin', 'Group 2', 'HA1', 'NotKnox', 'Safely', 'SCounty', 'Summer', 'TendwellCleaning', 'BlessedCleaningTyler', '3-4BR']",119.22,68.79
140.0,105.07,280.42,48694.92,2025-04-11,100.44,5-6 Bedrooms,6.63,,374398,37.7,2026-08-28T22:03:51,1,1,274.35,2025-03-25,137.23,220.0,223.55,63167.33,-4.41,hostaway,5,,"John Kirkman 510 (GAT) -- Secluded Escape | Views, Hot Tub, Outdoor Lounge!",,23.25,True,44.93,-83.493878,203.0,Gatlinburg,41.6,-18.52,35.7328713,60015.84,38.3,"['5-6BR', 'GAT', 'Group 2', 'HA1', 'Lily', 'NORMAL', 'NotKnox', 'Safely', 'TendwellCleaning', 'FleurishAlicia', 'SCounty', '1-2BR Cabin', '3-4BR', 'Kyle']",90.62,48.94
90.0,54.35,152.86,25401.0,2025-05-22,72.66,1-4BR Cabins / House,12.08,,374404,54.02,2026-09-02T15:37:10,1,1,137.85,2025-03-25,100.26,150.0,141.07,45020.44,33.69,hostaway,2,1-2 Bedroom Cabins,"Dustin Francis 3213 (SCounty) -- Smoky Ridge Hideaway: Views, Hot Tub, Game Room!",,69.66,True,51.51,-83.6182988,161.0,Sevierville,51.88,2.34,35.7617645,43096.4,39.43,"['1-2BR Cabin', 'Group 2', 'HA1', 'Lily', 'NORMAL', 'NotKnox', 'Safely', 'SCounty', 'BlessedCleaningTyler', '3-4BR']",104.14,65.59
90.0,49.19,168.54,24182.64,2025-05-23,61.63,1-4BR Cabins / House,14.03,,374406,43.64,2026-09-04T20:47:43,1,1,148.11,2025-03-25,89.8,140.0,130.47,41903.62,25.29,hostaway,3,3-4 Bedrooms,"Elizabeth Garcia 309 (GAT) -- Smoky Mountain Gem | MTN View, Hot Tub, Grill!",,64.77,True,47.24,-83.4650012,150.0,Gatlinburg,44.04,-11.91,35.7375929,39846.29,33.21,"['GAT', 'Group 3', 'HA1', 'Junior', 'Lily', 'NotKnox', 'Safely', 'BlessedCleaningTyler', '3-4BR', 'SCounty', '1-2BR Cabin']",99.1,53.28
210.0,263.43,458.48,115734.16,2025-04-07,332.17,5-6 Bedrooms,3.22,,375171,102.62,2026-08-31T00:04:00,1,1,440.62,2025-03-26,332.85,480.0,527.14,144395.25,26.09,hostaway,5,,"Dylan Robinson 768 (SCounty) -- The Lookout at Chalet Village: Hot Tub, Games+MORE",,49.96,True,63.01,-83.5248028,474.0,Gatlinburg,88.56,19.64,35.7217736,173550.96,59.79,"['5-6BR', 'Group 1', 'HA4', 'NotKnox', 'Safely', 'SCounty', 'Summer', 'BlessedCleaningTyler', '3-4BR', '1-2BR Cabin']",115.87,72.6
154.0,155.64,379.46,71381.38,2025-05-23,14.63,5-6 Bedrooms,-37.46,,376033,5.27,2026-01-24T23:43:04,1,1,368.97,2025-04-01,190.42,330.0,309.71,86977.29,-90.6,hostaway,5,,"Van Mulkey 3136 (PF) -- Creekside Paradise: Hot Tub,Arcade Games,NEAR PF!",,-86.92,True,4.72,-83.6220407,330.0,Pigeon Forge,55.99,-16.06,35.7854924,9334.75,42.18,"['5-6BR', 'Group 1', 'HA1', 'NotKnox', 'PF', 'Safely', 'Summer', 'TendwellCleaning', 'FleurishAlicia', 'SCounty', '1-2BR Cabin', '3-4BR']",9.41,50.18
160.0,48.2,214.55,21371.43,2025-05-09,79.4,1-4 BR with MINIMUM REQUESTS,7.33,,376933,52.32,2026-09-02T17:05:12,1,1,179.04,2025-04-01,85.82,170.0,231.84,37936.37,64.73,hostaway,3,,"Glen Peterson 233 (SCounty) -- The Boujee Bear | MTN View, Hot Tub, Foosball!",,109.27,True,34.25,-83.574986,166.0,Sevierville,69.73,29.49,35.892608,44724.9,26.92,"['1-2BR Cabin', 'Group 1', 'HA1', 'NotKnox', 'Safely', 'SCounty', 'Summer', 'BlessedCleaningTyler', '3-4BR', 'min LOS', 'min rate']",75.04,40.0
180.0,0.0,300.66,0.0,2025-10-04,127.36,1-4 BR with MINIMUM REQUESTS,46.13,,376938,97.07,2026-09-05T13:20:14,1,1,0.0,2025-04-01,48.11,230.0,276.07,18796.47,,hostaway,2,,"Glen Peterson 5175 (SCounty) -- Multi-Level Getaway | Pool, Hot Tub and Fireplace",,,True,46.13,-83.40716,229.0,Sevierville,107.67,,35.7633044,64438.19,0.0,"['1-2BR Cabin', 'Group 1', 'HA1', 'NotKnox', 'Safely', 'SCounty', 'Summer', '3-4BR', 'BlessedCleaningTyler', 'min LOS', 'min rate']",90.15,16.0
120.0,7.78,165.11,4051.86,2025-05-23,16.98,1-4 BR with MINIMUM REQUESTS,6.0,,376944,16.05,2026-09-03T16:28:30,1,1,142.63,2025-04-17,27.62,100.0,148.3,12819.43,118.25,hostaway,2,1-2 Bedroom Condos,Glen Peterson 3710 (GAT) -- Smoky Mountain Luxurious Serenity,,136.93,True,11.45,-83.3513232,96.0,Gatlinburg,65.15,3.98,35.7642454,9599.89,5.45,"['1-2BR Condo', 'GAT', 'Group 1', 'HA1', 'NotKnox', 'Safely', 'Summer', 'TendwellCleaning', 'FleurishAlicia', 'SCounty', '1-2BR Cabin', '3-4BR', 'min LOS', 'min rate']",24.63,16.73
100.0,60.88,174.31,28625.45,2025-05-16,80.5,1-4BR Cabins / House,7.59,,378580,51.85,2026-08-31T12:51:08,1,1,154.86,2025-04-04,115.1,175.0,171.63,52414.64,32.23,hostaway,3,3-4 Bedrooms,"Melissa Allen 3666 (SCounty) -- Smokies Cabin Life: View, Hot Tub, Grill, Game Room",,61.0,True,46.9,-83.6167359,175.0,Sevierville,56.38,10.83,35.7285654,46088.39,39.31,"['Group 2', 'HA1', 'Lily', 'NORMAL', 'NotKnox', 'Pet', 'Safely', 'SCounty', 'TendwellCleaning', 'FleurishAlicia', 'HA3', '1-2BR Cabin', '3-4BR']",91.94,66.03
109.0,51.5,155.13,22396.84,2025-05-02,0.0,,-33.2,,381202,0.0,2025-08-22T17:53:24,0,1,155.13,2025-04-24,51.5,241.0,0.0,22396.84,-100.0,hostaway,3,,"Logan Knight 591 (PF) -- Woodland Smokies: Hot Tub, Fireplace, Arcade Games",,-100.0,True,0.0,-83.5794538,,Pigeon Forge,0.0,-100.0,35.7963451,0.0,33.2,"['Blocked Calendar', 'PF']",0.0,33.2
350.0,72.73,459.79,26926.03,2025-05-10,152.89,Cabins/Houses (7+ Bedrooms),13.83,,381205,46.98,2026-09-01T22:31:18,1,1,515.2,2025-04-16,135.23,460.0,547.09,50000.08,110.22,hostaway,8,,"Geri Giddens 437 (PF) -- Enchanted Mountain Escape: Hot tub, Grill, Games!",,222.39,True,27.95,-83.5724212,465.0,Pigeon Forge,79.65,6.19,35.7913093,86806.02,14.12,"['7+BR', 'Group 1', 'HA1', 'Key', 'Lily', 'NotKnox', 'PF', 'Safely', 'BlessedCleaningTyler', 'SCounty', '1-2BR Cabin', '3-4BR', 'OglesCleaningTrenton']",58.99,29.41
149.0,60.18,193.78,23024.63,2025-05-12,0.0,,-34.11,,381207,0.0,2025-09-30T01:55:54,0,1,176.43,2025-04-17,76.06,289.0,0.0,29401.05,-100.0,hostaway,4,,"Hannah Collins Lee 3733 (KCity) -- South Knox Spot | Grill, Outdoor Pool & Lounge!",,-100.0,True,0.0,-83.9060769,,Knoxville,0.0,-100.0,35.9404824,0.0,34.11,"['Blocked Calendar', 'KCity']",0.0,39.25
110.0,24.02,194.11,9170.82,2025-07-04,65.62,Knox All listing,11.64,,381210,60.26,2026-06-29T16:04:07,0,1,131.81,2025-05-23,60.77,195.0,219.77,21375.86,173.19,hostaway,3,Knox 3-4BR,Kevin Ling 5436 (KCity) -- The Knoxville Nest: Cozy 3BR Retreat w/ Fireplace,,258.45,True,29.86,-83.9169351,,Knoxville,91.22,66.73,36.0459084,32873.23,18.22,"['EasyBNBAmanda', 'Group 2', 'HA2', 'KCity', 'Regina', 'Safely', 'KnoxStaytion', '3-4BR', 'SCounty', '1-2BR Cabin', 'KCounty']",66.06,31.31
105.0,142.15,283.11,57773.5,2025-05-23,185.72,1-4BR Cabins / House,13.74,,382134,105.08,2026-09-05T19:21:35,1,1,295.05,2025-04-28,192.56,280.0,299.95,78691.37,30.65,hostaway,4,3-4 Bedrooms,Michelle and Roncie Fernandes 1144 (GAT) -- Bearly Dreaming Elite Location Hot Tub & Game Room,,83.76,True,61.92,-83.4656481,266.0,Gatlinburg,81.38,1.66,35.7429641,106165.03,48.18,"['GAT', 'Group 1', 'HA1', 'Key', 'Lily', 'NotKnox', 'Safely', 'BlessedCleaningTyler', '3-4BR', 'SCounty', '1-2BR Cabin', 'Group 2', 'Kyle']",129.13,68.02
90.0,47.57,157.26,20926.85,2025-05-12,21.83,1-4BR Cabins / House,-13.73,,383100,14.93,2026-06-29T17:01:09,0,1,147.4,2025-04-22,100.25,150.0,117.73,42405.62,-54.11,hostaway,3,3-4 Bedrooms,"Lindsey Smith 2833 (SCounty) -- Little Bears Cabin: Hot Tub, Fireplace & Grill!",,-29.59,True,18.54,-83.6160198,,Sevierville,41.57,-20.13,35.8003478,14733.76,32.27,"['Group 2', 'HA1', 'Lily', 'NORMAL', 'NotKnox', 'Safely', 'SCounty', 'BlessedCleaningTyler', '3-4BR', '1-2BR Cabin']",35.92,63.75
85.0,49.66,144.88,21275.97,2025-05-22,63.76,1-4BR Cabins / House,15.29,,384346,48.58,2026-08-25T15:41:45,1,1,130.1,2025-04-23,84.16,130.0,119.25,34303.23,28.39,hostaway,2,1-2 Bedroom Cabins,"Digant Patel 1554 (SCounty) -- Mountain Mischief: Hot Tub, Games & Cozy Fireplace",,78.94,True,53.46,-83.5057527,129.0,Sevierville,47.59,-8.34,35.8087214,38070.6,38.17,"['1-2BR Cabin', 'Group 2', 'HA1', 'Katie', 'NORMAL', 'NotKnox', 'Safely', 'SCounty', 'TendwellCleaning', 'BlessedCleaningTyler', '3-4BR', 'Kyle']",102.06,58.09
119.0,8.07,125.6,3646.49,2025-07-02,0.0,,-6.42,,384354,0.0,2025-08-22T01:39:57,0,1,125.6,2025-04-23,8.07,222.0,0.0,3646.49,-100.0,hostaway,3,,Josh Moss 1427 (GAT) -- Smoky Horizon Getaway with Hot Tub & Game Room!,,-100.0,True,0.0,-83.5502385,,Gatlinburg,0.0,-100.0,35.7068998,0.0,6.42,"['Blocked Calendar', 'GAT']",0.0,6.42
250.0,271.73,564.35,104954.61,2025-05-15,271.02,Luxury Cabins/Houses (5-6 Bedrooms),-0.2,,385793,87.94,2026-08-20T01:30:16,1,1,509.76,2025-04-29,338.15,450.0,510.33,127569.54,-0.26,hostaway,6,,"David Sussman 3759 (SCounty) -- Chalet Bellemont: View, Heated Swim Spa, Game Room",1900.0,40.59,True,53.11,-83.6210969,450.0,Sevierville,85.9,0.11,35.7320488,147555.12,53.31,"['5-6BR', 'Group 1', 'HA1', 'Jordan', 'NotKnox', 'Safely', 'SCounty', 'TendwellCleaning', 'BlessedCleaningTyler', 'HA3', '1-2BR Cabin', '3-4BR', 'Stillwater', 'Luxury']",102.37,59.92
110.0,56.46,269.81,21206.61,2025-08-02,172.53,1-4BR Cabins / House,35.78,,385795,93.74,2026-09-02T23:07:38,1,1,197.16,2025-05-01,146.2,240.0,267.87,51690.45,205.58,hostaway,3,3-4 Bedrooms,"Jill Bishop 2719 (SCounty) -- Sawmill Lodge: Hot Tub, Theater, Putt Putt & Views",,339.97,True,64.41,-83.6672971,234.0,Sevierville,73.26,35.86,35.7782617,93302.17,28.63,"['Group 2', 'HA1', 'Lily', 'NORMAL', 'NotKnox', 'Safely', 'SCounty', 'TendwellCleaning', 'BlessedCleaningTyler', '3-4BR', '1-2BR Cabin', 'scounty']",127.95,54.19
105.0,17.89,306.55,7288.17,2025-08-27,176.35,1-4BR Cabins / House,45.35,,385800,95.25,2026-08-30T19:25:20,1,1,204.37,2025-05-01,87.59,280.0,325.92,31219.57,885.75,hostaway,4,3-4 Bedrooms,"Lowell Weiss 229 (GAT) -- The Smoky Bear: View, Hot Tub, Pool & MORE!",,1252.1,True,54.11,-83.3444933,299.0,Gatlinburg,84.83,59.48,35.7661701,98543.59,8.76,"['3-4BR', 'Group 2', 'HA1', 'Lily', 'NotKnox', 'Safely', 'TendwellCleaning', 'BlessedCleaningTyler', 'GAT', 'HA4', 'NORMAL', 'SCounty', '1-2BR Cabin']",112.28,28.57
85.0,12.47,115.1,6193.32,2025-05-23,4.81,1-4BR Cabins / House,-6.15,,385831,4.99,2026-07-22T17:36:11,1,1,118.43,2025-05-02,13.51,110.0,109.63,6845.51,-61.43,hostaway,3,3-4 Bedrooms,Dan and Melissa Hanlon Combo 1&2 (SCity) -- Cedar's Peak - Downtown 2 Condos,,-38.76,True,4.38,-83.5646653,108.0,Sevierville,48.28,-7.43,35.8654746,3792.88,10.53,"['FleurishAlicia', 'Group 2', 'HA1', 'NotKnox', 'Safely', 'SCity', 'BlessedCleaningTyler', '1-2BR Cabin', '3-4BR', 'HA2', 'Lily', 'SCounty']",10.32,11.74
75.0,48.65,149.02,19364.64,2025-06-06,75.53,1-4BR Cabins / House,22.02,,386891,70.82,2026-09-03T21:12:01,1,1,128.84,2025-05-01,102.65,130.0,126.34,39552.34,55.25,hostaway,1,1-2 Bedroom Cabins,"Jordan Sims 1467 (SCounty) -- Smoky Mountain Dove | Hot Tub, Firepit, Fireplace",,119.97,True,59.78,-83.4297821,132.0,Sevierville,60.32,-1.94,35.84112,42597.18,37.76,"['1-2BR Cabin', 'Group 2', 'HA1', 'Lily', 'NotKnox', 'Safely', 'SCounty', 'BlessedCleaningTyler', '3-4BR']",117.4,68.88
90.0,57.75,207.49,23060.71,2025-06-28,78.59,1-4BR Cabins / House,18.59,,386914,62.48,2026-09-02T19:10:38,1,1,188.85,2025-06-25,104.6,170.0,159.82,39878.52,36.09,hostaway,2,1-2 Bedroom Cabins,"Tara Rao 116 (BC) -- The Little Timber: Cozy, Hot Tub & Fireplace!",,94.22,True,49.17,-83.681121,160.0,Townsend,66.14,-15.37,35.695274,44787.84,30.58,"['1-2BR Cabin', 'BC', 'Group 2', 'HA1', 'Lily', 'MaidTooPerfection', 'NORMAL', 'NotKnox', 'Safely', 'SCounty', '3-4BR', 'Summer', 'TendwellCleaning', 'MaidTooPerfectionJessica']",94.47,50.41
98.0,53.33,202.47,22685.7,2025-05-22,85.9,1-4BR Cabins / House,15.53,,387284,63.04,2026-09-04T21:55:17,1,1,167.51,2025-05-07,121.67,180.0,181.34,45797.54,61.07,hostaway,3,3-4 Bedrooms,Ruth Heath 458 (PF) -- Cloudspire Chalet: Arcade Games & Outdoor Lounge!,,138.11,True,47.37,-83.5298302,167.0,Pigeon Forge,66.43,8.26,35.7767062,54015.8,31.84,"['3-4BR', 'Group 2', 'HA1', 'Lily', 'NORMAL', 'Pet', 'PF', 'Safely', 'TendwellCleaning', 'BlessedCleaningTyler', 'SCounty', '1-2BR Cabin', 'NotKnox']",94.89,60.09
110.0,28.65,133.32,12324.57,2025-06-12,59.03,1-4 BR with MINIMUM REQUESTS,29.2,,387295,64.42,2026-08-18T21:18:11,1,1,122.93,2025-05-07,69.48,110.0,112.41,28103.62,106.04,hostaway,2,1-2 Bedroom Cabins,"Kaley Eversgerd 933 (SCounty) -- Mountaintop RnR | Hot Tub, Roku TVs & Fireplace!",,185.53,True,52.51,-83.4851291,108.0,Sevierville,53.21,-8.56,35.9276675,35190.74,23.31,"['1-2BR Cabin', 'Group 2', 'HA1', 'Lily', 'NORMAL', 'NotKnox', 'Safely', 'SCounty', 'TendwellCleaning', 'BlessedCleaningTyler', '3-4BR']",121.05,52.12
450.0,265.08,1016.14,79355.2,2025-06-08,0.0,,-26.09,,393202,0.0,2025-07-08T05:31:11,0,1,1016.14,2025-05-21,265.08,852.0,0.0,79355.2,-100.0,hostaway,8,,"Freddy Rivas 2215 (SCounty) -- Grace Summit  Pool, Hot Tub, Full Kitchen, WiFi",,-100.0,True,0.0,-83.6413386,,Sevierville,0.0,-100.0,35.841697,0.0,26.09,"['Blocked Calendar', 'HA1', 'NotKnox', 'Safely', 'SCounty', 'SS', 'Summer', 'TendwellCleaning']",0.0,26.09
149.0,98.71,325.78,38990.36,2025-06-17,130.32,5-6 Bedrooms,10.62,,393217,54.36,2026-08-30T15:42:55,1,1,264.39,2025-05-23,189.67,310.0,271.81,69924.74,32.02,hostaway,5,,Pooja Mehta 2933 (PF) -- Spacious Pet Friendly 5BR Retreat w/ Theater & Hot Tub,,100.83,True,47.95,-83.5768514,323.0,Pigeon Forge,55.81,2.81,35.7824715,78303.4,37.33,"['5-6BR', 'Group 2', 'HA1', 'Katie', 'NORMAL', 'NotKnox', 'PF', 'Safely', 'TendwellCleaning', 'FleurishAlicia', 'SCounty', '1-2BR Cabin', '3-4BR', 'Kyle']",97.4,58.22
120.0,48.6,144.25,19957.63,2025-06-07,70.78,1-4 BR with MINIMUM REQUESTS,7.96,,393226,67.75,2026-08-12T04:10:07,1,1,122.05,2025-05-22,100.52,140.0,148.14,39000.8,45.64,hostaway,1,,"Katrina Maloney 659 (SCounty) -- Rustic Retreat  Jacuzzi, Fireplaces & Views",,99.47,True,47.78,-83.6080869,147.0,Sevierville,69.74,21.38,35.8491817,39810.19,39.82,"['1-2BR Cabin', 'Group 2', 'HA1', 'Lily', 'NotKnox', 'Safely', 'SCounty', 'BlessedCleaningTyler', 'Summer', '3-4BR', 'min rate']",97.15,69.68
,0.0,0.0,0.0,,0.0,,0.0,,393883,0.0,,0,1,0.0,,0.0,,0.0,0.0,0.0,hostaway,,,Senthilkumar Davudkadirkamasundram 3725 -- 6BR Cabin w/ Pool & Theater Room,,0.0,True,0.0,-83.6163152,,Pigeon Forge,0.0,0.0,35.7560145,0.0,0.0,"['HA3', 'SCounty', '1-2BR Cabin', '3-4BR', 'NotKnox', 'PF']",0.0,0.0
95.0,45.72,178.19,18313.04,2025-07-03,103.34,1-4BR Cabins / House,31.21,,393898,85.66,2026-09-03T21:55:13,1,1,144.65,2025-06-12,102.54,180.0,164.53,40037.43,126.03,hostaway,3,3-4 Bedrooms,"Mark Urban 2123 (SCounty) -- Smoky Summit: Hot Tub, Games, Views, + Pets 50lbs>",,247.78,True,62.81,-83.4736032,171.0,Sevierville,61.22,13.74,35.8917002,63689.43,31.6,"['Group 2', 'HA1', 'NotKnox', 'Pet', 'Safely', 'SCounty', 'Summer', 'TendwellCleaning', '3-4BR', '1-2BR Cabin']",139.92,57.55
,0.0,0.0,0.0,,0.0,,0.0,,393903,0.0,,0,1,0.0,,0.0,,0.0,0.0,0.0,hostaway,,,Josh Ehler 3214 -- Smoky Mtn Pool Cabin Retreat,,0.0,True,0.0,-83.648541,,Sevierville,0.0,0.0,35.795412,0.0,0.0,[''],0.0,0.0
100.0,80.28,225.89,30045.44,2025-05-24,115.58,1-4BR Cabins / House,18.97,,393926,76.43,2026-09-01T02:51:15,1,1,198.91,2025-05-30,150.93,180.0,194.8,54688.92,43.97,hostaway,3,3-4 Bedrooms,"Andrew Crawford 1024 (SCity) -- Unbeatable Cabin-PetsAllowed,Hot Tub,Firepit,Games",,127.56,True,59.33,-83.5716253,185.0,Sevierville,59.16,-2.07,35.8924024,68371.26,40.36,"['ElainyCleaner', 'Group 2', 'HA1', 'Lily', 'NotKnox', 'Pet', 'Safely', 'SCity', '3-4BR', '1-2BR Cabin', 'SCounty']",129.2,66.82
140.0,166.63,408.0,58511.79,2025-06-07,263.31,Luxury Cabins/Houses (3-4 Bedrooms),20.11,,394794,164.71,2026-09-04T22:03:55,1,1,384.67,2025-05-23,308.35,400.0,415.09,105908.63,58.02,hostaway,3,,Candace Thompson 673 (GAT) -- Gatlinburg Splash-Theater-Pool,1799.0,136.14,True,63.43,-83.4916056,393.0,Gatlinburg,133.74,7.91,35.720075,138167.25,43.32,"['GAT', 'Group 1', 'HA6', 'Lily', 'NotKnox', 'Safely', 'TendwellCleaning', '3-4BR', 'HA3', 'SCounty', '1-2BR Cabin', 'Jordan', 'Stillwater']",123.14,75.58
401.0,301.23,812.51,102156.0,2025-06-09,577.19,Luxury Cabins/Houses (5-6 Bedrooms),17.13,,394796,159.69,2026-09-05T15:14:33,1,1,751.35,2025-05-23,490.5,800.0,1008.65,166874.87,91.61,hostaway,6,,Candace Thompson 720 (SCounty) -- Great Smoky Getaway-Hot Tub-Pool,,182.23,True,57.22,-83.5248942,791.0,Gatlinburg,154.79,34.25,35.7288411,288311.89,40.09,"['5-6BR', 'Group 1', 'HA6', 'Jordan', 'NotKnox', 'Safely', 'SCounty', 'TendwellCleaning', 'Lily', 'HA3', '1-2BR Cabin', '3-4BR', 'Stillwater']",103.15,60.37
199.0,310.3,635.03,95893.42,2025-05-31,0.0,,-48.84,,395524,0.0,2025-10-02T18:23:42,0,1,635.39,2025-06-04,316.04,479.0,0.0,97903.51,-100.0,hostaway,5,,"John Ehlers 3214 (SCounty) -- Splash Mountain: Pool, Hot Tub, Theater, Game Room",,-100.0,True,0.0,-83.648541,,Sevierville,0.0,-100.0,35.795412,0.0,48.84,"['Blocked Calendar', 'SCounty']",0.0,49.77
139.0,0.0,0.0,0.0,2025-08-03,0.0,1-4BR Cabins / House,0.0,,396447,0.0,,0,1,0.0,2025-06-18,0.0,350.0,0.0,0.0,0.0,hostaway,4,3-4 Bedrooms,"Lewis Earnst 932 (SCounty) · Falcon's Lookout: MTN Views, Hot Tub, Grill, Games -- Falcon's Lookout: MTN Views, Hot Tub, Grill, Games",,0.0,True,0.0,-83.590213,,Sevierville,0.0,0.0,35.7813495,0.0,0.0,"['1-2BR Cabin', '3-4BR', 'BlessedCleaningTyler', 'Group 2', 'HA1', 'NotKnox', 'SCounty']",0.0,0.0
120.0,58.1,229.2,20789.68,2025-06-05,93.25,1-4 BR with MINIMUM REQUESTS,24.39,,396703,69.65,2026-08-20T23:22:47,1,1,220.99,2025-06-02,124.82,165.0,183.97,43495.05,60.5,hostaway,3,3-4 Bedrooms,"Jason Hyre 568 (PF) -- Winding Down: Pet Friendly, Hot Tub, Games, and Near PF",,162.53,True,50.68,-83.5796383,165.0,Pigeon Forge,69.95,-16.75,35.7955181,54579.98,26.29,"['Group 2', 'HA1', 'Lily', 'NORMAL', 'NotKnox', 'PF', 'Safely', 'TendwellCleaning', '3-4BR', 'SCounty', '1-2BR Cabin', 'Pet', 'Summer', 'min rate']",99.55,54.46
210.0,171.8,466.96,61317.68,2025-07-18,341.73,5-6 Bedrooms,15.64,,396708,107.03,2026-09-02T19:55:59,1,1,402.12,2025-06-17,287.19,530.0,585.59,100443.18,98.91,hostaway,5,,Dylan Robinson 744 (SCounty) -- The Overlook at Chalet Village: Hot Tub+Games+MORE,,191.81,True,58.36,-83.5261527,541.0,Gatlinburg,99.43,45.63,35.7212487,178929.47,42.72,"['5-6BR', 'Group 1', 'HA4', 'NotKnox', 'Safely', 'SCounty', 'Summer', 'BlessedCleaningTyler', '3-4BR', '1-2BR Cabin', 'GAT']",107.66,61.5
,0.0,0.0,0.0,,0.0,,0.0,,398233,0.0,,0,1,0.0,,0.0,,0.0,0.0,0.0,hostaway,,,Grace hideaway (Freddy Rivas 2640) -- Ask about 4N discount! Indoor Pool/Amazing Gazebo,,0.0,True,0.0,-83.64130419,,Sevierville,0.0,0.0,35.8484018,0.0,0.0,[''],0.0,0.0
440.0,654.35,972.96,216468.07,2025-05-14,614.74,Cabins/Houses (7+ Bedrooms),0.74,,398239,196.7,2026-09-05T16:17:57,1,1,985.77,2025-06-03,721.33,730.0,915.84,239547.27,-6.05,hostaway,7,,Lou and Elva Romano 2556 (SCounty) -- Mr Blue Skies - 7BR Sleeps 20 Views / Private Pool,,42.26,True,67.12,-83.6045543,720.0,Sevierville,151.39,-7.09,35.7464924,307951.87,66.38,"['7+BR', 'Group 1', 'HA6', 'Key', 'Lily', 'NotKnox', 'Safely', 'SCounty', 'SS', 'TendwellCleaning', '1-2BR Cabin', '3-4BR']",129.93,74.14
310.0,486.24,817.06,139689.96,2025-05-14,0.0,,-59.17,,398355,0.0,2025-09-22T19:31:23,0,1,821.7,2025-06-04,494.73,704.0,0.0,143084.59,-100.0,hostaway,8,,Josh Heuser 2646 (Scounty) -- Gametime - 8BR Sleeps 33 Scenic View/Pool,,-100.0,True,0.0,-83.64079189,,Sevierville,0.0,-100.0,35.8485586,0.0,59.17,"['7+BR', 'Blocked Calendar', 'Lily', 'NotKnox', 'Pet', 'Safely', 'SCounty', 'SS', 'TendwellCleaning']",0.0,60.55
480.0,449.87,872.0,141461.56,2025-05-09,161.94,Cabins/Houses (7+ Bedrooms),-26.66,,398774,47.31,2026-05-26T20:40:16,0,1,895.95,2025-06-05,562.94,750.0,687.75,181382.49,-64.0,hostaway,8,,Patrick Glasco 2728 (Scounty) -- Cha Chas Castle - 8BR Sleeps 30 w/ Pool & Jacuzzi,,-39.32,True,23.55,-83.4505195,802.0,Sevierville,103.62,-23.24,35.7935849,85839.65,50.21,"['7+BR', 'Group 1', 'HA6', 'Key', 'Lily', 'NotKnox', 'Safely', 'SCounty', 'SS', 'TendwellCleaning', '1-2BR Cabin', '3-4BR']",45.67,64.56
105.0,136.97,310.86,51318.44,2025-05-08,140.76,1-4BR Cabins / House,7.68,,398775,53.52,2026-09-05T17:15:21,1,1,313.44,2025-06-06,188.08,230.0,273.95,74517.64,2.77,hostaway,4,3-4 Bedrooms,Rachel Ewe 816 (GAT) -- Chalet Vista | Pool  Hot Tub  Game Room  Views,,69.41,True,51.38,-83.5341695,233.0,Gatlinburg,55.2,-12.6,35.7255291,86941.02,43.7,"['GAT', 'Group 1', 'HA6', 'Key', 'Lily', 'NotKnox', 'Safely', 'SS', 'TendwellCleaning', '3-4BR', 'SCounty', '1-2BR Cabin']",96.96,60.5
,0.0,0.0,0.0,2025-05-15,0.0,,0.0,,398786,0.0,,0,1,0.0,,0.0,,0.0,0.0,0.0,hostaway,,,Rocky Crest (Jonatan & Freddy 2225) -- 8BR Sleeps 24 with Private Pool/Arcade/Gazebo/View,,0.0,True,0.0,-83.64158414,,Sevierville,0.0,0.0,35.84092656,0.0,0.0,['TendwellCleaning'],0.0,0.0
450.0,309.44,887.37,103144.63,2024-11-22,436.95,Cabins/Houses (7+ Bedrooms),13.15,,398789,105.43,2026-08-29T19:27:01,1,1,918.24,2025-06-06,347.65,830.0,932.68,125355.37,41.21,hostaway,8,,Angela McIlveen 811 (SCounty) -- Best Area Views-Games/HotTub/Private Pool/PuttPutt,,119.45,True,46.85,-83.6426968,835.0,Sevierville,120.22,1.57,35.8468011,226352.09,33.7,"['7+BR', 'Group 1', 'HA6', 'Key', 'Lily', 'NotKnox', 'Safely', 'SCounty', 'SS', 'TendwellCleaning', '1-2BR Cabin', '3-4BR']",87.7,39.18
,0.0,0.0,0.0,2025-06-17,0.0,,0.0,,399655,0.0,,0,1,0.0,,0.0,,0.0,0.0,0.0,hostaway,,,Grande Grace Vista -- Ask about 4N discount Pool/gamerooms/views/hottubs,,0.0,True,0.0,-83.640812,,Sevierville,0.0,0.0,35.84084693,0.0,0.0,[''],0.0,0.0
,0.0,0.0,0.0,2026-06-13,0.0,,0.0,,399668,0.0,,0,1,0.0,,0.0,,0.0,0.0,0.0,hostaway,,,Grace summit -- Grace summit/hot tub/games/pool/parking/10% off*,,0.0,True,0.0,-83.64133872,,Sevierville,0.0,0.0,35.84169708,0.0,0.0,[''],0.0,0.0
,0.0,0.0,0.0,2025-07-04,0.0,,0.0,,399669,0.0,,0,1,0.0,,0.0,,0.0,0.0,0.0,hostaway,,,"Grace Summit -- Grace Summit:Hot tub,Heated pool,Game room,Views",,0.0,True,0.0,-83.64133872,,Sevierville,0.0,0.0,35.84169708,0.0,0.0,[''],0.0,0.0
209.0,392.01,608.65,129372.84,2025-05-17,275.59,5-6 Bedrooms,-7.45,,399869,87.07,2026-09-06T00:38:59,1,1,627.77,2025-06-09,435.89,460.0,501.08,146490.35,-29.7,hostaway,5,,"Taylor Mast 793 (GAT) -- Grand Vista Lodge | Pool, Hot Tub & Epic Views",,18.19,True,55.0,-83.5342298,512.0,Gatlinburg,85.45,-20.18,35.7246723,152909.9,62.45,"['5-6BR', 'GAT', 'Group 1', 'HA6', 'Key', 'Lily', 'NotKnox', 'Safely', 'SS', 'TendwellCleaning', 'SCounty', '1-2BR Cabin', '3-4BR']",101.89,71.62
290.0,112.82,467.81,35681.22,2025-07-18,237.64,5-6 Bedrooms,13.27,,402604,96.88,2026-08-11T01:07:17,1,1,434.83,2025-06-13,184.6,420.0,605.99,54150.13,110.64,hostaway,6,,Daryl Nelson 159 (JC) -- Blessed Getaway: Theater+LakeView+GAMES!,,211.83,True,39.22,-83.3259508,452.0,Dandridge,106.47,39.36,35.9914089,111265.29,25.95,"['5-6BR', 'Group 1', 'HA1', 'JC', 'Key', 'NotKnox', 'Safely', 'Summer', 'TendwellCleaning', 'Lily', 'SCounty', '1-2BR Cabin', '3-4BR']",91.0,39.46
625.0,93.84,688.81,28466.43,2025-07-31,140.07,Cabins/Houses (7+ Bedrooms),4.19,,403210,42.36,2026-07-01T16:31:19,0,1,603.73,2025-07-02,246.26,684.0,710.08,72129.54,49.26,hostaway,9,,Jamie Braddy 810 (GAT) -- Views Galore! HotTub+Theater+PetsWelcome Sleeps 22,,155.15,True,19.73,-83.5393441,740.0,Gatlinburg,115.39,17.62,35.7085314,72630.9,15.54,"['7+BR', 'GAT', 'Group 1', 'HA1', 'Key', 'Lily', 'NotKnox', 'Pet', 'Safely', 'TendwellCleaning', 'SCounty', '1-2BR Cabin', '3-4BR']",36.72,35.75
95.0,29.0,153.65,10526.49,2025-07-18,5.03,1-4BR Cabins / House,-20.4,,403224,3.09,2026-03-04T01:32:44,0,1,121.05,2025-06-16,64.82,145.0,141.24,22023.75,-82.66,hostaway,3,3-4 Bedrooms,"Rachel Turbyville 2244 (SCounty) -- Tucked Inn: Hot Tub, Grill, Fireplace & MORE!",,-59.79,True,3.56,-83.638839,,Sevierville,41.59,16.68,35.76784,4232.32,23.96,"['Group 1', 'HA1', 'Lily', 'NotKnox', 'Safely', 'SCounty', 'TendwellCleaning', '3-4BR', '1-2BR Cabin']",7.42,42.19
98.0,30.9,150.36,10835.17,2025-07-17,11.49,1-4BR Cabins / House,-18.54,,403233,7.02,2026-04-27T12:57:19,0,1,116.18,2025-06-26,87.17,165.0,142.61,29031.96,-62.82,hostaway,3,3-4 Bedrooms,"Rachel Turbyville 2246 (SCounty) -- Jeremiahs Lodge: Pet Friendly, Grill, Fireplace, MORE!",,-28.31,True,8.06,-83.6385951,,Sevierville,42.02,22.75,35.7681988,7767.59,26.6,"['Group 1', 'HA1', 'Lily', 'NotKnox', 'Pet', 'Safely', 'SCounty', 'TendwellCleaning', '3-4BR', '1-2BR Cabin']",16.72,57.98
100.0,10.01,115.81,3790.56,2025-07-12,20.6,1-4 BR with MINIMUM REQUESTS,9.96,,403310,19.71,2026-08-27T00:51:08,1,1,97.08,2025-06-17,46.56,100.0,101.59,14913.88,105.79,hostaway,2,1-2 Bedroom Condos,Brandon Brown 207 (GAT) -- Stunning Mountain Views with Community Amenities!,,238.59,True,20.27,-83.5514529,97.0,Gatlinburg,44.58,4.65,35.7123518,12834.64,10.31,"['1-2BR Condo', 'GAT', 'Group 3', 'HA1', 'Junior', 'Lily', 'NotKnox', 'Safely', 'BlessedCleaningTyler', 'SCounty', '1-2BR Cabin', '3-4BR', 'Group 2', 'min rate']",44.2,40.21
,0.0,0.0,0.0,,0.0,,0.0,,403669,0.0,,0,1,0.0,,0.0,,0.0,0.0,0.0,hostaway,,,"David Butler 2046 (GAT) Climbing to NEW Heights: Hot Tub, Theater, Games! -- Climbing to NEW Heights: Hot Tub, Theater, Games!",,0.0,True,0.0,-83.4879828,,Sevierville,0.0,0.0,35.7468872,0.0,0.0,"['1-2BR Cabin', '3-4BR', 'GAT', 'Group 2', 'HA1', 'NotKnox', 'TendwellCleaning']",0.0,0.0
110.0,0.0,0.0,0.0,2026-01-01,0.0,1-4BR Cabins / House,0.0,,406536,0.0,,0,1,0.0,2025-06-27,0.0,210.0,0.0,0.0,0.0,hostaway,3,3-4 Bedrooms,"Nancy Nguyen 2832 (PF) -- Smoky Crest: Hot Tub, Pool, Foosball, Grill, MORE!",,0.0,True,0.0,-83.5818614,228.0,Pigeon Forge,0.0,0.0,35.7962396,0.0,0.0,"['Blocked Calendar', 'PF', 'Group 2', 'HA1', 'NotKnox', 'Safely', 'Summer', 'HA3', 'SCounty', '1-2BR Cabin', '3-4BR']",0.0,0.0
70.0,0.0,110.75,0.0,2025-10-02,0.0,,0.0,,407312,0.0,2026-01-01T01:59:31,0,1,0.0,2025-06-27,38.81,125.0,0.0,8073.83,0.0,hostaway,2,,Jonathan Hill 4205 (GAT) -- Cloudtop Escape: Fireplace + Community Amenities,,0.0,True,0.0,-83.5596246,,Gatlinburg,0.0,0.0,35.7079418,0.0,0.0,"['Blocked Calendar', 'GAT']",0.0,35.04
75.0,21.51,115.23,6817.45,2025-07-31,2.85,1-4BR Cabins / House,-19.32,,407952,2.98,2026-03-12T20:11:02,0,1,98.74,2025-06-30,56.01,135.0,115.57,17573.43,-86.75,hostaway,2,1-2 Bedroom Cabins,Jeanine Spangler 1150 (SCounty) -- Smokies Sanctuary | Hot Tub | Fireplace | FirePit!,,-76.04,True,2.47,-83.4629062,,Sevierville,52.37,17.04,35.9175239,1633.65,21.79,"['1-2BR Cabin', 'Group 2', 'HA1', 'Lily', 'NORMAL', 'NotKnox', 'Safely', 'SCounty', 'TendwellCleaning', '3-4BR']",5.69,48.6
420.0,360.11,915.86,101609.89,2025-07-14,805.46,Luxury Cabins/Houses (5-6 Bedrooms),16.95,,408382,242.26,2026-09-04T01:37:58,1,1,724.31,2025-07-02,698.54,1310.0,1208.19,187202.79,123.67,hostaway,7,,Priya Dhawan 2534 (SCounty) -- Brand New~Luxury Lodge~Views~Pool~Golf Sim~Hot Tub,3000.0,288.5,True,66.67,-83.6483618,1301.0,Sevierville,185.69,66.81,35.75931113,394752.33,49.72,"['7+BR', 'Group 1', 'HA6', 'NotKnox', 'Safely', 'SCounty', 'TendwellCleaning', 'Lily', 'HA3', '1-2BR Cabin', '3-4BR', 'Jordan', 'Stillwater']",130.47,76.27
100.0,16.96,285.74,4993.83,2025-09-23,138.98,1-4BR Cabins / House,56.52,,409413,64.87,2026-09-05T21:02:07,1,1,285.0,2025-07-03,100.35,240.0,222.48,27754.67,719.46,hostaway,3,3-4 Bedrooms,Ramesh Kumar 772 (GAT) -- Bearfoot Ridge: Hot Tub | Game Room | MTN Views!,,1566.06,True,62.47,-83.5253334,237.0,Gatlinburg,55.43,-21.94,35.7217578,83200.03,5.95,"['3-4BR', 'GAT', 'Group 2', 'HA1', 'Katie', 'NotKnox', 'Safely', 'Summer', 'SCounty', '1-2BR Cabin', 'TendwellCleaning']",117.03,35.12
230.0,161.27,529.46,45957.89,2025-08-08,303.33,5-6 Bedrooms,17.75,,409426,103.42,2026-09-05T14:00:50,1,1,489.28,2025-07-04,278.04,380.0,598.13,80824.02,88.09,hostaway,6,,"Nick Jacoby 440 (PCenter) -- The Treasure Of Tennessee: View, 2 Hot Tubs, Pool!",,240.29,True,50.71,-83.3621175,400.0,Pittman Center,100.89,22.25,35.7657392,156390.57,32.96,"['5-6BR', 'Group 1', 'HA1', 'Key', 'Lily', 'NotKnox', 'PC', 'PCenter', 'Safely', 'TendwellCleaning', 'SCounty', '1-2BR Cabin', '3-4BR']",102.51,52.51
90.0,22.79,134.32,5981.76,2025-07-25,39.5,Knox All listing,16.06,,411807,36.62,2026-08-26T22:28:41,1,1,123.21,2025-07-10,83.85,133.0,114.3,21367.56,73.32,hostaway,3,Knox 3-4BR,Matt Painter 2104 (KCity) -- Cozy Corner: Spacious Area & Outdoor Lounges!,,270.35,True,34.56,-83.9402568,130.0,Knoxville,47.6,-7.23,36.0274872,22153.72,18.5,"['Group 3', 'HA2', 'KCity', 'MadersCleaningTeresa', 'Regina', 'Safely', 'KnoxStaytion', '3-4BR', 'SCounty', '1-2BR Cabin', 'Group 2']",76.94,62.43
109.0,0.0,0.0,0.0,,0.0,,0.0,,413958,0.0,,0,1,0.0,2025-07-17,0.0,192.0,0.0,0.0,0.0,hostaway,2,,"Sarah George 2208 (GAT) -- Mountain Bloom | Epic Views, Hot Tub, Games, MORE!",,0.0,True,0.0,-83.5542765,,Gatlinburg,0.0,0.0,35.7020003,0.0,0.0,"['Blocked Calendar', 'GAT']",0.0,0.0
109.0,9.73,107.04,3460.8,2025-07-31,0.0,,-9.09,,413961,0.0,2025-08-26T17:45:05,0,1,107.04,2025-07-17,9.73,191.0,0.0,3460.8,-100.0,hostaway,3,,Ann Pulgar 3017 (SCounty) -- Fishing Frenzy Funhouse: Hot Tub+Lake Front+MORE!,,-100.0,True,0.0,-83.6122299,,Sevierville,0.0,-100.0,35.7546473,0.0,9.09,"['Blocked Calendar', 'SCounty']",0.0,9.09
75.0,0.0,0.0,0.0,2026-06-26,26.96,Knox All listing,14.33,,413965,30.36,2026-09-05T19:54:27,1,1,0.0,2025-07-17,0.0,132.0,188.19,0.0,,hostaway,1,Knox 1-2BR,Jenn Sackenheim 112-B3 (KCity) -- Stylish Loft on South Gay | Downtown Knoxville,,,True,14.33,-83.9203424,127.0,Knoxville,89.79,,35.9685819,15166.71,0.0,"['1-2BR Condo', 'Group 3', 'HA2', 'KCity', 'MadersCleaningTeresa', 'Safely', 'Blocked Calendar', 'SCounty', 'HA3', '1-2BR Cabin', '3-4BR']",33.82,0.0
85.0,16.61,208.22,4981.39,2025-08-08,35.76,1-4BR Cabins / House,14.17,,415225,30.97,2026-09-03T12:36:01,1,1,158.31,2025-07-21,97.68,125.0,145.02,27273.5,115.29,hostaway,3,3-4 Bedrooms,"Jeanine Patterson 1161 (GAT) -- Smoky Hearth Retreat: Pool, Hot Tub, Games & MORE!",,415.32,True,24.66,-83.552372,134.0,Gatlinburg,57.87,-8.39,35.7080608,25670.33,10.49,"['GAT', 'Group 2', 'HA1', 'Lily', 'NORMAL', 'NotKnox', 'Safely', 'TendwellCleaning', '3-4BR', 'SCounty', '1-2BR Cabin']",53.52,46.91
159.0,57.02,319.3,13908.06,2025-08-14,0.0,,-17.86,,416589,0.0,2025-09-02T23:46:31,0,1,319.3,2025-07-24,57.02,244.0,0.0,13908.06,-100.0,hostaway,2,,Orel Brodt 325 (KCity) -- Luxurious Loft Overlooking Market Square!,,-100.0,True,0.0,-83.9190648,,Knoxville,0.0,-100.0,35.9649186,0.0,17.86,"['Blocked Calendar', 'KCity']",0.0,17.86
100.0,24.15,209.06,6507.09,2025-08-29,118.39,1-4BR Cabins / House,46.06,,418398,105.9,2026-08-24T16:55:17,1,1,154.97,2025-07-31,139.82,225.0,192.05,34378.77,390.23,hostaway,1,1-2 Bedroom Cabins,Robin Lall 3931 (SCounty) -- HoneyscapeTreehouse:HotTub+IntimateGetaway,,914.24,True,61.64,-83.4783731,215.0,Sevierville,90.63,23.93,35.7685145,65997.62,15.58,"['1-2BR Cabin', 'Group 2', 'HA1', 'NotKnox', 'Safely', 'SCounty', 'Summer', '3-4BR', 'TendwellCleaning']",116.83,66.88
119.0,0.0,0.0,0.0,,0.0,,0.0,,420819,0.0,,0,1,0.0,2025-08-06,0.0,264.0,0.0,0.0,0.0,hostaway,3,,"Nathan Holden 1009 (SCounty) -- Smoky Mountain Vista: Fireplace, Grills, Treehouse",,0.0,True,0.0,-83.4908872,,Sevierville,0.0,0.0,35.7569048,0.0,0.0,"['Blocked Calendar', 'SCounty']",0.0,0.0
105.0,17.27,253.26,4082.31,2025-08-29,150.51,1-4BR Cabins / House,55.95,,422503,81.65,2026-08-26T17:09:13,1,1,219.81,2025-08-11,115.78,210.0,235.86,28080.81,771.51,hostaway,4,3-4 Bedrooms,"Karen Wanamarta 3736 (SCounty) -- Dolly's Darling Cabin | Views, Hot Tub, Game Area!",,2211.26,True,63.81,-83.4541221,210.0,Sevierville,61.75,7.3,35.7992002,94352.77,7.86,"['Group 2', 'HA1', 'Katie', 'NORMAL', 'NotKnox', 'Safely', 'SCounty', 'TendwellCleaning', '3-4BR', 'Lily', '1-2BR Cabin']",132.22,45.71
100.0,0.0,215.7,0.0,2025-09-11,104.54,1-4BR Cabins / House,57.1,,422587,75.33,2026-09-03T15:24:35,1,1,0.0,2025-08-12,130.63,200.0,183.07,30482.81,,hostaway,3,3-4 Bedrooms,"Jerry Pegram 2137 (SCounty) -- Secluded Cabin: Hot Tub, Fireplace, GameRoom, Pet Friendly",,,True,57.1,-83.4785741,215.0,Sevierville,69.32,,35.7562879,62612.74,0.0,"['Group 2', 'HA1', 'NotKnox', 'Safely', 'SCounty', 'TendwellCleaning', 'Summer', '3-4BR', '1-2BR Cabin', 'BlessedCleaningTyler']",108.66,60.56
90.0,0.0,135.37,0.0,2025-09-12,1.39,,0.82,,423920,0.92,2026-01-03T04:30:05,0,1,0.0,2025-09-09,84.15,150.0,169.4,17390.51,,hostaway,2,,Marcy Holloway 3110 (SCounty) -- Scandinavian Getaway | Cozy Vibe w/ Outdoor Lounge,,,True,0.82,-83.6561215,,Sevierville,53.97,,35.769927,902.42,0.0,"['1-2BR Cabin', 'Group 2', 'HA1', 'Katie', 'NotKnox', 'Safely', 'SCounty']",1.71,62.16
90.0,10.08,161.63,2566.93,2025-10-08,76.83,1-4BR Cabins / House,55.18,,423924,58.85,2026-08-13T09:45:54,1,1,175.2,2025-08-15,84.88,135.0,126.08,19747.75,662.2,hostaway,2,1-2 Bedroom Cabins,"Patty Cloninger 2208 (SCounty) -- Peaceful Retreat: Hot Tub, Grill, Fireplace & MORE",,1697.14,True,60.94,-83.4408225,129.0,Sevierville,49.39,-28.04,35.7748467,46131.43,5.76,"['1-2BR Cabin', 'Group 2', 'HA1', 'Lily', 'NotKnox', 'Safely', 'SCounty', 'TendwellCleaning', 'NORMAL', '3-4BR']",119.16,52.52
250.0,0.0,322.32,0.0,2025-10-08,155.08,1-4 BR with MINIMUM REQUESTS,43.72,,423929,152.54,2026-08-29T03:44:27,1,1,0.0,2025-08-15,65.78,196.0,354.68,9238.41,,hostaway,2,Knox 1-2BR,Patrick Lannon 210 (KCity) -- Highway Vintage | Boutique City Escape,,,True,43.72,-83.9203924,195.0,Knoxville,144.09,,35.9689154,50772.75,0.0,"['1-2BR Condo', 'Group 2', 'HA2', 'KCity', 'Regina', 'Safely', 'KnoxStaytion', 'SCounty', '1-2BR Cabin', '3-4BR']",105.86,20.41
149.0,0.0,416.24,0.0,2025-09-26,152.87,5-6 Bedrooms,50.0,,431015,48.72,2026-09-04T13:06:47,1,1,0.0,2025-09-08,184.59,285.0,305.75,34673.41,,hostaway,5,,"Bob Surak 2010 (SCounty) -- Rustic Cove: Views, Hot Tub, Theater & Game Room!",,,True,50.0,-83.645393,298.0,Sevierville,50.01,,35.795989,84096.47,0.0,"['5-6BR', 'Group 2', 'HA1', 'Lily', 'NORMAL', 'NotKnox', 'Safely', 'SCity', 'SCounty', 'BlessedCleaningTyler', '1-2BR Cabin', '3-4BR']",97.43,44.35
110.0,0.0,204.73,0.0,2025-10-02,109.08,Knox All listing,45.8,,431878,86.23,2026-09-02T16:21:09,1,1,0.0,2025-09-16,129.11,235.0,238.17,22814.32,,hostaway,4,Knox 3-4BR,"Jeff Winberry 2627 (BC) -- White Lodge, 4BD, Sleeps 8 w/Fire Pit, Close to TYS",,,True,45.8,-83.9359484,225.0,Maryville,95.15,,35.7914264,59942.75,0.0,"['3-4BR', 'BC', 'Group 3', 'HA1', 'NotKnox', 'Regina', 'Safely', 'SCounty', '1-2BR Cabin', 'Group 2', 'TurnoverProDonnita']",90.62,63.06
90.0,0.0,203.64,0.0,2025-11-27,84.95,1-4BR Cabins / House,61.64,,432526,64.38,2026-08-21T14:34:08,1,1,0.0,2025-09-12,49.53,155.0,137.81,8440.27,,hostaway,2,1-2 Bedroom Cabins,"Daniel Shepherd 1931 (SCounty) -- Smokies Mountain Charm: Views, Hot Tub, Game Room!",,,True,61.64,-83.5200466,158.0,Sevierville,56.82,,35.79202,51474.22,0.0,"['1-2BR Cabin', 'Group 1', 'HA1', 'Safely', 'Summer', 'TendwellCleaning', 'SCounty', 'NotKnox', 'PF']",113.31,24.32
90.0,0.0,175.88,0.0,2025-10-02,105.14,1-4BR Cabins / House,68.49,,432546,77.03,2026-08-31T18:34:06,1,1,0.0,2025-09-12,126.76,180.0,153.51,23555.89,,hostaway,2,1-2 Bedroom Condos,Simon Shanco 1626 (GAT) -- Smoky Whispers: Hot Tub+PoolTable+Grill+PETS!,,,True,68.49,-83.4601126,180.0,Gatlinburg,58.67,,35.7499754,60300.87,0.0,"['1-2BR Condo', 'GAT', 'Group 2', 'HA1', 'NotKnox', 'Regina', 'Safely', 'SCounty', 'TendwellCleaning']",131.28,72.07
97.0,0.0,339.28,0.0,2025-11-07,73.15,1-4BR Cabins / House,37.53,,432553,51.31,2026-07-24T21:32:38,0,1,0.0,2025-09-12,87.16,190.0,194.88,14361.66,,hostaway,3,3-4 Bedrooms,"Kerry Doane 3005 (SCounty) -- Secluded Cabin w/ Mountain Views, Hot Tub, + Games",,,True,37.53,-83.4516899,204.0,Sevierville,67.36,,35.8022646,46100.89,0.0,"['Group 1', 'HA1', 'NotKnox', 'Safely', 'SCounty', 'Summer', 'TendwellCleaning']",76.17,25.69
105.0,0.0,0.0,0.0,,0.0,1-4BR Cabins / House,0.0,,432565,0.0,,1,1,0.0,2025-09-12,0.0,200.0,0.0,0.0,0.0,hostaway,2,1-2 Bedroom Cabins,David Artuso 69 -- Smokies Ridge Cabin,,0.0,True,0.0,-83.6173635,200.0,Sevier County,0.0,0.0,35.7594798,0.0,0.0,"['1-2BR Cabin', 'Blocked Calendar', 'HA1', 'Safely', 'Summer', 'SCounty', 'NotKnox']",0.0,0.0
90.0,0.0,290.14,0.0,2025-10-24,59.68,1-4BR Cabins / House,39.15,,434009,47.82,2026-08-28T08:50:47,1,1,0.0,2025-09-17,54.05,135.0,152.41,10305.15,,hostaway,3,3-4 Bedrooms,"Bobby Nicely 1132 (SCounty) -- Fireside Lodge: Lake View, HotTub, Comm Pool+Games",,,True,39.15,-83.4615444,135.0,Sevierville,53.85,,35.9182308,40906.42,0.0,"['Group 2', 'HA1', 'Lily', 'NotKnox', 'Safely', 'SCounty', 'TendwellCleaning', '3-4BR', 'NORMAL', '1-2BR Cabin']",88.8,18.63
95.0,0.0,408.53,0.0,2025-11-07,154.42,1-4BR Cabins / House,66.85,,434010,86.66,2026-08-23T01:38:55,1,1,0.0,2025-09-17,104.06,260.0,231.0,16603.51,,hostaway,3,3-4 Bedrooms,"Mohan Thorat 2424 (SCounty) -- The Real McCoy | Epic Views, Hot Tub, Arcade!",,,True,66.85,-83.6080475,241.0,Sevierville,66.49,,35.7496938,87907.82,0.0,"['Group 2', 'HA1', 'Katie', 'NORMAL', 'NotKnox', 'Safely', 'SCounty', 'TendwellCleaning', 'SCity']",130.34,25.47
115.0,0.0,202.12,0.0,2025-10-24,112.77,Knox All listing,41.85,,434011,108.69,2026-09-03T18:48:01,1,1,0.0,2025-09-17,74.37,150.0,269.46,12922.65,,hostaway,2,Knox 1-2BR,Janet Briel 316 (KCity) -- Cityscape Townhouse: Near Market Square & Downtown,,,True,41.85,-83.9172369,148.0,Knoxville,107.75,,35.9536247,45384.16,0.0,"['1-2BR Condo', 'Group 2', 'HA2', 'knoxville', 'Regina', 'Safely', 'TurnoverProDonnita', 'KnoxStaytion', '1-2BR Cabin', 'HA1', 'NotKnox', 'SCounty', 'KCity']",100.87,36.79
80.0,0.0,160.76,0.0,2025-10-07,68.01,1-4BR Cabins / House,59.45,,436020,56.38,2026-08-30T18:10:50,1,1,0.0,2025-09-24,89.69,120.0,114.4,13940.73,,hostaway,2,1-2 Bedroom Cabins,"Rick Norris 1712 (SCounty) -- Warm Modern Lodge: Hot Tub, Fireplace & Pacman!",,,True,59.45,-83.637899,121.0,Sevierville,49.93,,35.8053511,40547.78,0.0,"['1-2BR Cabin', 'Group 2', 'HA1', 'NotKnox', 'Regina', 'Safely', 'SCounty']",112.92,55.79
90.0,0.0,312.62,0.0,2025-10-24,61.65,1-4BR Cabins / House,38.9,,436992,35.89,2026-09-04T13:27:04,1,1,0.0,2025-09-29,65.43,120.0,158.46,9408.37,,hostaway,3,3-4 Bedrooms,"Juan Nunez 3272 (SCounty) -- Rustic RidgeView: Hot Tub, Grill, Foosball & More!",,,True,38.9,-83.6180054,118.0,Sevierville,45.59,,35.7600477,42074.94,0.0,"['Group 1', 'HA1', 'Katie', 'NotKnox', 'Safely', 'SCounty', 'TendwellCleaning', 'Regina', '3-4BR']",78.71,20.93
95.0,24.56,271.62,2649.78,2025-10-08,86.93,1-4BR Cabins / House,47.92,,436996,57.96,2026-09-02T22:49:04,1,1,540.28,2025-09-29,129.64,245.0,165.67,18660.52,253.95,hostaway,3,3-4 Bedrooms,"Lauren Dela Cruz 1550 (SCounty) -- Pitch Perfect: View, Hot Tub, Games, Pool & MORE",,1782.72,True,52.47,-83.5058243,244.0,Sevierville,57.17,-69.34,35.8088893,49887.82,4.55,"['Group 1', 'HA1', 'NotKnox', 'SCounty', 'Summer', 'Safely', '3-4BR']",101.37,47.73
100.0,0.0,238.17,0.0,2025-10-09,86.49,1-4BR Cabins / House,57.53,,436999,79.35,2026-09-06T13:01:04,1,1,0.0,2025-09-29,133.26,220.0,150.33,17064.22,,hostaway,2,1-2 Bedroom Cabins,"Lauren Dela Cruz 526 (PF) -- Bearly Behavin | Hot Tub, Pool, Arcade Game, MORE",,,True,57.53,-83.5904132,224.0,Pigeon Forge,66.28,,35.8018309,48021.85,0.0,"['1-2BR Cabin', '3-4BR', 'Group 1', 'HA1', 'PF', 'Summer', 'TendwellCleaning', 'Safely', 'SCounty', 'NotKnox']",119.7,55.95
100.0,0.0,348.4,0.0,2025-10-23,114.3,1-4BR Cabins / House,64.53,,437003,58.25,2026-08-11T14:02:51,1,1,0.0,2025-09-29,137.14,200.0,177.14,20155.67,,hostaway,4,3-4 Bedrooms,"Krista Fontana 2779 (SCounty) -- Sleeps 10, HotTub, Game Room, Views, Pet Friendly",,,True,64.53,-83.4176794,171.0,Sevierville,45.05,,35.8645118,66468.33,0.0,"['Group 1', 'HA1', 'NotKnox', 'Safely', 'SCounty', 'Summer', 'TendwellCleaning', '3-4BR', 'HA3']",129.29,39.36
95.0,0.0,212.62,0.0,2025-11-26,42.02,1-4BR Cabins / House,23.32,,444432,48.72,2026-09-03T20:14:05,1,1,0.0,2025-10-20,35.98,145.0,180.18,4848.92,,hostaway,3,3-4 Bedrooms,"Laurie Keenan 3428 (JC) -- Whiskey Cove: Lakefront, 2 Fireplaces, 2 FirePits",,,True,23.32,-83.2637655,133.0,3428 White Pine,70.28,,36.0492404,20745.13,0.0,"['3-4BR', 'Group 2', 'HA1', 'JC', 'NotKnox', 'Regina', 'TendwellCleaning', 'NORMAL', 'Safely']",69.32,16.92
80.0,0.0,136.95,0.0,2025-12-07,15.62,1-4 BR with MINIMUM REQUESTS,14.25,,445961,19.48,2026-05-21T10:53:30,0,1,0.0,2025-11-12,26.43,140.0,109.61,2559.66,,hostaway,2,,"Emily Korte 1114 (SCounty) -- Bluebird Escape| Rooftop Deck, Cozy, Insane Views!",,,True,14.25,-83.313559,166.0,Sevierville,53.16,,35.8780618,10866.29,0.0,"['Group 2', 'HA1', 'Katie', 'NORMAL', 'NotKnox', 'SCounty', 'TendwellCleaning', 'BlessedCleaningTyler', '1-2BR Cabin', 'Safely', 'min rate']",36.63,19.3
100.0,0.0,0.0,0.0,2026-02-13,82.93,1-4BR Cabins / House,45.89,,447892,65.37,2026-09-01T14:02:08,1,1,0.0,2025-10-29,0.0,165.0,180.7,0.0,,hostaway,3,3-4 Bedrooms,"Patrick Hurd 1825 (SCounty) -- Sunshine Cottage: Hot Tub, Game Room, Grill, MORE!",,,True,45.89,-83.5262393,165.0,Sevierville,69.85,,35.8217766,46636.25,0.0,"['3-4BR', 'Group 2', 'HA1', 'Katie', 'Pet', 'SCounty', 'TendwellCleaning']",93.58,0.0
90.0,0.0,379.8,0.0,2025-12-24,17.9,1-4BR Cabins / House,11.23,,449759,14.96,2026-08-14T14:32:03,1,1,0.0,2025-11-06,27.13,160.0,159.39,2565.95,,hostaway,3,3-4 Bedrooms,"Laurie Keenan Combo 2587/2589 (SCounty) -- Whiskey Duo: 2 Cabins SidebySide, HotTubs, Firepit",,,True,11.23,-83.4824517,141.0,Sevierville,59.03,,35.9258294,11320.02,0.0,"['3-4BR', 'Group 2', 'HA1', 'NotKnox', 'Regina', 'Safely', 'SCounty', 'TendwellCleaning']",25.35,7.14
130.0,0.0,0.0,0.0,,0.0,1-4BR Cabins / House,0.0,,451786,0.0,,0,1,0.0,2025-11-11,0.0,301.0,0.0,0.0,0.0,hostaway,3,3-4 Bedrooms,Matt Dye 903 -- Hidden Cabin Quest,,0.0,True,0.0,-83.5426314,,Gatlinburg,0.0,0.0,35.7053287,0.0,0.0,"['Group 2', 'HA1', 'NotKnox']",0.0,0.0
95.0,0.0,243.6,0.0,2025-12-12,57.8,1-4BR Cabins / House,33.05,,453233,34.3,2026-08-12T00:13:24,1,1,0.0,2025-11-14,50.75,150.0,174.91,4420.52,,hostaway,3,3-4 Bedrooms,"Sarah Pearce 2622 (SCounty) -- High Cotton | Epic Views, Hot Tub, & Pool Table!",,,True,33.05,-83.6762372,147.0,Sevierville,54.28,,35.7253396,34410.84,0.0,"['Group 2', 'HA1', 'Katie', 'NORMAL', 'NotKnox', 'BlessedCleaningTyler']",63.21,20.83
80.0,0.0,0.0,0.0,2026-01-17,24.61,1-4BR Cabins / House,21.01,,454793,19.64,2026-09-05T22:07:13,1,1,0.0,2025-11-20,0.0,130.0,117.15,0.0,,hostaway,2,1-2 Bedroom Cabins,Siobhan Belgiovene 1820 (SCounty) -- Little Woods Cabin | Family-Friendly w/ Games!,,,True,21.01,-83.4793228,113.0,Sevierville,50.35,,35.7545226,16169.21,0.0,"['1-2BR Cabin', 'Group 3', 'HA4', 'Junior', 'Lily', 'NotKnox', 'SCounty', 'TendwellCleaning', 'HA1']",39.0,0.0
205.0,0.0,721.94,0.0,2025-12-24,293.64,5-6 Bedrooms,56.16,,454800,115.83,2026-09-05T14:45:21,1,1,0.0,2025-11-20,120.32,420.0,522.81,7513.52,,hostaway,5,,"Raman Gurai 1118 (PF) -- The Wedded Nest | Views, Huge, Hot Tub, Game Room!",,,True,56.16,-83.5663651,424.0,Pigeon Forge,102.73,,35.7663389,155680.59,0.0,"['5-6BR', 'Group 1', 'HA4', 'NotKnox', 'PF', 'Summer', 'BlessedCleaningTyler', 'HA1']",112.75,16.67
80.0,0.0,0.0,0.0,2026-02-26,49.02,Knox All listing,27.27,,457014,55.01,2026-09-05T01:45:07,1,1,0.0,2025-11-24,0.0,140.0,179.74,0.0,,hostaway,1,Knox 1-2BR,Lindsey Burch 110-B (KCity) -- The Luxe Loft | Knoxville,,,True,27.27,-83.9181457,141.0,Knoxville,86.01,,35.9701306,27427.15,0.0,"['1-2BR Condo', 'Group 1', 'HA2', 'KCity', 'MadersCleaningTeresa', 'Regina', 'KnoxStaytion']",63.95,0.0
90.0,0.0,0.0,0.0,2026-02-13,84.32,Knox All listing,29.2,,457025,83.31,2026-09-05T23:39:14,1,1,0.0,2025-11-24,0.0,150.0,288.76,0.0,,hostaway,2,Knox 1-2BR,Lindsey Burch 110-A (KCity) -- Old City Loft | Knoxville,,,True,29.2,-83.9181139,148.0,Knoxville,118.34,,35.9695617,45192.92,0.0,"['1-2BR Condo', 'Group 1', 'HA2', 'KCity', 'MadersCleaningTeresa', 'KnoxStaytion']",70.4,0.0
75.0,0.0,0.0,0.0,2026-05-23,19.52,1-4BR Cabins / House,20.23,,458087,21.97,2026-08-25T22:10:22,1,1,0.0,2026-01-19,0.0,110.0,96.5,0.0,,hostaway,2,1-2 Bedroom Condos,Eric Fleming 1260-6203 (GAT) -- Ski View LookOut: EPIC VIEWS! Community Amenities!,,,True,20.23,-83.5596246,115.0,Gatlinburg,48.67,,35.7079418,11034.77,0.0,"['1-2BR Condo', 'GAT', 'Group 2', 'HA1', 'Lily', 'NotKnox', 'TendwellCleaning']",45.15,0.0
100.0,0.0,202.25,0.0,2025-12-30,79.32,1-4BR Cabins / House,53.7,,461618,48.7,2026-09-05T15:03:51,1,1,0.0,2025-12-04,14.45,160.0,147.72,662.11,,hostaway,4,3-4 Bedrooms,"Jeff Albaum 215 (BC) -- The WoodView Hideaway | Hot Tub, Game Room & MORE!",,,True,53.7,-83.8131373,136.0,Townsend,44.26,,35.6651154,45639.21,0.0,"['3-4BR', 'BC', 'Group 2', 'HA4', 'NotKnox']",110.04,7.14
110.0,0.0,0.0,0.0,2026-01-08,184.5,1-4BR Cabins / House,66.57,,465438,129.65,2026-09-05T14:05:57,1,1,0.0,2025-12-15,0.0,280.0,277.16,0.0,,hostaway,3,3-4 Bedrooms,"Annie Wang 904 (SCounty) -- Peak View Retreat | Spacious, Hot Tub, Game Room!",,,True,66.57,-83.4011362,273.0,Sevierville,97.5,,35.8568769,95544.06,0.0,"['3-4BR', 'Group 2', 'HA4', 'Lily', 'NotKnox', 'Safely', 'SCounty', 'TendwellCleaning']",132.98,0.0
85.0,0.0,0.0,0.0,2026-02-07,57.75,1-4BR Cabins / House,34.25,,465445,59.43,2026-09-06T15:59:14,1,1,0.0,2025-12-15,0.0,200.0,168.59,0.0,,hostaway,2,1-2 Bedroom Cabins,"Jake Cowley 745 (PF) -- Whisperwood Lodge | Hot Tub, Arcade, 2 Fireplace!",,,True,34.25,-83.5385982,161.0,Pigeon Forge,83.26,,35.7888317,34233.97,0.0,"['1-2BR Cabin', 'Group 2', 'HA4', 'Lily', 'NotKnox', 'PF', 'Safely', 'TendwellCleaning']",71.37,0.0
105.0,0.0,0.0,0.0,2026-02-13,106.57,1-4BR Cabins / House,46.82,,466115,52.26,2026-08-30T13:38:28,1,1,0.0,2025-12-15,0.0,210.0,227.62,0.0,,hostaway,4,1-2 Bedroom Cabins,"Duane Reeder 136 (BC) -- Above the Clouds | Views, Hot Tub, Grill, Games!",,,True,46.82,-83.6819857,210.0,Townsend,58.13,,35.6967157,58574.78,0.0,"['3-4BR', 'BC', 'BCounty', 'Group 2', 'HA4', 'Katie', 'NotKnox', 'TendwellCleaning']",89.9,0.0
150.0,0.0,0.0,0.0,2026-03-27,43.69,5-6 Bedrooms,20.0,,467671,15.58,2026-09-04T02:17:18,1,1,0.0,2025-12-18,0.0,200.0,218.43,0.0,,hostaway,5,,"Raju Kalidindi 2685 (SCounty) -- Serene Mountain Cabin | Hot Tub, 2Fireplace, Grill",,,True,20.0,-83.6580821,190.0,Sevierville,40.46,,35.7279221,29026.14,0.0,"['5-6BR', 'Group 2', 'HA4', 'Katie', 'NORMAL', 'NotKnox', 'SCounty', 'TendwellCleaning']",38.5,0.0
800.0,0.0,0.0,0.0,2026-01-17,19.51,Luxury Cabins/Houses (3-4 Bedrooms),2.22,,473137,13.36,2026-09-03T14:29:22,1,1,0.0,2026-01-06,0.0,1050.0,877.96,0.0,,hostaway,2,,Priya Dhawan 2534 - 2 (SCounty) -- Golf Sim+Pool+Hot tub+Games+Grill+Fireplace+More!,2500.0,,True,2.22,-83.6493401,1092.0,Sevierville,287.49,,35.7595091,9603.64,0.0,[''],4.64,0.0
95.0,0.0,0.0,0.0,2026-02-13,75.7,1-4BR Cabins / House,54.32,,473513,63.51,2026-09-03T02:17:48,1,1,0.0,2026-01-07,0.0,150.0,139.37,0.0,,hostaway,2,1-2 Bedroom Cabins,"Sharon Holderman 1523 (SCounty) -- Eagle's Sky View | Peaceful, Cozy with Hot Tub!",,,True,54.32,-83.4926179,150.0,Sevierville,61.59,,35.7549116,42395.01,0.0,"['1-2BR Cabin', 'Group 2', 'HA4', 'NotKnox', 'TendwellCleaning']",103.11,0.0
105.0,0.0,0.0,0.0,2026-03-13,23.25,1-4BR Cabins / House,11.7,,473518,13.51,2026-07-03T02:07:28,0,1,0.0,2026-01-07,0.0,150.0,198.7,0.0,,hostaway,4,3-4 Bedrooms,"Ken Brown 510 (GAT) -- Bear Trax Retreat | Fireplace, Grill, & Arcade!",,,True,11.7,-83.4596244,,Gatlinburg,54.97,,35.7297402,14456.56,0.0,"['3-4BR', 'GAT', 'Group 2', 'HA4', 'Lily', 'NORMAL', 'NotKnox', 'TendwellCleaning']",24.58,0.0
90.0,0.0,0.0,0.0,2026-02-11,61.63,1-4BR Cabins / House,45.33,,473977,48.05,2026-09-05T12:50:01,1,1,0.0,2026-01-08,0.0,140.0,135.97,0.0,,hostaway,2,1-2 Bedroom Cabins,"Derek Trainer 1687 (GAT) -- Locklyn's Loft | Views, Hot Tub, Game Room & MORE!",,,True,45.33,-83.5431407,150.0,Gatlinburg,52.85,,35.7034317,34951.25,0.0,"['1-2BR Cabin', 'GAT', 'Group 2', 'HA4', 'NotKnox', 'Regina', 'TendwellCleaning', 'Lily']",90.91,0.0
230.0,0.0,0.0,0.0,2026-02-12,251.04,5-6 Bedrooms,54.62,,474437,113.06,2026-09-03T15:48:43,1,1,0.0,2026-01-09,0.0,450.0,459.61,0.0,,hostaway,5,,"Rob Byun 2013 (PF) -- Smoky Dream Lodge: Heated Pool, Hot Tub & Games!",,,True,54.62,-83.5540915,466.0,Pigeon Forge,100.86,,35.8126953,135403.04,0.0,"['5-6BR', 'Group 2', 'NORMAL', 'NotKnox', 'Pet', 'PF', 'Summer', 'TendwellCleaning', '3-4BR']",112.09,0.0
100.0,0.0,0.0,0.0,,0.0,1-4BR Cabins / House,0.0,,475432,0.0,,0,1,0.0,2026-01-12,0.0,116.0,0.0,0.0,0.0,hostaway,2,1-2 Bedroom Cabins,Gloria Hevey 1208 -- Ski View Peaks,,0.0,True,0.0,-83.5599783,,Gatlinburg,0.0,0.0,35.708067,0.0,0.0,['NotKnox'],0.0,0.0
95.0,0.0,0.0,0.0,2026-02-13,115.76,1-4BR Cabins / House,51.59,,475435,70.97,2026-08-21T17:12:03,1,1,0.0,2026-01-12,0.0,170.0,224.41,0.0,,hostaway,3,3-4 Bedrooms,"Jason Barton 750 (GAT) -- Bear Point - The Meeting Place w/ Hot Tub, Games!",,,True,51.59,-83.4886286,177.0,Gatlinburg,70.93,,35.7213727,68395.49,0.0,"['GAT', 'Group 2', 'HA1', 'Katie', 'NotKnox', 'TendwellCleaning']",100.06,0.0
90.0,0.0,0.0,0.0,2026-03-17,14.34,1-4BR Cabins / House,14.62,,476929,15.46,2026-05-05T04:36:15,0,1,0.0,2026-01-16,0.0,145.0,98.08,0.0,,hostaway,2,1-2 Bedroom Cabins,Bonnie Olsten 317 (SCounty) -- A Dolly Good Time with Fireplace and Game Room!,,,True,14.62,-83.5857088,,Sevierville,42.98,,35.8688452,9594.27,0.0,"['1-2BR Cabin', 'Group 3', 'HA1', 'Lily', 'SCounty', 'TendwellCleaning', 'HA4']",35.96,0.0
110.0,0.0,0.0,0.0,2026-03-06,101.62,1-4BR Cabins / House,43.19,,478090,78.17,2026-08-14T11:32:12,1,1,0.0,2026-01-20,0.0,200.0,235.29,0.0,,hostaway,3,3-4 Bedrooms,"Laura Earl 1117 (SCounty) -- Perfect Cabin in Paradise: Hot Tub, Pool, Games!",,,True,43.19,-83.6117489,210.0,Sevierville,86.04,,35.8497313,54671.39,0.0,"['3-4BR', 'Group 1', 'HA1', 'NotKnox', 'SCounty', 'Summer', 'TendwellCleaning']",90.85,0.0
,0.0,0.0,0.0,,0.0,1-4BR Cabins / House,0.0,,478417,0.0,,0,1,0.0,2026-01-21,0.0,160.0,0.0,0.0,0.0,hostaway,2,1-2 Bedroom Cabins,Gabriel Brittin 2060 -- Just minutes from Dollywood,,0.0,True,0.0,-83.5148007,,Sevierville,0.0,0.0,35.8112626,0.0,0.0,[''],0.0,0.0
120.0,0.0,0.0,0.0,2026-02-28,107.45,Knox All listing,47.46,,480709,106.0,2026-08-24T23:54:02,1,1,0.0,2026-01-27,0.0,154.0,226.4,0.0,,hostaway,2,Knox 1-2BR,Laura Gill 327-304 (KCity) -- Beautiful Condo Downtown Knox,,,True,47.46,-83.9199818,159.0,Knoxville,91.88,,35.9672753,53031.18,0.0,"['1-2BR Condo', 'Group 2', 'HA2', 'knoxville', 'MadersCleaningTeresa']",115.36,0.0
150.0,0.0,0.0,0.0,2026-08-27,77.01,5-6 Bedrooms,23.42,,482838,27.53,2026-08-31T22:04:10,1,1,0.0,2026-02-02,0.0,330.0,328.77,0.0,,hostaway,5,,"Troy Mowery 3452 (PF) -- Overwatch: HUGE Game Room, Hot Tub, FirePit, &More",,,True,23.42,-83.6356581,232.0,Pigeon Forge,62.05,,35.7208844,37924.43,0.0,"['3-4BR', 'Group 2', 'NotKnox', 'Summer']",44.36,0.0
100.0,0.0,0.0,0.0,2026-03-14,91.66,1-4BR Cabins / House,47.11,,484286,64.08,2026-08-21T02:15:49,1,1,0.0,2026-02-06,0.0,190.0,194.55,0.0,,hostaway,3,3-4 Bedrooms,"Su-Tang Lo 4005 (SCounty) -- Dolly's Outdoor Oasis - Hot Tub, Sauna & More!",,,True,47.11,-83.4495469,180.0,Sevierville,67.01,,35.7984523,46411.51,0.0,"['Group 2', 'HA1', 'Katie', 'NotKnox', 'SCounty', 'TendwellCleaning']",95.62,0.0
100.0,0.0,0.0,0.0,2026-03-16,97.71,1-4BR Cabins / House,39.57,,484372,62.06,2026-08-03T23:57:15,1,1,0.0,2026-02-06,0.0,230.0,246.92,0.0,,hostaway,3,3-4 Bedrooms,"Rebecca Eisenback 1152 (BC) -- Mountain Top Getaway: Hot Tub, Grill, Games & Pool",,,True,39.57,-83.6827621,224.0,Townsend,81.41,,35.6978959,48136.6,0.0,"['3-4BR', 'BC', 'Group 2', 'HA1', 'NotKnox', 'Summer', 'TendwellCleaning']",76.23,0.0
98.0,0.0,0.0,0.0,2026-07-02,36.2,Knox All listing,16.41,,484695,40.44,2026-08-27T19:43:17,1,1,0.0,2026-02-16,0.0,160.0,220.57,0.0,,hostaway,1,Knox 1-2BR,Megan Hatcher 255-202 (KCity) -- Gay Street Getaway | Prime Location in Knoxville,,,True,16.41,-83.9198677,158.0,Knoxville,104.79,,35.9675744,17346.71,0.0,"['Group 2', 'MadersCleaningTeresa']",38.58,0.0
100.0,0.0,0.0,0.0,2026-07-06,91.51,Knox All listing,28.88,,484697,90.37,2026-09-06T07:14:36,1,1,0.0,2026-02-16,0.0,150.0,316.9,0.0,,hostaway,2,Knox 1-2BR,Lindsey Hatcher 255-200 (KCity) -- South Gay Skyline | Prime Location in Knoxville,,,True,28.88,-83.9198677,146.0,Knoxville,128.99,,35.9675744,43029.96,0.0,"['Group 2', 'MadersCleaningTeresa']",70.06,0.0
200.0,0.0,0.0,0.0,2026-03-14,218.78,5-6 Bedrooms,50.64,,485423,75.91,2026-08-31T20:18:56,1,1,0.0,2026-02-09,0.0,370.0,432.05,0.0,,hostaway,6,,"Richard Wright 810 (GAT) -- Lookout Lodge: Views, Hot Tub, Games, 4 Fireplaces",,,True,50.64,-83.494833,375.0,Gatlinburg,74.96,,35.733605,106022.67,0.0,"['5-6BR', 'GAT', 'Group 2', 'HA1', 'NORMAL', 'NotKnox', 'Summer', 'TendwellCleaning']",101.28,0.0
100.0,0.0,0.0,0.0,2026-03-12,107.52,1-4BR Cabins / House,55.21,,485560,78.01,2026-08-24T22:58:41,1,1,0.0,2026-02-09,0.0,180.0,194.73,0.0,,hostaway,3,3-4 Bedrooms,"Katie Smith 2880 (SCounty) -- Mountain Majesty: Views, Hot Tub, Games, Theater!",,,True,55.21,-83.6088597,182.0,Sevierville,70.39,,35.8002745,58464.05,0.0,"['Group 2', 'HA1', 'Lily', 'NORMAL', 'NotKnox', 'SCounty', 'TendwellCleaning']",110.82,0.0
100.0,0.0,0.0,0.0,2026-03-13,121.6,1-4BR Cabins / House,50.62,,485771,90.84,2026-09-03T22:29:54,1,1,0.0,2026-02-10,0.0,200.0,240.22,0.0,,hostaway,3,3-4 Bedrooms,"Richard Nevels 3286 (JC) -- Hill Top Retreat - Lake, Sauna, Hot Tub, Mtn View!",,,True,50.62,-83.3733488,219.0,Dandridge,78.28,,35.9329066,58724.32,0.0,"['3-4BR', 'EliteCabinCare', 'Group 2', 'HA1', 'JC', 'NotKnox', 'Summer']",116.05,0.0
90.0,0.0,0.0,0.0,2026-02-14,118.4,1-4BR Cabins / House,59.69,,485969,80.45,2026-09-06T01:15:02,1,1,0.0,2026-02-10,0.0,195.0,198.36,0.0,,hostaway,2,1-2 Bedroom Cabins,"Nathan Frame 4530 (SCounty) -- Perfect Smokies Escape - Park View, Hot Tub & More",,,True,59.69,-83.6767847,195.0,Sevierville,72.45,,35.7374703,59499.34,0.0,"['1-2BR Cabin', 'Group 3', 'HA1', 'Katie', 'NotKnox', 'Pet', 'SCity', 'TendwellCleaning']",111.03,0.0
110.0,0.0,0.0,0.0,2026-03-11,138.72,1-4BR Cabins / House,51.7,,491160,79.06,2026-08-29T21:05:00,1,1,0.0,2026-02-24,0.0,240.0,268.31,0.0,,hostaway,4,3-4 Bedrooms,"Travis Anders 1437 (SCounty) -- Smokies Twin Rock-Views, Game Room, Hot Tub& More!",,,True,51.7,-83.52268,237.0,Sevierville,76.56,,35.8101013,63607.95,0.0,"['3-4BR', 'Group 2', 'HA1', 'Lily', 'NotKnox', 'SCounty', 'TendwellCleaning']",103.26,0.0
88.0,0.0,0.0,0.0,2026-05-17,57.36,1-4BR Cabins / House,42.44,,491167,50.99,2026-09-04T14:13:47,1,1,0.0,2026-05-14,0.0,160.0,135.15,0.0,,hostaway,2,1-2 Bedroom Cabins,"Teresa Wentz 4161 (SCounty) -- Dancing Bear - Views, Hot Tub, Grill, & Games!",,,True,42.44,-83.3707542,151.0,Sevierville,57.91,,35.8031926,28620.8,0.0,"['1-2BR Cabin', 'Group 2', 'HA1', 'Katie', 'NORMAL', 'NotKnox', 'SCounty', 'TendwellCleaning']",88.03,0.0
90.0,0.0,0.0,0.0,2026-03-26,68.85,1-4BR Cabins / House,51.94,,491503,61.05,2026-08-24T18:48:04,1,1,0.0,2026-02-25,0.0,150.0,132.57,0.0,,hostaway,3,3-4 Bedrooms,Cale Hanie 6617 (BC) -- Townsend Charm: River View Historic Log Cabin!,,,True,51.94,-83.7972792,150.0,Townsend,56.77,,35.6977999,37334.85,0.0,"['3-4BR', 'BC', 'Group 2', 'HA1', 'Katie', 'NotKnox', 'TendwellCleaning']",107.54,0.0
100.0,0.0,0.0,0.0,2026-04-03,127.29,1-4BR Cabins / House,55.0,,494261,94.67,2026-08-25T21:38:35,1,1,0.0,2026-03-05,0.0,285.0,231.44,0.0,,hostaway,3,3-4 Bedrooms,"Billie Armstrong 2915 (PF) -- NEW Build - Smokies Haven w/ Hot Tub, Games, MORE",,,True,55.0,-83.5795963,294.0,Pigeon Forge,87.78,,35.7967278,54097.75,0.0,"['Group 2', 'HA1', 'NotKnox', 'Pet', 'PF', 'TendwellCleaning']",107.84,0.0
105.0,0.0,0.0,0.0,2026-05-22,85.19,1-4BR Cabins / House,37.21,,494265,43.67,2026-09-01T11:58:15,1,1,0.0,2026-03-05,0.0,220.0,228.95,0.0,,hostaway,4,3-4 Bedrooms,"Thom Capps 542 (GAT) -- Memory Maker Lodge:Hot Tub, Multicade, Grill, MORE",,,True,37.21,-83.4520462,212.0,Gatlinburg,58.12,,35.74293,41617.13,0.0,"['3-4BR', 'GAT', 'Group 2', 'HA1', 'Katie', 'NotKnox', 'TendwellCleaning']",75.14,0.0
100.0,0.0,0.0,0.0,2026-05-14,120.93,1-4BR Cabins / House,42.38,,494274,60.67,2026-09-02T00:09:43,1,1,0.0,2026-03-05,0.0,200.0,285.31,0.0,,hostaway,4,3-4 Bedrooms,"Paul Ganev 1073 (SCounty) -- Picturesque MTN Escape: Hot Tub, Pool, Game Room!",,,True,42.38,-83.6078898,206.0,Sevierville,69.01,,35.8503084,59209.37,0.0,"['3-4BR', 'Group 2', 'HA1', 'Katie', 'NotKnox', 'SCounty', 'TendwellCleaning']",87.91,0.0
130.0,0.0,0.0,0.0,2026-05-15,69.33,5-6 Bedrooms,27.14,,494307,26.98,2026-08-27T17:26:31,1,1,0.0,2026-03-05,0.0,270.0,255.44,0.0,,hostaway,5,,"Heidi Schelton 247 (BC) -- Log Hollow | Hot Tub, Plenty of Games, Play Area!",,,True,27.14,-83.7685332,290.0,Townsend,49.94,,35.6701103,32777.85,0.0,"['5-6BR', 'BC', 'Group 2', 'HA1', 'Katie', 'NotKnox', 'TendwellCleaning']",54.01,0.0
85.0,0.0,0.0,0.0,2026-04-17,51.67,1-4BR Cabins / House,43.05,,494315,56.78,2026-08-26T23:53:51,1,1,0.0,2026-03-05,0.0,150.0,120.03,0.0,,hostaway,2,1-2 Bedroom Cabins,"Thom Capps 1386-114 (GAT) -- Tranquility Skies | MTN View, Sauna, Jacuzzi, MORE",,,True,43.05,-83.5650484,141.0,Gatlinburg,60.26,,35.7053832,24618.51,0.0,"['GAT', 'Group 2', 'HA1', 'Katie', 'NotKnox', 'TendwellCleaning']",94.24,0.0
210.0,0.0,0.0,0.0,2026-04-09,249.17,5-6 Bedrooms,49.67,,494319,103.43,2026-09-01T00:55:29,1,1,0.0,2026-03-05,0.0,380.0,501.67,0.0,,hostaway,6,,"Adam Pike 1071 (PF) -- Relaxing Cabin: Views, Hot Tub, Theater, Games!",,,True,49.67,-83.5540061,399.0,Pigeon Forge,104.52,,35.7953431,108833.41,0.0,"['5-6BR', 'Group 2', 'HA1', 'Katie', 'NotKnox', 'PF', 'TendwellCleaning']",98.96,0.0
95.0,0.0,0.0,0.0,2026-04-07,86.97,1-4BR Cabins / House,47.49,,494328,56.16,2026-09-06T13:15:32,1,1,0.0,2026-03-05,0.0,165.0,183.12,0.0,,hostaway,3,3-4 Bedrooms,"Hali Hoag 2140 (SCounty) -- Green Sky Lodge: Views, Hot Tub, Play Area & More!",,,True,47.49,-83.6338736,171.0,Sevierville,57.13,,35.9030299,40874.77,0.0,"['3-4BR', 'Group 2', 'HA1', 'NotKnox', 'SCounty', 'TendwellCleaning']",98.3,0.0
90.0,0.0,0.0,0.0,2026-05-14,51.69,1-4BR Cabins / House,40.07,,498061,35.49,2026-09-04T19:04:32,1,1,0.0,2026-03-17,0.0,140.0,129.01,0.0,,hostaway,2,1-2 Bedroom Cabins,"Amy Christopher 3303 (SCounty) -- Be Still: Hot Tub, Grill, Fireplace, Comm Pool!",,,True,40.07,-83.6558021,141.0,Sevierville,46.85,,35.745498,25885.05,0.0,"['1-2BR Cabin', 'Group 2', 'HA1', 'SCounty', 'Summer', 'TendwellCleaning']",75.75,0.0
120.0,0.0,0.0,0.0,2026-03-25,160.62,1-4BR Cabins / House,58.65,,498421,94.66,2026-08-17T16:56:44,1,1,0.0,2026-03-24,0.0,350.0,273.88,0.0,,hostaway,4,3-4 Bedrooms,"James Johnson 1250 (SCounty) -- Happy Hideaway | Hot Tub, Pool Table, Foosball & more!",,,True,58.65,-83.4877537,355.0,Sevierville,79.67,,35.7749635,63622.02,0.0,"['3-4BR', 'Group 2', 'HA1', 'NotKnox', 'Regina', 'SCounty', 'BlessedCleaningTyler']",118.82,0.0
170.0,0.0,0.0,0.0,2026-03-14,174.8,5-6 Bedrooms,49.49,,498422,62.73,2026-09-03T21:13:26,1,1,0.0,2026-03-24,0.0,320.0,353.23,0.0,,hostaway,5,,"David Joyner 3136 (PF) -- Creekside Paradise w/ Game Room. Hot Tub, Fireplace!",,,True,49.49,-83.6220407,372.0,Pigeon Forge,63.77,,35.7854924,81051.54,0.0,"['5-6BR', 'Group 1', 'HA1', 'PF', 'Summer', 'TendwellCleaning']",98.37,0.0
65.0,0.0,0.0,0.0,2026-05-13,25.13,1-4BR Cabins / House,29.33,,500280,43.01,2026-08-20T02:03:26,1,1,0.0,2026-03-24,0.0,80.0,85.68,0.0,,hostaway,1,1-2 Bedroom Cabins,"Robert Miller 191 (Cocke County) -- Peaceful Cosby Retreat - Hot Tub, Grill, and More!",,,True,29.33,-83.2358057,80.0,Cosby,59.18,,35.7938716,12558.45,0.0,"['1-2BR Cabin', 'Cocke County', 'Group 3', 'HA2', 'NotKnox', 'TendwellCleaning']",72.69,0.0
90.0,0.0,0.0,0.0,2026-04-18,38.97,1-4BR Cabins / House,31.16,,502327,27.21,2026-09-05T14:00:18,1,1,0.0,2026-03-31,0.0,110.0,125.07,0.0,,hostaway,3,1-2 Bedroom Cabins,"Ricardo Robles 1254 (SCounty) -- Peaceful Nest: Hot Tub, Fireplace, Fire Pit & MORE",,,True,31.16,-83.6136809,112.0,Sevierville,42.54,,35.8405376,19986.95,0.0,"['3-4BR', 'Group 2', 'HA1', 'Lily', 'NotKnox', 'SCounty', 'TendwellCleaning']",63.96,0.0
120.0,0.0,0.0,0.0,2026-05-08,85.82,1-4BR Cabins / House,31.2,,504537,78.08,2026-07-07T23:31:38,0,1,0.0,2026-04-06,0.0,335.0,275.05,0.0,,hostaway,3,3-4 Bedrooms,"Catherine Nelms 1274 (GAT) -- Ober Overlook: Views, Pool, Hot Tub & Game Area!",,,True,31.2,-83.5609729,278.0,Gatlinburg,113.7,,35.7064062,35469.46,0.0,"['3-4BR', 'GAT', 'Group 2', 'HA1', 'NotKnox', 'TendwellCleaning']",68.66,0.0
97.0,0.0,0.0,0.0,2026-05-21,81.43,1-4BR Cabins / House,55.29,,507465,74.77,2026-09-05T03:54:59,1,1,0.0,2026-04-28,0.0,200.0,147.26,0.0,,hostaway,3,3-4 Bedrooms,Stephanie Keegan 1260-5307 (GAT) -- HighView Suites | Hot tub & Pool access!,,,True,55.29,-83.5596246,180.0,Gatlinburg,61.15,,35.7079418,30000.01,0.0,"['3-4BR', 'GAT', 'Group 2', 'HA1', 'Katie', 'NotKnox', 'TendwellCleaning']",122.27,0.0
95.0,0.0,0.0,0.0,2026-05-22,57.4,1-4BR Cabins / House,42.35,,507467,52.71,2026-09-03T22:30:43,1,1,0.0,2026-04-28,0.0,145.0,135.53,0.0,,hostaway,3,3-4 Bedrooms,Stephanie Keegan 1260-1306 (GAT) -- Skyfield Suites | Hot tub & Pool Access,,,True,42.35,-83.5596246,146.0,Gatlinburg,56.28,,35.7079418,21987.12,0.0,"['3-4BR', 'GAT', 'Group 2', 'HA1', 'Katie', 'NotKnox', 'TendwellCleaning']",93.65,0.0
80.0,0.0,0.0,0.0,2026-05-20,70.59,1-4BR Cabins / House,50.0,,511571,52.55,2026-09-05T23:28:15,1,1,0.0,2026-04-21,0.0,130.0,141.18,0.0,,hostaway,2,1-2 Bedroom Cabins,"David Maningding 3809 (SCounty) -- Hillside Happiness: GameRoom, Grill, Firepit, MORE",,,True,50.0,-83.6003623,132.0,Sevierville,52.3,,35.7353271,27755.95,0.0,"['1-2BR Cabin', 'Group 2', 'HA1', 'NotKnox', 'Regina', 'SCounty', 'TendwellCleaning', 'Lily']",100.48,0.0
110.0,0.0,0.0,0.0,,0.0,1-4BR Cabins / House,0.0,,511593,0.0,,1,1,0.0,2026-04-21,0.0,230.0,0.0,0.0,0.0,hostaway,3,3-4 Bedrooms,Billie-Shaye Harper 2610 -- Ridgewood View,,0.0,True,0.0,-83.6729911,230.0,Sevierville,0.0,0.0,35.7252136,0.0,0.0,"['3-4BR', 'Group 2', 'HA1', 'NotKnox']",0.0,0.0
130.0,0.0,0.0,0.0,2026-10-24,45.9,1-4BR Cabins / House,9.09,,512035,20.19,2026-09-03T15:17:34,1,1,0.0,2026-04-23,0.0,320.0,504.93,0.0,,hostaway,4,3-4 Bedrooms,John Kuvshinikov 2948 -- Pine Peak: Panoramic Mountain Views & Easy Access,,,True,9.09,-83.6487545,322.0,Sevierville,113.54,,35.7872726,16798.81,0.0,"['Group 2', 'HA1']",17.79,0.0
80.0,0.0,0.0,0.0,2026-05-22,35.94,1-4BR Cabins / House,29.39,,512526,37.63,2026-09-05T18:27:47,1,1,0.0,2026-04-24,0.0,135.0,122.3,0.0,,hostaway,2,1-2 Bedroom Condos,Mike Gunter 413-207 (GAT) -- Stylish 2025 Condo | Pool | Prime Downtown Spot,,,True,29.39,-83.5099216,145.0,Gatlinburg,60.17,,35.7091641,13948.31,0.0,"['1-2BR Condo', 'GAT', 'Group 1', 'HA1', 'Key', 'TendwellCleaning']",62.55,0.0
110.0,0.0,0.0,0.0,,0.0,1-4BR Cabins / House,0.0,,512531,0.0,,0,1,0.0,2026-04-24,0.0,189.0,0.0,0.0,0.0,hostaway,2,1-2 Bedroom Cabins,Mike Gunter 660 -- Gatlinburg Cabin,,0.0,True,0.0,-83.491725,,Gatlinburg,0.0,0.0,35.7286062,0.0,0.0,"['1-2BR Cabin', 'Group 1', 'HA1']",0.0,0.0
75.0,0.0,0.0,0.0,2026-06-09,27.76,1-4BR Cabins / House,25.51,,512532,33.54,2026-08-10T17:56:31,1,1,0.0,2026-04-24,0.0,110.0,108.85,0.0,,hostaway,1,1-2 Bedroom Cabins,"Mike Gunter 2691-8 (SCounty) -- Twilight Meadow - Hot Tub, Patio and Views!",,,True,25.51,-83.4496411,110.0,Sevierville,59.32,,35.9133045,10881.81,0.0,"['1-2BR Cabin', 'Group 1', 'HA1', 'NotKnox', 'SCounty', 'TendwellCleaning']",56.56,0.0
80.0,0.0,0.0,0.0,2026-06-18,18.61,1-4BR Cabins / House,21.43,,512799,19.27,2026-09-01T02:57:21,1,1,0.0,2026-04-24,0.0,115.0,86.87,0.0,,hostaway,2,1-2 Bedroom Cabins,"Izzy Ludwick 2084 (SCounty) -- New In-Law Apt: Hot Tub, Fireplace, & Workspace!",,,True,21.43,-83.480753,114.0,Pigeon Forge,41.58,,35.8664102,7467.16,0.0,"['1-2BR House', 'Group 3', 'HA1', 'SCounty', 'TendwellCleaning']",46.37,0.0
105.0,0.0,0.0,0.0,2026-06-11,62.9,1-4BR Cabins / House,39.18,,513522,34.35,2026-09-03T00:09:49,1,1,0.0,2026-04-27,0.0,180.0,160.54,0.0,,hostaway,4,3-4 Bedrooms,"Byron Bradshaw 1016 (GAT) -- Cedar Ridge Haven | Hot Tub, Fireplace & More!",,,True,39.18,-83.4877422,176.0,Gatlinburg,44.57,,35.7447378,25898.08,0.0,"['3-4BR', 'GAT', 'Group 2', 'HA1', 'Katie', 'NotKnox', 'TendwellCleaning']",77.08,0.0
160.0,0.0,0.0,0.0,2026-06-07,94.14,5-6 Bedrooms,33.06,,515261,33.08,2026-08-30T02:24:38,1,1,0.0,2026-05-01,0.0,320.0,284.73,0.0,,hostaway,5,,"Frank Spitznagel 1726 (PF) -- Smokies Luxe View: Hot Tub, Fireplaces, Games+MORE",,,True,33.06,-83.6258693,350.0,Pigeon Forge,50.37,,35.7839275,35098.29,0.0,"['5-6BR', 'Group 2', 'HA1', 'NotKnox', 'PF', 'Regina', 'TendwellCleaning']",65.67,0.0
95.0,0.0,0.0,0.0,2026-05-22,74.77,1-4BR Cabins / House,45.09,,529779,55.28,2026-08-31T04:21:49,1,1,0.0,2026-05-21,0.0,150.0,165.83,0.0,,hostaway,2,1-2 Bedroom Cabins,Denny Johnson 2251-21 (SCounty) -- Adohi Lodge | Panoramic Views off the Deck!,,,True,45.09,-83.4817933,152.0,Sevierville,64.82,,35.8026106,25497.26,0.0,"['1-2BR House', 'Group 2', 'HA1', 'SCounty', 'TendwellCleaning']",85.28,0.0
130.0,0.0,0.0,0.0,2026-06-21,101.97,1-4BR Cabins / House,43.5,,533028,49.6,2026-09-05T03:22:48,1,1,0.0,2026-05-18,0.0,230.0,234.42,0.0,,hostaway,3,3-4 Bedrooms,Nanci Allen 917 (GAT) -- A Million Dollar View | The Ultimate Escape!,,,True,43.5,-83.5338628,230.0,Gatlinburg,60.89,,35.7178654,34843.34,0.0,"['3-4BR', 'GAT', 'Group 2', 'HA1', 'NotKnox', 'Regina']",81.46,0.0
150.0,0.0,0.0,0.0,2026-06-25,112.84,5-6 Bedrooms,27.98,,534577,38.66,2026-09-06T04:12:46,1,1,0.0,2026-05-19,0.0,330.0,403.25,0.0,,hostaway,5,,Reis Perry 3240 (SCounty) -- Smoky Trails Retreat | Sleeps 16 + Lots of Games!,,,True,27.98,-83.6252326,339.0,Sevier County,69.38,,35.9445391,32678.25,0.0,"['Group 2', 'HA1', 'NORMAL', 'NotKnox', 'SCounty', 'TendwellCleaning', 'min rate']",55.73,0.0
90.0,0.0,0.0,0.0,2026-06-01,109.94,1-4BR Cabins / House,68.78,,535798,122.66,2026-08-30T05:21:59,1,1,0.0,2026-05-20,0.0,170.0,159.85,0.0,,hostaway,1,1-2 Bedroom Cabins,"David Moscarelli 536 (GAT) -- Whisk-A-Way - Hot Tub, Pool Table & Jacuzzi!",,,True,68.78,-83.4969531,157.0,Gatlinburg,83.81,,35.7093402,36942.03,0.0,"['1-2BR Cabin', 'GAT', 'Group 3', 'HA1', 'Junior', 'Katie', 'NotKnox', 'Group 2']",146.37,0.0
80.0,0.0,0.0,0.0,2026-06-19,31.34,1-4BR Cabins / House,30.84,,535863,35.22,2026-09-01T19:22:49,1,1,0.0,2026-05-20,0.0,110.0,101.62,0.0,,hostaway,2,1-2 Bedroom Cabins,John Haynes 625-2 (PF) -- Hearthstone Lodge | Family & Pet Friendly Home!,,,True,30.84,-83.5869254,110.0,Pigeon Forge,52.74,,35.811036,10858.23,0.0,"['1-2BR House', 'Group 3', 'HA1', 'NotKnox', 'Pet', 'PF', 'Regina', 'Group 2']",66.77,0.0
89.0,0.0,0.0,0.0,2026-06-05,50.95,1-4BR Cabins / House,38.12,,538851,61.36,2026-09-04T17:25:39,1,1,0.0,2026-05-22,0.0,140.0,133.67,0.0,,hostaway,2,1-2 Bedroom Cabins,"Bradley Quillen 1144 (PF) -- Cozy Bear Den | Hot Tub, Games, Grill & MORE!",,,True,38.12,-83.5434231,142.0,Pigeon Forge,72.63,,35.8026746,17520.64,0.0,"['1-2BR Cabin', 'Group 3', 'HA1', 'Katie', 'NotKnox', 'PF']",84.49,0.0
110.0,0.0,0.0,0.0,2026-07-01,152.96,1-4BR Cabins / House,58.05,,538875,88.59,2026-08-26T05:42:44,1,1,0.0,2026-05-25,0.0,300.0,263.49,0.0,,hostaway,4,3-4 Bedrooms,"Ryan Pack 802 (BC) -- Fox Hollow | Views, Hot Tub, Game Room, Play Area!",,,True,58.05,-83.7575621,270.0,Townsend,76.23,,35.6583062,48871.9,0.0,"['3-4BR', 'Group 2', 'HA1']",116.22,0.0
95.0,0.0,0.0,0.0,2026-06-10,61.75,1-4BR Cabins / House,44.33,,541842,54.86,2026-09-05T18:17:35,1,1,0.0,2026-05-25,0.0,145.0,139.29,0.0,,hostaway,2,1-2 Bedroom Cabins,Christina Kittle 1908 (SCounty) -- Creekfront Pet Friendly & Perfect for the Family!,,,True,44.33,-83.4956929,155.0,Sevierville,61.51,,35.834262,19534.12,0.0,"['1-2BR Cabin', 'Group 3', 'HA1', 'NotKnox', 'Pet', 'Regina', 'SCounty', 'TendwellCleaning']",89.2,0.0
100.0,0.0,0.0,0.0,2026-07-01,125.59,1-4BR Cabins / House,43.87,,552312,60.01,2026-09-03T14:34:53,1,1,0.0,2026-06-15,0.0,210.0,286.29,0.0,,hostaway,4,3-4 Bedrooms,"Kevin Parrish 3836 (SCounty) -- Firefly Cove: Hot Tub, Zip Line, Theater, & More!",,,True,43.87,-83.6179614,216.0,Sevierville,70.82,,35.7272107,43094.48,0.0,"['3-4BR', 'Group 2', 'HA1', 'NotKnox', 'SCounty', 'TendwellCleaning']",84.74,0.0
150.0,0.0,0.0,0.0,2026-07-23,65.42,5-6 Bedrooms,24.88,,552342,27.01,2026-09-02T12:32:44,1,1,0.0,2026-07-16,0.0,310.0,262.97,0.0,,hostaway,5,,Philip Graves 857 (PF) -- Mountain High | Spacious+Hot Tub+Game Room+More!,,,True,24.88,-83.5783957,320.0,Pigeon Forge,52.98,,35.781938,22305.67,0.0,"['5-6BR', 'Group 2', 'HA1', 'NotKnox']",50.98,0.0
120.0,0.0,0.0,0.0,2026-08-16,65.94,5-6 Bedrooms,30.48,,553789,28.16,2026-08-20T03:22:25,1,1,0.0,2026-06-03,0.0,320.0,216.37,0.0,,hostaway,5,,Kumar Sanam 576-4 (PF) -- Dollywood Retreat | Cozy Home w/ Plenty of Games!,,,True,30.48,-83.5413948,327.0,Pigeon Forge,46.42,,35.7879761,24684.11,0.0,['3-4BR'],60.67,0.0
105.0,0.0,0.0,0.0,2026-07-24,47.17,1-4BR Cabins / House,27.6,,555142,26.91,2026-09-05T23:16:19,1,1,0.0,2026-07-20,0.0,220.0,170.87,0.0,,hostaway,4,3-4 Bedrooms,"Antonio Michaelis 8540 (BC) -- The Skinners Cabin: Hot Tub, Fireplace & Grill!",,,True,27.6,-83.7202355,238.0,Townsend,49.11,,35.6717372,16164.76,0.0,[''],54.78,0.0
110.0,0.0,0.0,0.0,2026-07-03,120.34,1-4BR Cabins / House,46.83,,556488,69.66,2026-09-04T18:08:44,1,1,0.0,2026-07-03,0.0,230.0,256.98,0.0,,hostaway,3,3-4 Bedrooms,"Jennifer Prompanya 2412 (SCounty) -- Grand Splash Cabin | Hot Tub, Pool, View, GAMES!",,,True,46.83,-83.616263,242.0,Sevierville,73.54,,35.7608556,37941.32,0.0,['TendwellCleaning'],94.72,0.0
120.0,0.0,0.0,0.0,2026-06-01,225.37,1-4BR Cabins / House,65.4,,558401,126.39,2026-08-28T19:13:19,1,1,0.0,2026-06-10,0.0,370.0,344.59,0.0,,hostaway,4,3-4 Bedrooms,"Vosa Ayisire 3741 (PF) -- Rustic Elegance: Pool, Game Room & Deck",,,True,65.4,-83.5502283,361.0,Pigeon Forge,92.8,,35.7784303,72363.5,0.0,"['3-4BR', 'Group 1', 'HA1', 'NotKnox', 'PF']",136.19,0.0
140.0,0.0,0.0,0.0,2026-09-04,29.38,5-6 Bedrooms,8.78,,558422,9.2,2026-09-05T16:45:18,1,1,0.0,2026-08-31,0.0,430.0,334.59,0.0,,hostaway,6,,"Senthilkumar Davudkadirkamasundram 3725 (PF) -- Make Lasting Memories: Pool, Hot Tub, Games & MORE",,,True,8.78,-83.6163152,,Pigeon Forge,54.39,,35.7560145,10048.93,0.0,['TendwellCleaning'],16.92,0.0
110.0,0.0,0.0,0.0,2026-07-02,83.23,1-4BR Cabins / House,44.62,,560527,59.35,2026-09-01T14:09:42,1,1,0.0,2026-06-23,0.0,240.0,186.52,0.0,,hostaway,3,3-4 Bedrooms,"Colin and Susan Tigwell 621 (GAT) -- The Spirit Bear Lodge | Hot Tub, Game Room, Grill!",,,True,44.62,-83.4564853,240.0,Gatlinburg,62.64,,35.7367483,24926.89,0.0,"['3-4BR', 'GAT', 'Group 2', 'HA1', 'NotKnox']",94.73,0.0
100.0,0.0,0.0,0.0,2026-07-25,32.22,1-4BR Cabins / House,20.83,,563252,25.92,2026-09-05T20:06:01,1,1,0.0,2026-07-20,0.0,180.0,154.67,0.0,,hostaway,3,3-4 Bedrooms,"Petra Dunn 976 (SCounty) -- Lakeside Haven: Boat Dock, Ramp, Games, & MORE!",,,True,20.83,-83.4690399,200.0,Sevierville,54.99,,35.9186807,11553.75,0.0,[''],47.14,0.0
,0.0,0.0,0.0,,0.0,,0.0,,565680,0.0,,0,1,0.0,,0.0,,0.0,0.0,0.0,hostaway,,,Ken Marsilio 354 -- Smokies Paradise,,0.0,True,0.0,-83.4169158,,Pigeon Forge,0.0,0.0,35.7716307,0.0,0.0,[''],0.0,0.0
120.0,0.0,0.0,0.0,2026-09-05,130.48,1-4BR Cabins / House,30.77,,567651,66.38,2026-09-02T04:30:32,1,1,0.0,2026-08-03,0.0,300.0,424.05,0.0,,hostaway,4,3-4 Bedrooms,"Kelly Armsworth 3634 (SCounty) -- High Smokies Lodge - Game Room, Hot Tub and more!",,,True,30.77,-83.6185763,300.0,Sevierville,110.88,,35.7128047,31995.1,0.0,[''],59.86,0.0
140.0,0.0,0.0,0.0,2026-09-05,10.31,5-6 Bedrooms,2.37,,567670,3.67,2026-08-28T21:35:55,1,1,0.0,2026-08-18,0.0,350.0,435.62,0.0,,hostaway,6,,"Kelly Armsworth 511 (GAT) -- King of Mountain | Views, Hot Tub, Grill, Games!",,,True,2.37,-83.3356718,400.0,Gatlinburg,76.39,,35.767614,3448.19,0.0,[''],4.81,0.0
80.0,0.0,0.0,0.0,2026-08-14,50.9,Knox All listing,15.38,,568787,56.6,2026-08-27T11:24:25,1,1,0.0,2026-08-13,0.0,145.0,330.83,0.0,,hostaway,1,Knox 1-2BR,Gary Koontz 255-205 (KCity) -- City Lights in South Gay | Knoxville,,,True,15.38,-83.9225009,141.0,Knoxville,157.49,,35.967547,12517.82,0.0,[''],35.93,0.0
95.0,0.0,0.0,0.0,,0.0,1-4BR Cabins / House,0.0,,569032,0.0,,1,1,0.0,2026-08-17,0.0,174.0,0.0,0.0,0.0,hostaway,2,1-2 Bedroom Cabins,"Jason Riordan 3825 (SCounty) -- Endless Views - Game Room, Arcade, Hot Tub!",,0.0,True,0.0,-83.6600195,,Sevierville,0.0,0.0,35.6993145,0.0,0.0,[''],0.0,0.0
130.0,0.0,0.0,0.0,,0.0,1-4BR Cabins / House,0.0,,569066,0.0,2026-08-10T16:29:39,1,1,0.0,2026-09-04,0.0,190.0,0.0,0.0,0.0,hostaway,3,3-4 Bedrooms,Jeff Keithley 371 -- The Tiny Retreat,,0.0,True,0.0,-83.5404502,,Sevierville,0.0,0.0,35.7719551,0.0,0.0,[''],0.0,0.0
,0.0,0.0,0.0,,0.0,,0.0,,569122,0.0,,0,1,0.0,,0.0,,0.0,0.0,0.0,hostaway,,,Ray Cooper 327-207 -- Urban Retreat in Gay Street,,0.0,True,0.0,-83.9199818,,Knoxville,0.0,0.0,35.9672753,0.0,0.0,[''],0.0,0.0
85.0,0.0,0.0,0.0,2026-08-07,4.43,1-4BR Cabins / House,4.73,,569708,3.68,2026-08-28T22:09:28,1,1,0.0,2026-07-22,0.0,125.0,93.5,0.0,,hostaway,2,1-2 Bedroom Cabins,Mike Householder 1646 (SCounty) -- Heavenly Mountain View | Peaceful Cabin Escape,,,True,4.73,-83.6351547,124.0,Sevierville,40.72,,35.8036129,1201.91,0.0,[''],9.03,0.0
85.0,0.0,0.0,0.0,2026-09-04,11.0,1-4BR Cabins / House,12.18,,572718,10.04,2026-09-05T22:20:29,1,1,0.0,2026-07-30,0.0,135.0,90.28,0.0,,hostaway,2,1-2 Bedroom Cabins,Karin Calimano 3815-18 (GAT) -- Mountain View Loft | Cozy Single-Level Retreat,,,True,12.18,-83.3329729,132.0,Gatlinburg,39.33,,35.7631972,2674.85,0.0,[''],25.52,0.0
100.0,0.0,0.0,0.0,2026-08-07,43.44,1-4BR Cabins / House,23.42,,573027,29.95,2026-09-03T11:15:36,1,1,0.0,2026-07-29,0.0,180.0,185.48,0.0,,hostaway,3,3-4 Bedrooms,"Grant Chamberlain 3613 (SCounty) -- Endless MTN Escape: Spacious, Hot Tub, MORE GAMES!",,,True,23.42,-83.435964,197.0,Sevierville,63.38,,35.7876272,11935.0,0.0,[''],47.27,0.0
95.0,0.0,0.0,0.0,,0.0,1-4BR Cabins / House,0.0,,573344,0.0,,1,1,0.0,2026-09-01,0.0,134.0,0.0,0.0,0.0,hostaway,2,1-2 Bedroom Cabins,Gil Rivera 1235-602 (GAT) -- Smoky Laurel Cottage - Mountain Views & Fireplace!,,0.0,True,0.0,-83.5541941,,Gatlinburg,0.0,0.0,35.7054997,0.0,0.0,[''],0.0,0.0
85.0,0.0,0.0,0.0,2026-07-30,23.69,1-4BR Cabins / House,21.05,,573790,19.25,2026-09-05T15:55:17,1,1,0.0,2026-07-27,0.0,150.0,112.53,0.0,,hostaway,2,1-2 Bedroom Cabins,"James Nipper 3029-3 (SCounty) -- Little Bear Getaway: Hot Tub, Games, Grill, MORE!",,,True,21.05,-83.4566574,156.0,Sevierville,46.59,,35.8055783,6458.31,0.0,[''],41.32,0.0
,0.0,0.0,0.0,,0.0,,0.0,,574523,0.0,,0,1,0.0,,0.0,,0.0,0.0,0.0,hostaway,,,Chaitanya Chopra 1386 -- Family Sweet Retreat,,0.0,True,0.0,-83.3941311,,Sevierville,0.0,0.0,35.9356852,0.0,0.0,[''],0.0,0.0
90.0,0.0,0.0,0.0,,0.0,1-4BR Cabins / House,0.0,,575028,0.0,,1,1,0.0,2026-08-07,0.0,143.0,0.0,0.0,0.0,hostaway,2,1-2 Bedroom Cabins,"Manish Birla 660 (Gat) -- Morning Hill Haven - Hot Tub, Fireplace and More!",,0.0,True,0.0,-83.4568001,143.0,Gatlinburg,0.0,0.0,35.7381262,0.0,0.0,[''],0.0,0.0
130.0,0.0,0.0,0.0,2026-07-29,237.18,1-4BR Cabins / House,58.9,,575034,132.67,2026-08-28T03:25:21,1,1,0.0,2026-08-03,0.0,360.0,402.65,0.0,,hostaway,4,3-4 Bedrooms,"Walt Rountree 3738 (PF) -- Serene MTN Cabin: Indoor Pool, Hot Tub, & Game Room!",,,True,58.9,-83.5506544,360.0,Pigeon Forge,108.06,,35.7784311,51343.68,0.0,[''],122.76,0.0
100.0,0.0,0.0,0.0,2026-08-13,78.67,1-4BR Cabins / House,26.49,,575897,45.59,2026-09-05T13:36:43,1,1,0.0,2026-08-10,0.0,205.0,296.98,0.0,,hostaway,4,3-4 Bedrooms,"Samyuktha Ravi 576-8 (PF) -- Smokies Modern Cabin | Fireplace, Fire Pit, Games!",,,True,26.49,-83.5413948,205.0,Pigeon Forge,82.88,,35.7879761,18213.83,0.0,[''],55.0,0.0
98.0,0.0,0.0,0.0,2026-09-04,20.98,1-4BR Cabins / House,7.95,,575958,15.12,2026-08-24T01:39:12,1,1,0.0,2026-08-10,0.0,180.0,264.03,0.0,,hostaway,3,3-4 Bedrooms,"Jessee Cook 921 (GAT) -- Smoky Wood Haven - Hot Tub, Game Room, Fireplace!",,,True,7.95,-83.5442684,180.0,Gatlinburg,90.62,,35.7111806,4870.25,0.0,[''],16.69,0.0
90.0,0.0,0.0,0.0,2026-09-04,3.92,1-4BR Cabins / House,4.03,,577224,4.43,2026-08-29T02:48:16,1,1,0.0,2026-08-05,0.0,120.0,97.47,0.0,,hostaway,2,1-2 Bedroom Condos,Jamie Gittemeier 1260-5203 (GAT) -- Cloudline Condo | Gatlinburg | Fireplace & Pools!,,,True,4.03,-83.5596246,118.0,Gatlinburg,49.28,,35.7079418,1157.72,0.0,[''],9.0,0.0
,0.0,0.0,0.0,,0.0,,0.0,,577259,0.0,,0,1,0.0,,0.0,11308.0,0.0,0.0,0.0,hostaway,3,,Kirk Johansen 2845 -- Timber Woods Retreat,,0.0,True,0.0,-83.4140138,,Sevierville,0.0,0.0,35.771278,0.0,0.0,[''],0.0,0.0
140.0,0.0,0.0,0.0,2026-08-27,83.95,5-6 Bedrooms,32.89,,577271,35.86,2026-09-02T23:14:32,1,1,0.0,2026-08-05,0.0,320.0,255.27,0.0,,hostaway,5,,"Danae Downing 620 (PF) -- American Charm | Hot Tub, Game Room, & Fireplace!",,,True,32.89,-83.5708348,316.0,Pigeon Forge,53.47,,35.7849679,19563.48,0.0,[''],67.07,0.0
140.0,0.0,0.0,0.0,2026-09-04,389.25,5-6 Bedrooms,38.93,,577276,136.01,2026-09-01T22:53:08,1,1,0.0,2026-08-11,0.0,380.0,999.96,0.0,,hostaway,6,,"Danae Downing 2620 (SCounty) -- Wild Turkey | Sleeps 18! Views, Hot Tub, & MORE!",,,True,38.93,-83.6665687,380.0,Sevierville,181.42,,35.730648,73681.95,0.0,[''],74.98,0.0
,0.0,0.0,0.0,,0.0,1-4BR Cabins / House,0.0,,577281,0.0,,0,1,0.0,,0.0,9625.0,0.0,0.0,0.0,hostaway,1,1-2 Bedroom Cabins,Greg Drury 1619-14 -- Rustic A-Frame Cabin,,0.0,True,0.0,-83.561027,,Sevierville,0.0,0.0,35.828131,0.0,0.0,[''],0.0,0.0
,0.0,0.0,0.0,,0.0,,0.0,,577298,0.0,,0,1,0.0,,0.0,11156.0,0.0,0.0,0.0,hostaway,2,,Phillip Dueitt  3710-105 -- Cobbly Nob Skyview,,0.0,True,0.0,-83.351101,,Gatlinburg,0.0,0.0,35.7642322,0.0,0.0,[''],0.0,0.0
,0.0,0.0,0.0,,0.0,,0.0,,577727,0.0,,0,1,0.0,,0.0,11367.0,0.0,0.0,0.0,hostaway,2,,Jennifer Coley 4413 -- Timber Trail Lodge,,0.0,True,0.0,-83.323555,,Gatlinburg,0.0,0.0,35.7625355,0.0,0.0,[''],0.0,0.0
85.0,0.0,0.0,0.0,2026-09-04,10.3,1-4BR Cabins / House,9.22,,579517,11.15,2026-09-06T02:54:32,1,1,0.0,2026-08-27,0.0,124.0,111.75,0.0,,hostaway,1,1-2 Bedroom Cabins,"Greg Drury 1619-14 (SCounty) -- Rustic A-Frame Charm | Hot Tub, Pool Table, Grill!",,,True,9.22,-83.5609015,,Sevierville,57.27,,35.8285374,3112.8,0.0,[''],19.47,0.0
90.0,0.0,0.0,0.0,2026-08-22,58.25,Knox All listing,11.35,,580232,65.07,2026-09-02T16:12:42,1,1,0.0,2026-08-14,0.0,140.0,513.35,0.0,,hostaway,1,Knox 1-2BR,Denny Koontz 255-203 (KCity) -- The Downtown Escape | Knoxville,,,True,11.35,-83.9198677,140.0,Knoxville,243.88,,35.9675744,10973.12,0.0,[''],26.69,0.0
,0.0,0.0,0.0,,0.0,,0.0,,581922,0.0,2026-08-19T18:55:51,0,1,0.0,,0.0,9867.0,0.0,0.0,0.0,hostaway,4,,Jason Paladino 4420 -- AirBnB Luxe*Golf Simulator*Indoor Pool*Hot Tub,,0.0,True,0.0,-83.6803008,,Sevierville,0.0,0.0,35.7333862,0.0,0.0,[''],0.0,0.0
,0.0,0.0,0.0,,0.0,,0.0,,581926,0.0,,0,1,0.0,,0.0,5311.0,0.0,0.0,0.0,hostaway,1,,Thuy Vu 255-204 -- Sterling Loft on Gay | Downtown Knoxville,,0.0,True,0.0,-83.9198677,,Knoxville,0.0,0.0,35.9675744,0.0,0.0,[''],0.0,0.0
,0.0,0.0,0.0,,0.0,,0.0,,583249,0.0,,0,1,0.0,,0.0,9674.0,0.0,0.0,0.0,hostaway,2,,Brad Atkinson 840 -- Timber & Trails Lodge,,0.0,True,0.0,-83.493704,,Gatlinburg,0.0,0.0,35.7348107,0.0,0.0,[''],0.0,0.0
,0.0,0.0,0.0,,0.0,,0.0,,585038,0.0,,0,1,0.0,,0.0,9599.0,0.0,0.0,0.0,hostaway,2,,Gurmukh Singh 727 -- Smokies Sunrise Retreat,,0.0,True,0.0,-83.5991078,,Sevierville,0.0,0.0,35.8318319,0.0,0.0,[''],0.0,0.0
,0.0,0.0,0.0,,0.0,,0.0,,585041,0.0,,0,1,0.0,,0.0,9921.0,0.0,0.0,0.0,hostaway,4,,Jessica Ryan 551 -- The Rustic Heritage,,0.0,True,0.0,-83.5916627,,Pigeon Forge,0.0,0.0,35.8016192,0.0,0.0,[''],0.0,0.0
,0.0,0.0,0.0,,0.0,,0.0,,585605,0.0,,0,1,0.0,,0.0,9113.0,0.0,0.0,0.0,hostaway,2,,Puja Patel 3141-1 (PF) -- The Ridge Row,,0.0,True,0.0,-83.5531646,,Pigeon Forge,0.0,0.0,35.793834,0.0,0.0,[''],0.0,0.0
,0.0,0.0,0.0,,0.0,,0.0,,585609,0.0,,0,1,0.0,,0.0,9707.0,0.0,0.0,0.0,hostaway,3,,Jennifer Shirley 1074 (SCounty) -- Red Roof Retreat,,0.0,True,0.0,-83.4793792,,Sevierville,0.0,0.0,35.9300855,0.0,0.0,[''],0.0,0.0
,0.0,0.0,0.0,,0.0,,0.0,,588227,0.0,,0,1,0.0,,0.0,8326.0,0.0,0.0,0.0,hostaway,2,,Nirav Patel 2266 (SCounty) -- The Timber Lookout,,0.0,True,0.0,-83.6576846,,Sevierville,0.0,0.0,35.7960518,0.0,0.0,[''],0.0,0.0
,0.0,0.0,0.0,,0.0,,0.0,,588230,0.0,,0,1,0.0,,0.0,8140.0,0.0,0.0,0.0,hostaway,2,,Craig Sheflin 2746 (SCounty) -- Porchlight Retreat,,0.0,True,0.0,-83.6123097,,2746 Pigeon Forge,0.0,0.0,35.8005222,0.0,0.0,[''],0.0,0.0
,0.0,0.0,0.0,,0.0,,0.0,,588249,0.0,,0,1,0.0,,0.0,8117.0,0.0,0.0,0.0,hostaway,2,,Frank Jerca 3073 (PF) -- The Woodland Perch,,0.0,True,0.0,-83.5900235,,Pigeon Forge,0.0,0.0,35.7779536,0.0,0.0,[''],0.0,0.0
105.0,169.14,241.14,95539.14,2020-01-10,138.26,1-4BR Cabins / House,-11.84,,78819,148.83,2026-08-24T15:45:34,1,1,230.18,2024-05-23,207.83,250.0,224.29,116275.89,-18.26,hostaway,2,1-2 Bedroom Cabins,"Seann Gloss 459 (PF) -- Splash of Moonshine - Heated Indoor Pool, Hot Tub, Arcade/Game Room",,-20.76,True,61.64,-83.5645351,240.0,Pigeon Forge,110.07,-2.56,35.8109321,75702.49,73.48,"['1-2BR Cabin', 'Group 1', 'HA1', 'NotKnox', 'PF', 'Safely', 'Summer', 'BlessedCleaningTyler', 'Lily', 'Group 2', 'Pet', 'SCounty', '3-4BR', 'Kyle', 'PrivateIndoorPool', '2BDR', 'hottub', '8guest', 'indoor pool', 'Key']",135.21,86.19
90.0,63.05,140.59,35964.95,2020-05-09,42.82,1-4BR Cabins / House,-15.24,,78824,40.56,2026-07-02T03:07:37,0,1,132.04,2024-05-23,97.94,145.0,131.72,54486.79,-32.09,hostaway,2,1-2 Bedroom Cabins,Natasha Ross 2808 (PF) -- Cozy Smoky Mountain Tiny House,,-31.32,True,32.51,-83.57230377,138.0,Pigeon Forge,59.57,-0.24,35.79650116,24701.82,47.75,"['1-2BR Cabin', 'Group 3', 'HA1', 'Katie', 'NotKnox', 'PF', 'Safely', 'BlessedCleaningTyler', 'Junior', 'SCounty', '3-4BR', 'Group 1', 'Kyle', '6guest', '2BDR', 'Top']",68.1,69.66
80.0,59.63,136.98,30075.26,2020-09-24,59.07,1-4BR Cabins / House,9.32,,79561,63.29,2026-09-01T02:01:44,1,1,143.18,2024-05-23,78.81,130.0,115.92,40744.16,-0.94,hostaway,2,1-2 Bedroom Condos,Julie Michala 338-101 (BC) -- Modern Cades Cove Condo w/ Community Pool,,9.74,True,50.96,-83.77100372,128.0,Townsend,61.71,-19.04,35.67789841,33004.07,41.64,"['1-2BR Condo', 'BC', 'Group 3', 'HA1', 'Junior', 'Katie', 'NotKnox', 'Safely', 'BlessedCleaningTyler', 'SCounty', '1-2BR Cabin', '3-4BR', 'Blake', 'Kyle', 'Townsend Condo', 'townsend', '2BDR', 'Community outdoor pool', '6guest']",102.58,57.53
100.0,109.64,258.14,63321.09,2021-01-08,1.7,,-45.78,,81662,0.86,2025-12-10T13:37:33,0,1,238.12,2024-05-23,149.49,250.0,621.3,86689.82,-98.45,hostaway,4,,"Christine Stowers 3983 (SCounty) -- Bear Creek Lodge - Hot Tub, Game Room, View!",,-98.58,True,0.27,-83.34449768,,Sevierville,153.58,160.92,35.85609818,896.28,46.05,"['Group 1', 'HA1', 'NotKnox', 'Safely', 'SCounty', 'Summer', 'BlessedCleaningTyler']",0.56,57.91
,0.0,0.0,0.0,,0.0,,0.0,,81936,0.0,,0,1,0.0,2024-05-23,0.0,135.0,0.0,0.0,0.0,hostaway,2,,Philip Graves 326-202 (BC) · Smokies Sanctuary w/ Mountain Views & Resort Perks -- Smokies Sanctuary w/ Mountain Views & Resort Perks,,0.0,True,0.0,-83.7696991,,Townsend,0.0,0.0,35.67789841,0.0,0.0,[''],0.0,0.0
90.0,63.12,126.73,33768.04,2021-02-26,62.35,1-4 BR with MINIMUM REQUESTS,-1.51,,82620,66.74,2026-08-31T00:10:34,1,1,124.17,2024-05-23,78.77,130.0,126.42,42612.69,-1.22,hostaway,2,1-2 Bedroom Condos,Chad Williams 326-104 (BC) -- Gorgeous Cades Cove Condo with Community Pool!,,2.2,True,49.32,-83.7696991,127.0,Townsend,67.28,1.81,35.67789841,34512.5,50.83,['min rate'],99.2,62.15
90.0,53.4,148.25,28122.08,2021-02-25,61.36,1-4 BR with MINIMUM REQUESTS,9.92,,82621,65.59,2026-08-31T04:20:55,1,1,124.95,2024-05-23,84.48,130.0,116.52,39117.65,14.91,hostaway,2,1-2 Bedroom Condos,Chad Williams 223-202 (BC) -- Elegant Cades Cove Condo with Community Pool!,,19.08,True,52.66,-83.76959991,130.0,Townsend,61.94,-6.75,35.67649841,33486.68,42.74,"['1-2BR Condo', 'BC', 'Group 2', 'HA1', 'Katie', 'NotKnox', 'Safely', 'BlessedCleaningTyler', 'NORMAL', 'SCounty', '1-2BR Cabin', '3-4BR', 'Andrew', 'Group 1', 'Townsend Condo', 'townsend', 'community outdoor pool', '4guest', '2BDR', 'Key', 'min rate']",105.89,56.98
90.0,54.12,131.58,28351.26,2021-03-12,18.13,1-4 BR with MINIMUM REQUESTS,-27.9,,83048,19.43,2026-05-08T18:03:21,0,1,123.6,2024-05-23,73.23,120.0,114.12,38344.52,-66.5,hostaway,2,,Brett Dickinson 338-203 (BC) -- Cozy Cades Cove Condo with Community Pool!,,-60.46,True,15.89,-83.77100372,,Townsend,60.75,-7.67,35.67789841,11209.05,43.79,"['BC', 'Group 3', 'HA1', 'Junior', 'Katie', 'NotKnox', 'Safely', 'BlessedCleaningTyler', 'SCounty', '1-2BR Cabin', '1-2BR Condo', '3-4BR', 'Blake', 'Kyle', 'Townsend Condo', 'townsend', '6guest', '2BDR', 'Community outdoor Pool', 'min rate']",31.98,55.65
90.0,70.8,201.06,40254.95,2021-04-02,73.77,1-4BR Cabins / House,10.68,,83165,51.56,2026-09-04T18:14:19,1,1,191.43,2024-05-23,101.91,160.0,154.75,57577.27,4.19,hostaway,3,3-4 Bedrooms,"Josef Wankerl 1030 (GAT) -- Bear View Chalet - Hot tub, Near Ober!",,3.04,True,47.67,-83.54090118,156.0,Gatlinburg,52.33,-19.16,35.70709991,41478.9,36.99,"['GAT', 'Group 2', 'HA1', 'Katie', 'NORMAL', 'NotKnox', 'Safely', 'TendwellCleaning', 'BlessedCleaningTyler', '3-4BR', 'SCounty', '1-2BR Cabin', 'Blake', 'Kyle', 'Gat', '10guest', '3BDR', 'hottub', 'view', 'Community Pool', 'Normal', 'Low 3-4BR']",98.51,50.68
85.0,85.33,172.03,50491.83,2021-05-01,90.76,1-4BR Cabins / House,5.84,,84093,71.59,2026-08-30T16:53:20,1,1,163.41,2024-05-23,119.46,150.0,156.34,69652.34,6.36,hostaway,2,1-2 Bedroom Cabins,"Chuane Li 1483 (SCounty) -- Bear Claw Cove - Hot Tub, Fireplace, View",,0.04,True,58.06,-83.63510132,150.0,Sevierville,62.96,-4.33,35.83670044,50513.51,52.22,"['1-2BR Cabin', 'Group 2', 'HA1', 'Katie', 'NotKnox', 'Pet', 'Safely', 'BlessedCleaningTyler', 'SCounty', '3-4BR', 'Scounty', '2BDR', 'hottub', 'OnB- 4/26/21', '8guest', 'Normal']",113.73,69.44
95.0,104.2,198.53,59656.7,2021-05-07,3.55,,-53.85,,84139,2.19,2026-01-03T03:46:32,0,1,186.83,2024-05-23,152.68,180.0,185.25,85791.36,-96.59,hostaway,2,,Cari Wilber 923 (SCounty) -- Take it Easy - Hot Tub & Community Pool,,-96.35,True,1.92,-83.52890015,,Gatlinburg,56.54,-0.85,35.7215004,2178.38,55.77,"['Group 2', 'HA1', 'NotKnox', 'Safely', 'SCounty', 'Summer', 'TendwellCleaning']",3.88,76.9
,0.0,0.0,0.0,,0.0,,0.0,,84247,0.0,2024-07-11T19:03:09,0,1,0.0,2024-05-23,0.0,145.0,0.0,0.0,0.0,hostaway,3,,Dylan Robinson 2520 (SH2) (KCounty) · Revived Schoolhouse near Downtown & UT Campus -- Revived Schoolhouse near Downtown & UT Campus,,0.0,True,0.0,-83.85099792,,Knoxville,0.0,0.0,36.03919983,0.0,0.0,[''],0.0,0.0
97.0,110.01,204.92,56835.2,2020-05-01,112.88,Knox All listing,-15.17,,84248,111.17,2026-09-02T12:53:49,1,1,205.78,2024-05-23,136.8,220.0,294.78,71576.25,2.61,hostaway,2,Knox 1-2BR,Carl Chadwell 116-206 (KCity) -- Historic Sterchi Loft on Gay St,,-0.23,True,38.29,-83.91999817,217.0,Knoxville,119.87,43.25,35.96849823,56707.26,53.46,"['1-2BR Condo', 'EasyBNBAmanda', 'Group 3', 'HA2', 'KCity', 'Regina', 'Safely', 'KnoxStaytion', 'SCounty', '1-2BR Cabin', '3-4BR', 'Group 1', 'Kyle', 'NotKnox', 'Knox', '2BDR', '8Guest', 'Key']",92.73,66.76
100.0,120.56,226.27,62965.59,2020-05-02,141.44,Knox All listing,-6.2,,84250,139.35,2026-09-03T16:48:49,1,1,228.43,2024-05-23,147.71,225.0,303.68,77965.17,17.32,hostaway,2,Knox 1-2BR,Dylan Robinson 116-203 (KCity) -- City Loft w/ View of Gay St,,18.24,True,46.58,-83.9197998,225.0,Knoxville,123.5,32.94,35.9681015,74451.04,52.78,"['1-2BR Condo', 'EasyBNBAmanda', 'Group 2', 'HA1', 'KCity', 'Safely', 'Summer', 'KnoxStaytion', 'SCounty', '1-2BR Cabin', '3-4BR', 'Group 1', 'HA2', 'Kyle', 'NotKnox', 'Knox', '2BDR', '8Guest', 'Key']",112.84,65.28
89.0,60.19,212.18,29999.48,2020-05-27,106.7,Knox All listing,27.42,,84251,95.26,2026-09-01T18:48:29,1,1,215.57,2024-05-23,71.33,129.0,192.79,36959.24,77.27,hostaway,3,Knox 3-4BR,Dylan Robinson 3115 (KCity) -- 1940's Bungalow near Downtown & UT Campus,,87.15,True,55.34,-83.9158004,132.0,Knoxville,74.63,-10.57,36.0049709,56143.62,27.92,"['EasyBNBAmanda', 'Group 2', 'HA2', 'KCity', 'Safely', 'Summer', 'KnoxStaytion', 'SCounty', '1-2BR Cabin', '3-4BR', 'Group 1', 'HA3', 'Kyle', 'NotKnox', 'Knox', '3BDR', '9Guest', 'Key']",127.63,33.62
80.0,65.36,127.41,32900.21,2020-05-21,43.78,Knox All listing,-15.61,,84252,49.13,2026-09-03T12:00:15,1,1,126.16,2024-05-23,82.13,135.0,120.96,41016.0,-33.02,hostaway,1,Knox 1-2BR,Kirk Kelso 116-102 (KCity) -- Modern Downtown Loft - 1 mile to UT,,-34.56,True,36.2,-83.91999817,132.0,Knoxville,57.67,-4.12,35.96849823,21529.45,51.81,"['1-2BR Condo', 'EasyBNBAmanda', 'Group 2', 'HA2', 'KCity', 'Regina', 'Safely', 'KnoxStaytion', 'Group 3', 'SCounty', '1-2BR Cabin', '3-4BR', 'Kyle', 'NotKnox', 'Knox', '1BDR', '6Guest', 'Junior']",85.2,64.46
,0.0,0.0,0.0,,0.0,,0.0,,84253,0.0,2024-07-12T21:40:30,0,1,0.0,2024-05-23,0.0,130.0,0.0,0.0,0.0,hostaway,3,,Dylan Robinson 2522 (SH1) (KCounty) · Restored Schoolhouse near Downtown & UT Campus -- Restored Schoolhouse near Downtown & UT Campus,,0.0,True,0.0,-83.85089874,,Knoxville,0.0,0.0,36.03939819,0.0,0.0,[''],0.0,0.0
100.0,103.05,196.96,58401.86,2020-05-11,130.16,Knox All listing,-6.85,,84254,128.19,2026-08-31T23:28:56,1,1,196.92,2024-05-23,135.44,185.0,286.19,77025.33,26.31,hostaway,2,Knox 1-2BR,Dylan Robinson 116-106 (KCity) -- Modern Loft w/ View,,16.96,True,45.48,-83.91999817,182.0,Knoxville,116.38,45.33,35.96849823,68309.52,52.33,"['1-2BR Condo', 'EasyBNBAmanda', 'Group 2', 'HA2', 'KCity', 'Safely', 'Summer', 'KnoxStaytion', 'SCounty', '1-2BR Cabin', '3-4BR', 'Group 1', 'Kyle', 'NotKnox', 'Knox', '2BDR', '7Guest', 'Key']",110.15,68.77
105.0,180.19,330.09,91945.56,2020-05-10,194.16,Knox All listing,-4.11,,84255,164.67,2026-09-05T20:08:48,1,1,349.83,2024-05-23,202.58,255.0,409.65,105273.62,7.75,hostaway,3,Knox 3-4BR,Brad Johnson 116-207 (KCity) -- Sunny Sterchi Loft w/ view,,4.82,True,47.4,-83.91999817,266.0,Knoxville,152.17,17.1,35.96860123,96374.35,51.51,"['EasyBNBAmanda', 'Group 3', 'HA2', 'KCity', 'Regina', 'Safely', 'KnoxStaytion', '3-4BR', 'SCounty', '1-2BR Cabin', 'Group 2', 'Kyle', 'NotKnox', 'Knox', '3BDR', '8Guest', 'Normal']",108.22,61.37
,0.0,0.0,0.0,2020-11-09,0.0,,0.0,,84256,0.0,2024-05-17T14:32:06,0,1,0.0,2024-05-23,0.0,160.0,0.0,0.0,0.0,hostaway,1,,Spike McCamy 116-202 (KCity) -- Sunny Gay St Lof,,0.0,True,0.0,-83.91999817,,Knoxville,0.0,0.0,35.96849823,0.0,0.0,"['1-2BR Condo', 'Blocked Calendar', 'HA2', 'KCity']",0.0,0.0
85.0,82.89,163.93,47076.57,2020-06-01,84.08,Knox All listing,-9.85,,84257,94.35,2026-09-01T01:39:56,1,1,164.43,2024-05-23,103.3,140.0,207.31,58195.45,1.44,hostaway,1,Knox 1-2BR,Dylan Robinson 116-204 (KCity) -- Sunny Loft w/ View of Gay St,,-11.36,True,40.56,-83.91999817,139.0,Knoxville,98.84,26.08,35.96849823,41726.53,50.41,"['1-2BR Condo', 'EasyBNBAmanda', 'Group 2', 'HA2', 'KCity', 'Safely', 'Summer', 'KnoxStaytion', 'SCounty', '1-2BR Cabin', '3-4BR', 'Group 1', 'Kyle', 'NotKnox', 'Knox', '1BDR', '6Guest', 'Key']",95.46,63.01
,0.0,0.0,0.0,2020-05-09,0.0,,0.0,,84258,0.0,2024-05-20T18:43:55,0,1,0.0,2024-05-23,0.0,210.0,0.0,0.0,0.0,hostaway,2,,Spike McCamy 141 (KCity) -- Cru Loft in the Heart of Downtown Knox,,0.0,True,0.0,-83.92009735,,Knoxville,0.0,0.0,35.9679985,0.0,0.0,"['1-2BR Condo', 'Blocked Calendar', 'HA2', 'KCity']",0.0,0.0
120.0,194.43,400.39,102867.95,2021-03-20,230.36,Knox All listing,3.27,,84259,167.71,2026-09-03T10:21:05,1,1,417.44,2024-05-23,213.9,270.0,462.1,113105.72,18.48,hostaway,4,Knox 3-4BR,Spike & Nadim 507 (KCity) -- Historic 1900's Townhome with a Modern Flair,,4.29,True,49.85,-83.92169952,271.0,Knoxville,159.67,10.7,35.97389984,107281.05,46.58,"['EasyBNBAmanda', 'Group 1', 'HA2', 'KCity', 'Regina', 'Safely', 'KnoxStaytion', '3-4BR', 'SCounty', '1-2BR Cabin', 'Group 2', 'Kyle', 'NotKnox', 'Knox', '4BDR', '9Guest', 'Key']",105.04,53.42
85.0,71.33,139.82,38918.2,2020-05-02,71.33,Knox All listing,-2.39,,84261,80.04,2026-09-03T02:09:20,1,1,143.48,2024-05-23,85.89,150.0,150.74,47373.92,0.0,hostaway,1,Knox 1-2BR,Sandra Hill 116-101 (KCity) -- Cozy Downtown Loft,,-10.1,True,47.32,-83.91999817,146.0,Knoxville,71.87,5.06,35.96849823,34987.1,49.71,"['1-2BR Condo', 'EasyBNBAmanda', 'Group 3', 'HA2', 'KCity', 'Regina', 'Safely', 'KnoxStaytion', 'SCounty', '1-2BR Cabin', '3-4BR', 'Kyle', 'NotKnox', 'Knox', '1BDR', '6Guest', 'Junior']",111.37,61.43
90.0,59.43,129.54,36653.95,2021-05-03,72.6,1-4BR Cabins / House,10.06,,84290,67.91,2026-08-29T04:14:17,1,1,119.52,2024-05-23,94.12,140.0,121.46,56449.35,22.16,hostaway,2,1-2 Bedroom Cabins,Michael Rohwer 2455 (SCounty) -- Cabin in the Woods w/ Hot Tub,,12.86,True,59.78,-83.6257019,140.0,Sevierville,58.25,1.62,35.79750061,41366.53,49.72,"['1-2BR Cabin', 'Group 3', 'HA1', 'Junior', 'Katie', 'NotKnox', 'Safely', 'SCounty', 'BlessedCleaningTyler', '3-4BR', 'Kyle', 'PF', '1BDR', '4guest', 'Hottub', 'Pooltable', 'OB 4/28/21']",116.6,72.65
,46.79,164.21,26209.11,2021-06-22,0.0,,-28.49,,84459,0.0,2025-05-19T21:14:13,0,1,164.21,2024-05-23,46.79,185.0,0.0,26209.11,-100.0,hostaway,2,,Gary Tabor 458 (SCity) -- Mary's Dream -  Mountain Views & More!,,-100.0,True,0.0,-83.58309937,,Sevierville,0.0,-100.0,35.86750031,0.0,28.49,"['1-2BR Cabin', 'Blocked Calendar', 'HA1', 'NotKnox', 'SCity']",0.0,28.49
159.0,0.0,0.0,0.0,,0.0,,0.0,,84743,0.0,,0,1,0.0,2024-05-23,0.0,295.0,0.0,0.0,0.0,hostaway,5,,"Heidi Schelton 247 (BC) · The Woodstock - Hot Tub, Fire Pit, Arcade & Grill -- The Woodstock - Hot Tub, Fire Pit, Arcade & Grill",,0.0,True,0.0,-83.76860046,,Townsend,0.0,0.0,35.66999817,0.0,0.0,"['Townsend', '5BDR', '14guest', 'hottub', 'OB6/11/21', 'Normal', 'Low 3-4BR']",0.0,0.0
85.0,59.01,125.19,37165.95,2021-06-07,43.07,1-4BR Cabins / House,-13.94,,85745,39.86,2026-09-02T22:59:51,1,1,116.42,2024-05-23,88.83,120.0,117.23,54122.8,-27.01,hostaway,1,1-2 Bedroom Cabins,David Holland 1645 (SCounty) -- Romantic Mountain Shanty - Hot Tub & Fireplace,,-34.78,True,36.74,-83.63710022,120.0,Sevierville,58.22,0.7,35.80619812,24237.94,50.68,"['1-2BR Cabin', 'Group 3', 'HA1', 'Katie', 'NotKnox', 'Safely', 'SCounty', 'BlessedCleaningTyler', 'Summer', '3-4BR', 'Blake', 'PF', '1BDR', '2Guest', 'hottub', 'OB6/10/21', 'Junior']",68.47,70.96
,1.31,119.5,1019.39,2021-07-01,0.0,,-1.1,,85795,0.0,2025-01-03T16:49:50,0,1,119.5,2024-05-23,1.31,180.0,0.0,1019.39,-100.0,hostaway,2,,Kirk Kumagai 2022 (PF) -- Ritz on the River w/ Hot Tub & Grill!,,-100.0,True,0.0,-83.63289642,,Pigeon Forge,0.0,-100.0,35.78680038,0.0,1.1,"['1-2BR Cabin', 'Blocked Calendar', 'HA1', 'NotKnox', 'PF']",0.0,1.1
90.0,79.36,145.34,48214.52,2021-07-02,85.17,1-4BR Cabins / House,5.04,,86231,90.05,2026-08-26T13:52:59,1,1,138.7,2024-05-23,102.54,160.0,136.8,61608.47,7.32,hostaway,2,1-2 Bedroom Cabins,Philip Graves 527 (PF) -- Bearly Out of Bounds w/ Fire Pit,,0.42,True,62.26,-83.53769684,157.0,Pigeon Forge,68.59,-1.37,35.78319931,48415.43,57.22,"['1-2BR Cabin', 'Group 2', 'HA1', 'Katie', 'NORMAL', 'NotKnox', 'PF', 'Safely', 'BlessedCleaningTyler', 'SCounty', '3-4BR', 'Andrew', '2BDR', '4guest', 'OB6/22/21', 'Normal']",131.29,70.56
105.0,152.55,280.42,80412.33,2021-07-01,159.45,1-4BR Cabins / House,6.03,,86393,111.72,2026-09-03T14:35:57,1,1,271.83,2024-05-23,213.45,250.0,256.54,110812.86,4.52,hostaway,3,3-4 Bedrooms,"Leigh Anne Chong 2021 (SCounty) -- Peaks of Blue - View, Hot Tub, Theater Room!",,12.37,True,62.15,-83.52410126,235.0,Sevierville,90.38,-5.62,35.81019974,90363.24,56.12,"['Group 2', 'HA1', 'NotKnox', 'Safely', 'SCounty', 'Summer', 'TendwellCleaning', 'BlessedCleaningTyler', '3-4BR', '1-2BR Cabin', 'PF', '3BDR', '10guest', 'theatre', 'gameroom', 'hottub', 'OB6/24/21', 'Normal', 'Low 3-4BR']",123.61,76.12
125.0,118.45,199.09,68080.57,2021-07-06,0.0,,-58.63,,86963,0.0,2025-10-21T15:14:52,0,1,202.03,2024-05-23,129.27,270.0,0.0,75453.33,-100.0,hostaway,2,,Adrian Smith 2220 (SCounty) -- Above It All - Sunrise/Sunset 360 View+Theater Room,,-100.0,True,0.0,-83.46790314,,Sevierville,0.0,-100.0,35.81090164,0.0,58.63,"['1-2BR Cabin', 'Group 1', 'HA1', 'Katie', 'Key', 'NotKnox', 'Safely', 'SCounty', 'BlessedCleaningTyler']",0.0,64.93
85.0,63.55,133.01,40996.31,2021-09-10,44.28,1-4BR Cabins / House,-16.71,,89008,31.68,2026-07-04T16:33:59,1,1,119.57,2024-05-23,90.01,130.0,121.51,56177.49,-30.32,hostaway,2,1-2 Bedroom Cabins,"Brad Spurgin 1410 (SCounty) -- Papa Bear - Private w/ Hot Tub, Pool Table, & View",,-32.37,True,36.44,-83.58609772,140.0,Sevierville,42.41,1.62,35.75989914,27726.35,53.15,"['1-2BR Cabin', 'Group 3', 'HA1', 'Pet', 'Regina', 'Safely', 'SCounty', 'BlessedCleaningTyler', '3-4BR', 'NotKnox', 'Summer', 'PF', '2BDR', '6Guest', 'hottub', 'OB8/24/21', 'Junior']",74.69,67.67
80.0,68.65,131.36,41676.33,2021-10-01,51.93,1-4BR Cabins / House,-12.88,,90024,58.37,2026-09-06T00:30:33,1,1,121.64,2024-05-23,97.53,150.0,119.2,58649.06,-24.36,hostaway,1,1-2 Bedroom Cabins,"Donnie Rath 748 (PF) -- Stairway to Heaven - Hot Tub, Pool, Prime Location!",,-25.54,True,43.56,-83.53990173,140.0,Pigeon Forge,66.15,-2.01,35.78839874,31030.44,56.44,"['1-2BR Cabin', 'Group 2', 'HA1', 'Junior', 'Katie', 'NotKnox', 'Pet', 'Safely', 'BlessedCleaningTyler', 'SCounty', '3-4BR', 'Blake', 'Group 3', 'Kyle', 'PF', '1BDR', '4Guest', 'Hottub', 'OB9/15/21', 'Community Pool', 'Community GameRoom']",88.23,74.25
100.0,118.1,295.44,74269.58,2021-09-24,63.84,1-4BR Cabins / House,-7.13,,90093,31.24,2026-09-05T12:57:42,1,1,272.81,2024-05-23,159.46,170.0,176.53,96838.16,-45.94,hostaway,4,3-4 Bedrooms,Leo Shum 4150 (SCounty) -- Copper Top - Stunning Views,,-42.15,True,36.16,-83.66349792,148.0,Sevierville,45.11,-35.29,35.69869995,42965.38,43.29,"['Group 1', 'HA1', 'NotKnox', 'Safely', 'SCounty', 'Summer', 'BlessedCleaningTyler', '3-4BR', '1-2BR Cabin', 'Andrew', 'Townsend', '4BDR', '14guest', 'hottub', 'indoor pool', 'View', 'Theater', 'OB-9/17/21', 'gameroom', 'Top', 'Low 3-4BR']",69.25,53.97
159.0,111.46,387.45,58768.89,2021-10-15,0.0,,-28.77,,90247,0.0,2025-07-01T23:39:13,0,1,387.45,2024-05-23,111.46,315.0,0.0,58768.89,-100.0,hostaway,5,,"Ed Zorn 1109 (JC) -- Lake It Inn - Lake View, Remote Work Space",,-100.0,True,0.0,-83.38510132,,Dandridge,0.0,-100.0,36.01729965,0.0,28.77,"['5-6BR', 'Blocked Calendar', 'HA1', 'JC', 'NotKnox']",0.0,28.77
105.0,132.36,317.05,75449.32,2021-09-24,149.8,1-4BR Cabins / House,12.6,,90258,73.37,2026-09-04T04:40:19,1,1,303.85,2024-05-23,185.02,270.0,266.72,104560.64,13.18,hostaway,4,3-4 Bedrooms,"Wah Shum 4160 (SCounty) -- Million Dollar View - Hot Tub, and Sauna!",,14.27,True,56.16,-83.66359711,258.0,Sevierville,68.13,-12.22,35.69779968,86218.31,43.56,"['Group 1', 'HA1', 'NotKnox', 'Safely', 'SCounty', 'Summer', 'BlessedCleaningTyler', '3-4BR', '1-2BR Cabin', 'Andrew', 'Townsend', '4BDR', '14 Guest', 'Hottub', 'Indoor Pool', 'Gameroom', 'Theatre', 'Sauna', 'OB 9/22/21', 'Top', 'Low 3-4BR']",107.69,58.36
80.0,69.58,138.34,41695.11,2021-10-13,63.45,1-4BR Cabins / House,-0.39,,90666,66.54,2026-09-06T01:39:57,1,1,132.28,2024-05-23,91.72,145.0,121.53,53359.72,-8.81,hostaway,1,1-2 Bedroom Cabins,"Stephen Su 641 (SCounty) -- Sweet Dreams - Romantic, Hot Tub",,-13.58,True,52.21,-83.59519958,123.0,Sevierville,63.43,-8.13,35.80220032,36032.76,52.6,"['1-2BR Cabin', 'Group 2', 'HA1', 'NotKnox', 'Safely', 'SCounty', 'Summer', 'BlessedCleaningTyler', 'Lily', '3-4BR', 'PF', '1BDR', '2Guest', 'Pool Table', 'hottub', 'OB10/1/21', 'Normal']",104.9,66.3
90.0,85.55,153.07,47030.77,2021-10-08,82.09,1-4BR Cabins / House,-0.83,,90930,85.91,2026-09-03T22:47:46,1,1,141.29,2024-05-23,125.82,140.0,137.46,67537.82,-4.04,hostaway,1,1-2 Bedroom Cabins,"Stephen Su 637 (SCounty) -- Peekaboo - Hot Tub, Pool Table, and Jacuzzi!",,-2.6,True,59.72,-83.59480286,140.0,Sevierville,71.37,-2.71,35.80189896,45808.01,60.55,"['1-2BR Cabin', 'Group 2', 'HA1', 'NotKnox', 'Safely', 'SCounty', 'Summer', 'BlessedCleaningTyler', 'Lily', '3-4BR', 'PF', '1BDR', '2Guest', 'Pool Table', 'hottub', 'OB10/1/21', 'Normal']",120.38,82.19
70.0,34.46,108.16,20088.12,2021-10-22,43.84,1-4BR Cabins / House,8.9,,91281,46.41,2026-09-04T15:14:10,1,1,101.34,2024-05-23,47.28,140.0,102.19,27848.04,27.22,hostaway,2,1-2 Bedroom Cabins,Lisa Collier 333 (BC) -- Beary Relaxing Cabin - Rustic w/ Outdoor Patio!,,35.75,True,42.9,-83.76059723,117.0,Townsend,54.1,0.84,35.66790009,27269.72,34.0,"['1-2BR Cabin', 'BC', 'Group 3', 'HA1', 'Junior', 'Katie', 'NotKnox', 'Safely', 'BlessedCleaningTyler', 'SCounty', '3-4BR', 'Andrew', 'Group 1', 'HA3', 'Townsend', '2BDR', '4guest', 'OB10/15/21', 'Key']",85.78,43.71
119.0,63.36,287.33,39934.25,2021-11-23,97.42,5-6 Bedrooms,17.26,,92158,34.03,2026-09-05T13:36:54,1,1,259.83,2024-05-23,92.89,270.0,233.94,58358.47,53.76,hostaway,5,,Ashley May 2935 (SCounty) -- Endless Mountain Views - Hot Tub & Fireplace!,,37.12,True,41.64,-83.68489838,275.0,Sevierville,42.15,-9.96,35.73809814,54758.65,24.38,"['5-6BR', 'Group 1', 'HA1', 'NotKnox', 'Safely', 'SCounty', 'Summer', 'BlessedCleaningTyler', '1-2BR Cabin', '3-4BR', 'WearsValley', '5BDR', '14Guest', 'gameroom', 'views', 'OB 11/1/21', 'Key']",80.73,32.33
85.0,68.61,159.67,42297.77,2021-12-03,44.08,1-4BR Cabins / House,-12.16,,92981,34.63,2026-08-29T22:48:43,1,1,142.73,2024-05-23,89.98,125.0,122.74,54239.3,-35.75,hostaway,3,3-4 Bedrooms,Mike Martin 2939 (SCounty) -- Front-Row Smoky Mountain Views - Chef's Kitchen,,-31.82,True,35.91,-83.60829926,122.0,Sevierville,47.2,-14.01,35.79499817,28837.08,48.07,"['Group 3', 'HA1', 'Junior', 'Katie', 'NotKnox', 'Safely', 'SCounty', 'BlessedCleaningTyler', '3-4BR', '1-2BR Cabin', 'PF', '3BDR', '7Guest', 'OB11/10/21', 'Low 3-4BR']",73.36,56.35
105.0,119.52,233.66,75645.46,2021-12-19,112.81,1-4BR Cabins / House,-3.29,,93319,45.99,2026-09-01T01:03:18,1,1,232.04,2024-05-23,136.36,175.0,233.96,86555.95,-5.61,hostaway,4,3-4 Bedrooms,"Brian Hopp 649 (GAT) -- City Hideaway - Hot Tub, Fireplace, Grill",,-7.96,True,48.22,-83.51329803,174.0,Gatlinburg,51.3,0.83,35.72340012,69626.0,51.51,"['GAT', 'Group 3', 'Katie', 'NotKnox', 'Pet', 'Safely', 'BlessedCleaningTyler', '3-4BR', 'SCounty', 'HA3', '1-2BR Cabin', 'Group 2', 'Kyle', '14Guest', 'OB11/16/21', 'hottub', '4BDR', 'Normal', 'Low 3-4BR']",89.66,58.36
87.0,73.01,153.7,43942.44,2021-12-10,4.57,,-43.55,,93418,4.25,2026-01-09T08:49:09,0,1,151.41,2024-05-23,101.48,165.0,97.82,60289.15,-93.74,hostaway,2,,"Tom Blohm 624 (PF) -- Robins Nest - WC Accessible, Views, Community Pool",,-93.48,True,4.67,-83.59130096,,Pigeon Forge,43.75,-35.39,35.80210114,2864.08,48.22,"['1-2BR Cabin', 'Group 3', 'HA1', 'Junior', 'Katie', 'NotKnox', 'PF', 'Safely']",9.71,66.03
90.0,70.92,130.89,41529.2,2021-11-23,75.81,1-4BR Cabins / House,-3.29,,93532,66.72,2026-09-04T22:37:04,1,1,125.66,2024-05-23,97.18,135.0,142.63,57942.35,6.9,hostaway,3,3-4 Bedrooms,Brian Hopp 7646 (BC) -- Evergreen Getaway - Fire Pit and Wood Fireplace!,,11.47,True,53.15,-83.75849915,129.0,Townsend,60.73,13.5,35.67520142,46293.89,56.44,"['BC', 'Group 2', 'HA1', 'Junior', 'Katie', 'NotKnox', 'Pet', 'TendwellCleaning', 'BlessedCleaningTyler', '3-4BR', 'SCounty', 'HA3', '1-2BR Cabin', 'Kyle', 'Townsend', '3BDR', '6Guest', 'OB 11/18/21', 'Normal', 'High 3-4BR']",109.86,74.25
95.0,105.37,170.23,60784.49,2021-12-26,46.41,1-4BR Cabins / House,-37.29,,94054,38.83,2026-05-03T21:35:22,0,1,159.59,2024-05-23,135.9,180.0,161.54,75659.94,-55.96,hostaway,1,1-2 Bedroom Cabins,"Kirk Kumagai 1012 (SCounty) -- Constellation Station - View, Hot Tub, Fireplace!",,-57.58,True,28.73,-83.46510315,167.0,Gatlinburg,73.01,1.22,35.7507019,25784.42,66.02,"['1-2BR Cabin', 'Group 2', 'HA1', 'NotKnox', 'Safely', 'SCounty', 'Summer', 'BlessedCleaningTyler', '3-4BR', 'Blake', 'Gat', '1BDR', '4guest', 'hottub', 'view', 'OB11/29/21', 'Normal']",53.18,79.83
130.0,245.61,384.33,140086.62,2021-12-08,242.72,1-4BR Cabins / House,1.1,,94762,88.52,2026-08-31T23:25:27,1,1,389.78,2024-05-23,287.46,300.0,378.6,165760.5,-1.18,hostaway,4,3-4 Bedrooms,"Cheryl Draper 723 (SCounty) -- Sky Ridge - Mt View, WC Accessible, & Swim Spa!",,-3.81,True,64.11,-83.53050232,300.0,Gatlinburg,75.82,-2.87,35.72200012,134746.47,63.01,"['Group 1', 'HA1', 'NotKnox', 'Safely', 'SCounty', 'Summer', 'BlessedCleaningTyler', '3-4BR', '1-2BR Cabin', 'Gat', '4BDR', '12Guest', 'View', 'hottub', 'games', 'Swim_Spa', 'OB12812', 'Top', 'High 3-4BR']",116.75,74.79
80.0,115.11,185.01,60128.3,2021-12-24,86.1,Knox All listing,-15.78,,95208,96.61,2026-09-06T14:25:59,1,1,187.89,2024-05-23,139.27,165.0,189.32,72661.89,-25.2,hostaway,1,Knox 1-2BR,Leigh Burch 116-108 (KCity) -- Sterchi Lofts Getaway - Downtown Knoxville,,-22.86,True,45.48,-83.91999817,163.0,Knoxville,90.26,0.76,35.96849823,46384.48,61.26,"['1-2BR Condo', 'EasyBNBAmanda', 'Group 2', 'HA2', 'KCity', 'Regina', 'Safely', 'KnoxStaytion', 'SCounty', '1-2BR Cabin', '3-4BR', 'Kyle', 'leigh', 'NotKnox', 'Knox', '1BDR', '8Guest', 'Normal']",107.04,75.27
88.0,82.97,233.36,45393.26,2021-12-24,84.16,Knox All listing,-6.4,,95211,82.56,2026-08-28T17:00:28,1,1,237.81,2024-05-23,94.24,140.0,295.38,51318.54,1.43,hostaway,2,Knox 1-2BR,Karim Boghani 118-4 (KCity) -- Unique Old City Loft - Minutes from Market Square,,-6.14,True,28.49,-83.91790009,137.0,Knoxville,120.43,24.21,35.97079849,42607.64,34.89,"['EasyBNBAmanda', 'Group 1', 'KCity', 'Regina', 'Safely', 'KnoxStaytion', 'SCounty', 'HA3', '1-2BR Cabin', '1-2BR Condo', '3-4BR', 'Group 2', 'Kyle', 'NotKnox', 'Knox', '2BDR', '8Guest', 'Normal']",68.55,40.38
98.0,98.94,229.54,53144.99,2021-12-26,93.24,Knox All listing,-19.73,,95292,79.53,2026-08-17T02:10:15,1,1,225.7,2024-05-23,122.0,175.0,386.73,65452.76,-5.76,hostaway,3,Knox 3-4BR,Karim Boghani 112-3 (KCity) -- Elegant Old City Loft - Downtown,,-10.54,True,24.11,-83.91799927,172.0,Knoxville,144.71,71.35,35.97069931,47542.03,43.84,"['EasyBNBAmanda', 'Group 1', 'KCity', 'Regina', 'Safely', 'KnoxStaytion', '3-4BR', 'SCounty', 'HA3', '1-2BR Cabin', 'Group 2', 'Kyle', 'NotKnox', 'Knox', '3BDR', '8Guest', 'Normal']",54.96,53.15
89.0,72.0,197.4,42008.75,2022-03-17,26.59,Knox All listing,-29.32,,95305,26.09,2026-09-05T00:18:37,1,1,190.42,2024-05-23,99.51,140.0,313.02,56931.46,-63.07,hostaway,2,Knox 1-2BR,Karim Boghani 118-2 (KCity) -- Spacious Old City Loft,,-66.67,True,8.49,-83.91790009,130.0,Knoxville,127.62,64.38,35.97079849,14001.52,37.81,"['1-2BR Condo', 'EasyBNBAmanda', 'Group 1', 'HA2', 'KCity', 'Regina', 'Safely', 'KnoxStaytion', 'SCounty', '1-2BR Cabin', '3-4BR', 'Group 2', 'Kyle', 'NotKnox', 'Knox', '2BDR', '8Guest', 'Normal']",20.43,50.41
89.0,38.58,157.54,17348.48,2021-12-24,7.01,Knox All listing,-20.55,,95422,7.87,2026-09-01T02:37:00,1,1,160.04,2024-05-23,47.91,150.0,196.8,22187.94,-81.83,hostaway,1,Knox 1-2BR,Karim Boghani 118-1 (KCity) -- Modern Old City Loft - Downtown Knoxville,,-80.28,True,3.56,-83.91790009,150.0,Knoxville,94.18,22.97,35.97079849,3420.72,24.11,"['1-2BR Condo', 'EasyBNBAmanda', 'Group 1', 'HA2', 'KCity', 'Regina', 'Safely', 'KnoxStaytion', 'SCounty', '1-2BR Cabin', '3-4BR', 'Group 2', 'Kyle', 'NotKnox', 'Knox', '1BDR', '6Guest', 'Normal']",8.35,30.41
90.0,103.83,233.02,58711.76,2021-12-24,109.01,Knox All listing,-8.86,,95464,106.94,2026-08-14T14:56:15,1,1,234.92,2024-05-23,131.96,195.0,308.45,72638.18,4.99,hostaway,2,Knox 1-2BR,Karim Boghani 118-3 (KCity) -- Heart of the Old City - Minutes from Market Square,,-4.4,True,35.34,-83.91790009,192.0,Knoxville,125.76,31.3,35.97079849,56130.89,44.2,"['1-2BR Condo', 'EasyBNBAmanda', 'Group 1', 'HA2', 'KCity', 'Regina', 'Safely', 'KnoxStaytion', 'SCounty', '1-2BR Cabin', '3-4BR', 'Group 2', 'Kyle', 'NotKnox', 'Knox', '2BDR', '10Guest', 'Normal']",85.03,56.63
99.0,28.69,232.74,15514.32,2022-03-15,0.0,,-12.33,,95465,0.0,2025-04-27T22:44:32,0,1,232.74,2024-05-23,28.69,200.0,0.0,15514.32,-100.0,hostaway,2,,Karim Boghani 110-1 (KCity) -- Cozy Old City Loft - Minutes from Market Square,,-100.0,True,0.0,-83.91809845,,Knoxville,0.0,-100.0,35.97060013,0.0,12.33,"['Blocked Calendar', 'HA2', 'KCity', 'KnoxStaytion', 'HA3', 'SCounty', '1-2BR Cabin', '1-2BR Condo', '3-4BR', 'EasyBNBAmanda', 'Group 2', 'Kyle', 'NotKnox']",0.0,12.33
99.0,23.64,187.61,12473.62,2021-12-24,0.0,,-12.6,,95675,0.0,2025-04-20T03:15:30,0,1,187.61,2024-05-23,23.64,190.0,0.0,12473.62,-100.0,hostaway,2,,Karim Boghani 110-2 (KCity) -- Bright Old City Loft,,-100.0,True,0.0,-83.91799927,,Knoxville,0.0,-100.0,35.97060013,0.0,12.6,"['Blocked Calendar', 'HA2', 'KCity', 'KnoxStaytion', 'HA3', 'SCounty', '1-2BR Cabin', '1-2BR Condo', '3-4BR', 'EasyBNBAmanda', 'Group 2', 'Kyle', 'NotKnox']",0.0,12.6
119.0,45.83,142.67,24926.55,2022-01-15,51.36,1-4 BR with MINIMUM REQUESTS,2.85,,96375,54.98,2026-09-04T17:08:38,1,1,135.21,2024-05-23,60.74,130.0,139.8,33265.02,12.07,hostaway,2,1-2 Bedroom Condos,Donnie Riddle 223-203 (BC) -- Abrams Retreat at Cades Cove w/ Mountain Views!,,8.63,True,36.74,-83.76989746,128.0,Townsend,74.41,3.39,35.67660141,27076.88,33.89,"['1-2BR Condo', 'BC', 'Group 2', 'HA1', 'Junior', 'Katie', 'Safely', 'BlessedCleaningTyler', 'SCounty', '1-2BR Cabin', '3-4BR', 'Blake', 'Group 3', 'Kyle', 'NotKnox', 'Townsend Condo', 'Townsend', '2BDR', '6Guest', 'Community outdoor pool', 'OB1/2/22', 'min rate', 'min LOS']",73.89,42.58
105.0,115.98,224.5,68535.73,2022-01-15,121.38,1-4BR Cabins / House,-1.37,,96720,73.61,2026-09-05T01:18:50,1,1,208.54,2024-05-23,166.68,235.0,223.75,98432.57,4.66,hostaway,3,3-4 Bedrooms,"Brendan Smith 4386 (SCounty) -- BellaYani-Pet Friendly, Hot Tub, Views, Games",,-2.28,True,54.25,-83.67469788,245.0,Sevierville,71.34,7.29,35.73329926,66971.01,55.62,"['Group 2', 'HA1', 'NotKnox', 'Pet', 'Safely', 'SCounty', 'Summer', 'TendwellCleaning', 'BlessedCleaningTyler', '3-4BR', '1-2BR Cabin', 'Wears Valley', '3BDR', '12 Guest', 'hottub', 'jacuzzi', 'gameroom', 'OB1/4/22', 'Normal', 'Med 3-4BR']",103.2,74.25
,104.52,300.37,61341.11,2022-03-04,1.52,,-36.72,,99129,0.51,2025-12-19T00:48:35,0,1,282.58,2024-05-23,126.73,275.0,554.5,75408.33,-98.55,hostaway,6,,Ramsey Hanna 1804 (SCounty) -- Family Mountain Lodge - Arcade Games & Hot Tub,,-98.71,True,0.27,-83.45220184,,Sevierville,96.43,96.23,35.84370041,790.06,36.99,"['5-6BR', 'Group 1', 'Katie', 'Key', 'NotKnox', 'Safely', 'SCounty', 'BlessedCleaningTyler']",0.52,42.19
,6.92,168.48,5691.54,2022-05-03,0.0,,-4.11,,99669,0.0,2025-02-06T02:32:46,0,1,168.48,2024-05-23,6.92,310.0,0.0,5691.54,-100.0,hostaway,4,,Lily Phillips 305 (PF) -- Swimming Bears Lodge 1 - Indoor Pool & Hot Tub!,,-100.0,True,0.0,-83.55000305,,Pigeon Forge,0.0,-100.0,35.77799988,0.0,4.11,"['Blocked Calendar', 'HA1', 'NotKnox', 'PF', '3-4BR', 'HA3', 'SCounty', '1-2BR Cabin', 'FleurishAlicia', 'Group 1', 'Summer']",0.0,4.11
,7.96,207.5,6123.83,2022-05-05,0.0,,-3.84,,99671,0.0,2025-02-07T22:55:49,0,1,207.5,2024-05-23,7.96,310.0,0.0,6123.83,-100.0,hostaway,4,,"Lily Phillips 308 (PF) -- Swimming Bears Lodge 2 - Pool, Hot Tub, & Theater!",,-100.0,True,0.0,-83.55000305,,Pigeon Forge,0.0,-100.0,35.77809906,0.0,3.84,"['Blocked Calendar', 'HA2', 'NotKnox', 'PF', '3-4BR', 'HA3', 'SCounty', '1-2BR Cabin', 'FleurishAlicia', 'Group 1', 'HA1', 'Summer']",0.0,3.84
,6.35,231.63,3557.16,2022-05-06,0.0,,-2.74,,99867,0.0,2025-01-17T17:56:32,0,1,231.63,2024-05-23,6.35,175.0,0.0,3557.16,-100.0,hostaway,3,,Lily Phillips 1130 (SCounty) -- Laketown Bears - Pool Table & Hot Tub!,,-100.0,True,0.0,-83.48010254,,Sevierville,0.0,-100.0,35.92890167,0.0,2.74,"['Blocked Calendar', 'HA1', 'NotKnox', 'SCounty']",0.0,2.74
