Min Price,PMS Name,Longitude,Max Price,Occupancy Benchmark Completion %,Bedroom Count,Rental Revenue,Group Name,City,Rental Revenue Benchmark Difference,RevPar,Average Market RevPar,Num Booked Pickup 7,Base Price,Sync ON/OFF,Num Booked Pickup 3,First Reservation Date,Rental Revenue Benchmark Completion %,Listing ID,Num Booked Pickup 14,Listing Name,Last Booked date,Latitude,Rental Revenue Benchmark,IS PARENT,First Sync Date,Tag,Occupancy,Occupancy Benchmark,Sub Group Name,Base Price Recommendation,Unit Count,Property Name
90.0,hostaway,-83.49700165,,,1,0.0,1-4BR Cabins / House,Gatlinburg,,0.0,90.588393,0,180.0,1,0,2022-03-09,,100830,0,"Wayne Flatt 536 (GAT) -- Whisk-A-Way - Hot Tub, Pool Table & Jacuzzi!",2026-04-27T22:39:07,35.70930099,,True,2024-05-23,"['1-2BR Cabin', 'GAT', 'Group 3', 'HA1', 'Junior', 'Katie', 'Safely', 'BlessedCleaningTyler', 'SCounty', '3-4BR', 'Blake', 'Group 2', 'NotKnox', '1BDR', '4Guest', 'hottub', 'OB2/18/22']",0.0,,1-2 Bedroom Cabins,180.0,1,
105.0,hostaway,-83.3302002,,,4,3128.4,1-4 BR with MINIMUM REQUESTS,Dandridge,,104.28,147.083134,5,190.0,1,5,2022-03-08,,101822,5,"Erin Thrasher 379 (JC) -- The Lookout - Lake View w/Access, Hot Tub & Grill!",2026-09-06T09:25:27,35.97280121,,True,2024-05-23,"['Group 3', 'HA1', 'JC', 'Junior', 'Safely', 'Summer', 'BlessedCleaningTyler', 'Lily', '3-4BR', 'SCounty', '1-2BR Cabin', 'Blake', 'NotKnox', 'Dandridge', '4BDR', '8guest', 'view', 'dock', 'OB3/1/22', 'min rate']",40.0,,,181.0,1,
100.0,hostaway,-83.5816924,,,2,1645.37,1-4 BR with MINIMUM REQUESTS,Pigeon Forge,,54.85,86.9128,0,125.0,1,0,2022-04-09,,101823,2,"Sue Landis 410-3002 (PF) -- A View to Remember - Mountain Views, Resort Pools!",2026-08-23T20:24:33,35.8018593,,True,2024-05-23,"['1-2BR Condo', 'Group 3', 'HA1', 'Junior', 'Lily', 'NotKnox', 'PF', 'Safely', 'BlessedCleaningTyler', 'SCounty', '1-2BR Cabin', '3-4BR', 'Summer', '2BDR', '6Guest', 'Indoor Community pool', 'outdoor community pool', 'community gameroom', 'Community Fitness Center', 'OB3/1/22', 'min rate']",46.67,,1-2 Bedroom Condos,128.0,1,
110.0,hostaway,-83.91999817,,,2,4511.19,Knox All listing,Knoxville,,150.37,140.58374,1,230.0,1,0,2022-03-11,,102072,3,Leigh Burch 116-103 (KCity) -- Urban Sterchi Lofts - Downtown Knoxville,2026-09-02T13:02:23,35.96849823,,True,2024-05-23,"['1-2BR Condo', 'EasyBNBAmanda', 'Group 2', 'HA1', 'KCity', 'Regina', 'Safely', 'KnoxStaytion', 'SCounty', '1-2BR Cabin', '3-4BR', 'Kyle', 'leigh', 'NotKnox', 'Knox', '2BDR', '4Guest', 'OB3/4/22', 'Normal']",23.33,,Knox 1-2BR,228.0,1,
95.0,hostaway,-83.53910065,,,3,2242.48,1-4BR Cabins / House,Pigeon Forge,,74.75,115.02113,0,150.0,1,0,2022-04-01,,104542,0,Terry Reeves 830 (PF) -- Higher Ground Condo w/ Mountain & Golf View,2026-09-06T00:51:33,35.78789902,,True,2024-05-23,"['Group 3', 'HA1', 'Junior', 'Katie', 'NotKnox', 'PF', 'Safely', 'TendwellCleaning', 'BlessedCleaningTyler', '3-4BR', 'SCounty', '1-2BR Cabin', 'Blake', 'Kyle', 'Community Indoor/outdoor Pool', 'Condo', 'OB3/30/22']",60.0,,3-4 Bedrooms,150.0,1,
80.0,hostaway,-83.58159637,,,2,1918.08,1-4BR Cabins / House,Pigeon Forge,,63.94,86.771412,0,130.0,1,0,2022-04-14,,105239,3,Vicki Allbert 410-2003 (PF) -- The Bear Paw Palace - Mtn View & Community Pools!,2026-09-05T22:23:59,35.80189896,,True,2024-05-23,"['1-2BR Condo', 'Group 3', 'HA1', 'Junior', 'Katie', 'NotKnox', 'PF', 'Safely', 'BlessedCleaningTyler', 'SCounty', '1-2BR Cabin', '3-4BR', 'Blake', 'Kyle', '2BDR', '6guest', 'Community indoor pool', 'Community outdoor Pool', 'OB4/5/22']",63.33,,1-2 Bedroom Condos,116.0,1,
95.0,hostaway,-83.56739807,,,2,2134.33,1-4BR Cabins / House,Pigeon Forge,,71.14,88.53635,0,170.0,1,0,2022-05-06,,106774,0,"Stephen Fu 225 (PF) -- Bear Hugs - Hot Tub, 2 Fire Pits, Fireplace!",2026-09-03T20:13:19,35.81439972,,True,2024-05-23,"['1-2BR Cabin', 'Group 2', 'HA1', 'NotKnox', 'PF', 'Safely', 'Summer', 'BlessedCleaningTyler', 'Lily', 'SCounty', '3-4BR', 'Group 1', '2bdr', '8guest', 'hottub', 'Community Pool', 'OB4/18/22', 'Normal']",43.33,,1-2 Bedroom Cabins,173.0,1,
95.0,hostaway,-83.49490356,,,3,1838.57,1-4BR Cabins / House,Sevierville,,61.29,109.87961600000001,0,135.0,1,0,2022-04-30,,107045,5,"Rob Hart 1141 (SCounty) -- The Hartland - Hot Tub, Jacuzzi, Arcade Game, Fireplace!",2026-09-06T02:12:42,35.75889969,,True,2024-05-23,"['Group 3', 'HA1', 'Lily', 'NotKnox', 'Safely', 'SCounty', 'BlessedCleaningTyler', 'Summer', '3-4BR', '1-2BR Cabin', 'Group 2', 'PF', 'McCookville', '3BDR', '8guest', 'hottub', 'OB4/20/22', 'Junior', 'Low 3-4BR']",60.0,,3-4 Bedrooms,135.0,1,
75.0,hostaway,-83.58360291,,,2,3096.33,1-4BR Cabins / House,Sevierville,,103.21,68.50262200000002,2,135.0,1,0,2022-05-27,,109599,2,Brian Albaum 442 (SCity) -- Fishin' N Wishin'- Pet Friendly + HotTub!,2026-09-01T01:58:08,35.8606987,,True,2024-05-23,"['1-2BR Cabin', 'Group 1', 'HA1', 'Katie', 'NotKnox', 'Pet', 'Safely', 'SCity', 'TendwellCleaning', 'Summer', 'OglesCleaningTrenton', 'SCounty', '3-4BR', 'Group 2', 'Sevierville', '2BDR', '5Guest', 'Hottub', 'Pond', 'OB5/11/22', 'Normal']",83.33,,1-2 Bedroom Cabins,137.0,1,
100.0,hostaway,-83.59049988,,,3,0.0,1-4BR Cabins / House,Sevierville,,0.0,119.70289000000001,0,210.0,1,0,2022-06-13,,111312,0,"Jay Hwang 936 (SCounty) -- Smokies Sunset: MTN Views, Hot Tub, Games & MORE!",2026-01-20T21:41:22,35.78099823,,True,2024-05-23,"['Group 1', 'HA1', 'NotKnox', 'Safely', 'SCounty', 'Summer', 'BlessedCleaningTyler', '3-4BR', '1-2BR Cabin', 'PF', '3bdr', '8guest', 'hottub', 'OB5/27/22', 'Top', 'Med 3-4BR']",0.0,,3-4 Bedrooms,207.0,1,
80.0,hostaway,-83.77059937,,,2,2722.1,1-4BR Cabins / House,Townsend,,90.74,94.91548800000001,2,130.0,1,0,2022-06-05,,111417,2,Barbara Dorr 229-203 (BC) -- Charming Cades Cove Condo - Community Amenities!,2026-08-30T18:47:04,35.67689896,,True,2024-05-23,"['1-2BR Condo', 'BC', 'Group 3', 'HA1', 'Junior', 'Katie', 'NotKnox', 'Safely', 'BlessedCleaningTyler', 'SCounty', '1-2BR Cabin', '3-4BR', 'Blake', 'Kyle', 'Townsend Condo', 'Townsend', 'condo', '2bdr', '6guest', 'OB5/27/22']",66.67,,1-2 Bedroom Condos,128.0,1,
95.0,hostaway,-83.58920288,,,3,3725.37,1-4BR Cabins / House,Sevierville,,124.18,119.55439199999999,1,220.0,1,0,2022-06-10,,111957,7,"Jay Hwang 920 (SCounty) -- Falcon's Lodge - Mtn View, Hot Tub, & Pool Table!",2026-09-02T21:39:02,35.78070068,,True,2024-05-23,"['Group 1', 'HA1', 'NotKnox', 'Pet', 'Safely', 'SCounty', 'Summer', 'BlessedCleaningTyler', '3-4BR', '1-2BR Cabin', 'PF', '3BDR', '8guest', 'hottub', 'view', 'OB6/3/22', 'Top', 'Med 3-4BR']",70.0,,3-4 Bedrooms,220.0,1,
60.0,hostaway,-83.44979858,,,1,1163.6,1-4BR Cabins / House,Sevierville,,38.79,76.500326,2,100.0,1,0,2022-08-04,,113415,2,"Lewis Anderson 2691 (SCounty) -- Sevierville Tiny Home w/ Hot Tub, Fire Pit & Grill",2026-08-30T18:25:21,35.91350174,,True,2024-05-23,"['1-2BR Cabin', 'Group 3', 'HA1', 'Junior', 'Katie', 'NotKnox', 'Safely', 'SCounty', 'BlessedCleaningTyler', '3-4BR', 'Blake', 'Dandridge', 'tinyhome', 'hottub', '1bdr', '4guest', 'OB6/16/22']",46.67,,1-2 Bedroom Cabins,90.0,1,
95.0,hostaway,-83.83699799,,,4,2252.0,1-4BR Cabins / House,Walland,,75.07,153.003282,2,150.0,1,0,2022-06-30,,113999,2,"Gregg VanHorn 4783 (BC) -- Quietside Cabin- Grill, Fire Pit, Fireplace!",2026-09-01T00:59:38,35.73910141,,True,2024-05-23,"['BC', 'EasyBNBAmanda', 'Group 2', 'HA1', 'Junior', 'Katie', 'Safely', '3-4BR', 'SCounty', '1-2BR Cabin', 'NotKnox', 'Summer', 'Townsend', 'Melrose', 'theater', '4bdr', '15guest', 'OB6/23/22', 'High 3-4BR']",36.67,,3-4 Bedrooms,134.0,1,
100.0,hostaway,-83.54989624,,,4,2093.19,1-4BR Cabins / House,Gatlinburg,,69.77,121.32815000000001,0,180.0,1,0,2022-08-05,,114919,7,"Stephen Fu 2107 (GAT) -- Serenity View- FirePit, Game Room, Community Pools",2026-09-01T12:01:15,35.70439911,,True,2024-05-23,"['GAT', 'Group 2', 'HA1', 'NotKnox', 'Safely', 'Summer', 'BlessedCleaningTyler', 'SCounty', '1-2BR Cabin', '3-4BR', 'Group 1', '4BDR', '14Guest', 'hottub', 'gameroom', 'OB7/1/22', 'Normal', 'Low 3-4BR']",43.33,,3-4 Bedrooms,177.0,1,
80.0,hostaway,-83.6521635,,,3,3275.0,1-4BR Cabins / House,Sevierville,,109.17,128.268855,0,125.0,1,0,2022-08-20,,118217,0,Brian Hopp 3163 (SCounty) -- Hopp On Inn - Secluded 3BR Home!,2026-09-02T22:38:57,35.7182217,,True,2024-05-23,"['Group 3', 'Junior', 'Katie', 'Pet', 'Safely', 'SCounty', 'BlessedCleaningTyler', '3-4BR', 'HA3', '1-2BR Cabin', 'Group 2', 'Kyle', 'NotKnox', '3bdr', 'dandridge', '7guest', 'OB8/9/22', 'Normal']",100.0,,3-4 Bedrooms,115.0,1,
100.0,hostaway,-83.59799957,,,3,3637.0,1-4BR Cabins / House,Pigeon Forge,,121.23,101.257067,3,180.0,1,0,2022-09-23,,122798,3,"Larry Burton 725 (SCounty) -- Forest Home - Hot Tub, Fire Pit & Pool Table!",2026-09-03T19:58:08,35.80289841,,True,2024-05-23,"['Group 3', 'HA1', 'Junior', 'Lily', 'NotKnox', 'Safely', 'SCounty', 'TendwellCleaning', 'FleurishAlicia', '3-4BR', '1-2BR Cabin', 'Blake', 'Feedback', 'PF', '3BDR', '9guest', 'hottub', 'gameroom', 'OB9/15/22', 'Med 3-4BR']",83.33,,3-4 Bedrooms,163.0,1,
100.0,hostaway,-83.67630005,,,3,6004.12,1-4BR Cabins / House,Sevierville,,200.14,137.515514,0,180.0,1,0,2022-10-20,,122943,0,"Jana Baumann 2613 (SCounty) -- Honey Bear Hollow - Hot Tub, Fire Place, Game Room",2026-08-26T13:48:00,35.72639847,,True,2024-05-23,"['Group 1', 'HA1', 'Katie', 'NotKnox', 'Pet', 'Safely', 'SCounty', 'TendwellCleaning', 'Summer', '3-4BR', '1-2BR Cabin', 'Group 2', 'MagicleanAnya', 'PF', 'Wears Valley', '3BDR', '6Guest', 'View', 'Hottub', 'OB9/14/22', 'Junior', 'High 3-4BR']",96.67,,3-4 Bedrooms,181.0,1,
95.0,hostaway,-83.50350189,,,3,3277.28,1-4BR Cabins / House,Pigeon Forge,,109.24,107.633454,8,210.0,1,6,2022-10-09,,125166,8,Eric Adams 814 (SCounty) -- Pet-friendly Rustic Cabin w/ Game Room and Deck,2026-09-06T14:26:02,35.75699997,,True,2024-05-23,"['Group 2', 'HA1', 'NotKnox', 'Pet', 'Regina', 'Safely', 'SCounty', 'BlessedCleaningTyler', '3-4BR', '1-2BR Cabin', 'Blake', 'Feedback', 'Kyle', 'PF', 'McCookville', '3BDR', '8Guest', 'hottub', 'OB9/29/22', 'Normal', 'Low 3-4BR']",63.33,,3-4 Bedrooms,215.0,1,
100.0,hostaway,-83.5217006,,,2,3235.85,1-4BR Cabins / House,Sevierville,,119.85,114.64150900000001,6,250.0,1,0,2023-04-25,,130957,6,Joey Henshaw 2420 (SCounty) -- A Shining Starr - Beautiful MTN Views & Hot Tub!,2026-09-01T21:51:03,35.7935223,,True,2024-05-23,"['1-2BR Cabin', 'Group 2', 'HA4', 'Katie', 'NORMAL', 'NotKnox', 'Safely', 'SCounty', 'BlessedCleaningTyler', '3-4BR', 'Kyle', 'PF', '2bdr', '8guest', 'view', 'hottub', 'OB11/9/22', 'Normal']",51.85,,1-2 Bedroom Cabins,250.0,1,
80.0,hostaway,-83.55809784,,,2,1263.7,1-4BR Cabins / House,Pigeon Forge,,42.12,81.50625,2,125.0,1,0,2022-12-16,,133425,4,"Mary Bierds 3215-503 (PF) -- Dolly Dreams - Fireplace, Minutes to Dollywood!",2026-09-01T22:46:01,35.79339981,,True,2024-05-23,"['1-2BR Condo', 'Group 3', 'HA1', 'Junior', 'Lily', 'NotKnox', 'PF', 'Safely', 'BlessedCleaningTyler', 'SCounty', '1-2BR Cabin', '3-4BR', 'Summer', '2BDR', '6guest', 'Community', 'OB12/2/22']",30.0,,1-2 Bedroom Condos,122.0,1,
110.0,hostaway,-83.5515989,,,4,0.0,1-4BR Cabins / House,Pigeon Forge,,0.0,148.049373,0,305.0,1,0,2023-03-10,,139943,0,"Dylan Robinson 3738 (PF) -- Modern Cabin w/ Indoor Pool, MTN View, & Game Room",2026-07-19T02:00:37,35.7786696,,True,2024-05-23,"['Group 1', 'HA4', 'NotKnox', 'Pet', 'PF', 'Safely', 'Summer', 'BlessedCleaningTyler', '3-4BR', 'SCounty', '1-2BR Cabin', '4BDR', '14guest', 'hottub', 'indoor pool', 'ganeroom', 'OB02/22/23', 'Key', 'Low 3-4BR']",0.0,,3-4 Bedrooms,328.0,1,
110.0,hostaway,-83.3503734,,,4,4583.17,1-4 BR with MINIMUM REQUESTS,Sevierville,,183.33,144.71885999999998,3,340.0,1,3,2023-03-08,,141714,3,"Chris Elkendier 1622 (SCounty) -- 3 Pines Lodges: Luxury, Mountain View, & Hot Tub!",2026-09-05T22:25:44,35.868823,,True,2024-05-23,"['Group 1', 'HA1', 'NotKnox', 'Safely', 'SCounty', 'Summer', 'TendwellCleaning', 'BlessedCleaningTyler', '3-4BR', '1-2BR Cabin', 'Andrew', 'Servierville', '4bdr', '12guest', 'hottub', 'gameroom', 'view', 'OB1/18/23', 'Top', 'Med 3-4BR', 'min LOS']",64.0,,,327.0,1,
90.0,hostaway,-83.56077325,,,2,3107.64,1-4BR Cabins / House,Sevierville,,103.59,65.99426100000001,6,140.0,1,0,2023-02-02,,142112,6,Ashley May 1619 (SCounty) -- Home Sweet Hideaway - Retreat Near Pigeon Forge!,2026-09-06T02:29:19,35.82864425,,True,2024-05-23,"['1-2BR Cabin', 'Group 1', 'HA1', 'NotKnox', 'Safely', 'SCounty', 'Summer', 'TendwellCleaning', 'FleurishAlicia', '3-4BR', '2BDR', '8guest', 'hottub', 'pooltable', 'OB1/23/23', 'Sevierville', 'Key']",76.67,,1-2 Bedroom Cabins,139.0,1,
105.0,hostaway,-83.9358656,,,2,3318.33,Knox All listing,Knoxville,,110.61,119.37820999999998,6,180.0,1,2,2023-02-10,,142770,9,Hali Hoag 435 (KCity) -- Blue Valley Inn - Hot Tub & Spacious Play Area!,2026-09-04T03:37:07,35.9939143,,True,2024-05-23,"['1-2BR Cabin', 'Group 3', 'HA2', 'KCity', 'MadersCleaningTeresa', 'Regina', 'Safely', 'KnoxStaytion', 'SCounty', '3-4BR', 'Kyle', 'NotKnox', 'Knox', '2BDR', '6guest', 'hottub', 'OB2/01/23', 'Junior']",30.0,,Knox 1-2BR,174.0,1,
210.0,hostaway,-83.6683589,,,5,5003.66,5-6 Bedrooms,Sevierville,,185.32,210.75297,0,420.0,1,0,2023-03-18,,146019,0,John Bryan 4144 (SCounty) -- Grands Mountain House: New Build w/ Private Pool,2026-09-05T19:32:48,35.73039,,True,2024-05-23,"['5-6BR', 'Group 1', 'HA1', 'NotKnox', 'Safely', 'SCounty', 'Summer', 'BlessedCleaningTyler', '1-2BR Cabin', '3-4BR', 'Andrew', 'WearsValley', '5BDR', '14guest', 'hottub', 'view', 'OB02/16/23', 'theatre', 'Indoor Private Pool', 'Key']",48.15,,,450.0,1,
90.0,hostaway,-83.9196319,,,1,3876.22,Knox All listing,Knoxville,,129.21,121.222725,5,190.0,1,2,2023-03-24,,146058,5,Lindsey Hatcher 129 (KCity) -- Jackson Jewel - Downtown Suite,2026-09-03T03:05:03,35.969937,,True,2024-05-23,"['1-2BR Condo', 'EasyBNBAmanda', 'Group 2', 'HA1', 'KCity', 'Regina', 'Safely', 'KnoxStaytion', 'SCounty', '1-2BR Cabin', '3-4BR', 'Group 3', 'Kyle', 'NotKnox', '1BDR', '2guest', 'KNOX', 'downtowm', 'OB03/17/23', 'Junior']",30.0,,Knox 1-2BR,189.0,1,
180.0,hostaway,-83.614867,,,6,4128.8,5-6 Bedrooms,Pigeon Forge,,137.63,234.78168,0,330.0,1,0,2023-03-11,,146815,0,"Jay Hwang 3708 (SCounty) -- Hillside Haven: MTN Views, Indoor Pool & Starlink",2026-09-05T23:24:38,35.7565117,,True,2024-05-23,"['5-6BR', 'Group 1', 'HA1', 'NotKnox', 'Pet', 'Safely', 'SCounty', 'Summer', 'BlessedCleaningTyler', '1-2BR Cabin', '3-4BR', 'PF', '6BDR', '17guest', 'hottub', 'view', 'OB02/27/23', 'indoor pool', 'Top']",43.33,,,365.0,1,
95.0,hostaway,-83.7693582,,,3,4026.13,1-4BR Cabins / House,Seymour,,134.2,107.846029,6,195.0,1,3,2023-03-03,,147152,6,"Kathleen Atkins 123 (SCounty) -- Smoky's Landing - Disc Golf, Game Room & Hot Tub",2026-09-05T03:42:29,35.8776977,,True,2024-05-23,"['Group 2', 'HA1', 'NotKnox', 'Regina', 'Safely', 'SCounty', 'BlessedCleaningTyler', '3-4BR', '1-2BR Cabin', 'Kyle', 'Seymour', '3BDR', '12guest', 'gameroom', 'OB02/27/23', 'Normal', 'High 3-4BR']",63.33,,3-4 Bedrooms,194.0,1,
120.0,hostaway,-83.9199588,,,4,11009.7,Knox All listing,Knoxville,,366.99,161.56448799999998,2,340.0,1,0,2023-04-21,,151631,2,Leigh Burch 116-105 (KCity) -- Historic Downtown Loft with Modern Flare,2026-09-05T14:53:05,35.9684731,,True,2024-05-23,"['EasyBNBAmanda', 'Group 2', 'HA2', 'KCity', 'Regina', 'Safely', 'KnoxStaytion', '3-4BR', 'SCounty', '1-2BR Cabin', 'Kyle', 'leigh', 'NotKnox', 'Knox', '4bdr', '11guest', 'downtown', 'OB04/12/23', 'Normal']",43.33,,Knox 1-2BR,320.0,1,
110.0,hostaway,-83.8008676,,,4,2954.34,1-4BR Cabins / House,Townsend,,98.48,151.52149300000002,0,240.0,1,0,2023-05-20,,153098,0,Craig Sims 196 (BC) -- The Peaceful Perch-Fireplace & Community Amenities,2026-08-29T19:39:19,35.6641445,,True,2024-05-23,"['3-4BR', 'BC', 'Group 1', 'HA1', 'NotKnox', 'Safely', 'Summer', 'SCounty', '1-2BR Cabin', 'Group 2', 'TendwellCleaning', 'MaidTooPerfectionJessica', 'Townsend', '4bdr', '11guest', 'OB04/24/23', 'Normal', 'High 3-4BR']",40.0,,3-4 Bedrooms,238.0,1,
90.0,hostaway,-83.4764491,,,2,2288.9,1-4 BR with MINIMUM REQUESTS,Sevierville,,76.3,113.807745,0,135.0,1,0,2023-05-09,,162886,0,Mehrnaz Mortazavi 1909 (SCounty) -- Sweet Honey Lodge - Newly Built Luxury Escape,2026-09-02T01:17:28,35.7560876,,True,2024-05-23,"['1-2BR Cabin', 'Group 2', 'HA1', 'Katie', 'NORMAL', 'NotKnox', 'Safely', 'SCounty', 'BlessedCleaningTyler', '3-4BR', 'Summer', 'PF', '2BDR', '7guest', 'hottub', 'OB05/03/23', 'Normal', 'Watchlist', 'min LOS']",56.67,,,146.0,1,
105.0,hostaway,-83.6066869,,,3,4347.45,1-4 BR with MINIMUM REQUESTS,Sevierville,,144.92,111.96928,0,240.0,1,0,2023-05-26,,164434,0,"Mike Griffith 1036 (SCounty) -- Timber Woods Lodge-View, Hot Tub,Game-Theater Room",2026-09-06T02:05:17,35.8155527,,True,2024-05-23,"['Group 2', 'HA1', 'NotKnox', 'Safely', 'SCounty', 'Summer', 'TendwellCleaning', 'FleurishAlicia', '3-4BR', '1-2BR Cabin', 'PF', '3BDR', '12guest', 'hottub', 'OB05/16/23', 'Normal', 'Med 3-4BR', 'min LOS']",70.0,,,263.0,1,
100.0,hostaway,-83.513671,,,4,3405.53,1-4 BR with MINIMUM REQUESTS,Sevierville,,113.52,140.85872500000002,4,270.0,1,4,2023-06-05,,166224,4,"Corby Leach 1547 (SCounty) -- Above It All -MTN View, Hot Tub, Game-Theater Room",2026-09-05T20:46:30,35.797234,,True,2024-05-23,"['Group 1', 'HA1', 'NotKnox', 'Safely', 'SCounty', 'Summer', 'TendwellCleaning', 'OglesCleaningTrenton', '3-4BR', '1-2BR Cabin', 'Group 2', 'PF', '4BDR', '17guest', 'games', 'hottub', 'view', 'OB05/18/23', 'Normal', 'Med 3-4BR', 'min LOS']",56.67,,,254.0,1,
80.0,hostaway,-83.515808,,,2,1745.44,1-4BR Cabins / House,Gatlinburg,,58.18,95.307095,0,130.0,1,0,2023-06-14,,169738,4,Earl Hodges 513-1 (GAT) -- Snowbird Sanctuary - Center of Gatlinburg!,2026-09-03T02:06:29,35.7039537,,True,2024-05-23,"['1-2BR Condo', 'GAT', 'Group 2', 'HA1', 'Katie', 'NORMAL', 'Safely', 'TendwellCleaning', 'FleurishAlicia', 'SCounty', '1-2BR Cabin', '3-4BR', 'Kyle', 'NotKnox', '2BDR', '4guest', 'OB05/26/23', 'Key']",60.0,,1-2 Bedroom Condos,128.0,1,
80.0,hostaway,-83.515808,,,2,2876.58,1-4BR Cabins / House,Gatlinburg,,95.89,95.307095,6,120.0,1,6,2023-06-15,,170187,6,Earl Hodges 513-3 (GAT) -- Skyline Sanctuary - Wrap Around Deck!,2026-09-05T20:40:10,35.7039537,,True,2024-05-23,"['1-2BR Condo', 'GAT', 'Group 2', 'HA1', 'Katie', 'NORMAL', 'Safely', 'TendwellCleaning', 'FleurishAlicia', 'SCounty', '1-2BR Cabin', '3-4BR', 'Kyle', 'NotKnox', '2BDR', '4guest', 'OB05/26/23', 'Key', 'NewWatch']",66.67,,1-2 Bedroom Cabins,117.0,1,
80.0,hostaway,-83.515808,,,2,1640.41,1-4BR Cabins / House,Gatlinburg,,54.68,95.307095,2,135.0,1,0,2023-06-16,,170188,2,Earl Hodges 513-4 (GAT) -- Convenient Gatlinburg Condo,2026-09-05T20:20:01,35.7039537,,True,2024-05-23,"['1-2BR Condo', 'FleurishAlicia', 'GAT', 'Group 2', 'HA1', 'Katie', 'NORMAL', 'NotKnox', 'Safely', 'SCounty', '1-2BR Cabin', '3-4BR', 'Kyle', '2BDR', '4guest', 'OB05/26/23', 'Key', 'NewWatch']",46.67,,1-2 Bedroom Condos,132.0,1,
110.0,hostaway,-83.5506212,,,4,5441.39,1-4BR Cabins / House,Pigeon Forge,,181.38,147.05512000000002,0,315.0,1,0,2023-07-01,,173889,0,"Dylan Robinson 3742 (PF) -- Wildwood Retreat -Indoor Pool, Hot Tub & Game Area",2026-07-25T18:19:29,35.7781922,,True,2024-05-23,"['Group 1', 'HA1', 'NotKnox', 'PF', 'Safely', 'Summer', 'BlessedCleaningTyler', '3-4BR', 'SCounty', '1-2BR Cabin', 'Key', 'High 3-4BR']",70.0,,3-4 Bedrooms,325.0,1,
110.0,hostaway,-83.5505047,,,4,1558.8,1-4BR Cabins / House,Pigeon Forge,,51.96,147.306681,0,310.0,1,0,2023-07-01,,173935,0,Dylan Robinson 3746 (PF) -- Timber Pine Lodge - Indoor Pool & Hot Tub!,2026-07-07T20:40:40,35.7778828,,True,2024-05-23,"['Group 1', 'HA1', 'NotKnox', 'PF', 'Safely', 'Summer', 'BlessedCleaningTyler', '3-4BR', 'SCounty', '1-2BR Cabin', 'Key', 'Med 3-4BR']",13.33,,3-4 Bedrooms,333.0,1,
105.0,hostaway,-83.4763368,,,4,5986.54,1-4 BR with MINIMUM REQUESTS,Gatlinburg,,199.55,136.38655799999998,0,290.0,1,0,2023-06-17,,173994,0,"Florin Pavel 650 (SCounty) -- Mountain Nature Retreat -Hot Tub, Sauna, Game Room",2026-09-06T11:30:35,35.7291607,,True,2024-05-23,"['Group 1', 'HA1', 'NotKnox', 'Safely', 'SCounty', 'Summer', 'TendwellCleaning', 'BlessedCleaningTyler', '3-4BR', '1-2BR Cabin', 'High 3-4BR', 'min LOS']",63.33,,,287.0,1,
78.0,hostaway,-83.7697097,,,2,3170.34,1-4BR Cabins / House,Townsend,,105.68,94.91548800000001,0,145.0,1,0,2023-07-14,,175713,2,Chris Shotwell 326-106 (BC) -- Elegant End Condo -Fireplace & Community Amenities,2026-08-28T17:19:56,35.6779272,,True,2024-05-23,"['1-2BR Cabin', 'BCounty', 'Group 3', 'HA1', 'Junior', 'Katie', 'NotKnox', 'Safely', 'BlessedCleaningTyler', 'SCounty', '1-2BR Condo', '3-4BR', 'BC', 'Blake', 'Kyle', 'Townsend Condo', 'townsend', 'community outdoor pool', '4guest', '2BDR']",76.67,,1-2 Bedroom Cabins,143.0,1,
104.0,hostaway,-83.9468677,,,3,6815.72,Knox All listing,Knoxville,,227.19,150.48592000000002,0,180.0,1,0,2023-07-28,,179643,2,Laura Oxendine 4808 (KCounty) -- Cozy Creekside Rancher-Heart of Downtown Knoxville,2026-08-31T19:09:19,35.9204717,,True,2024-05-23,"['AdamShaffer', 'Group 2', 'HA1', 'KCounty', 'Regina', 'Safely', 'KnoxStaytion', '3-4BR', 'SCounty', 'BlessedCleaningTyler', '1-2BR Cabin', 'HA2', 'Kyle', 'NotKnox', '3BR']",36.67,,Knox 3-4BR,180.0,1,
175.0,hostaway,-83.5526084,,,6,4828.85,5-6 Bedrooms,Pigeon Forge,,160.96,215.912104,2,360.0,1,2,2023-08-03,,181337,2,"Nathan Jobe 4515 (PF) -- Million Dollar View-Games, Hottub & Movie Theater!",2026-09-04T14:06:04,35.7577792,,True,2024-05-23,"['5-6BR', 'Group 2', 'HA1', 'Katie', 'NORMAL', 'NotKnox', 'PF', 'Safely', 'TendwellCleaning', 'OglesCleaningTrenton', 'SCounty', '1-2BR Cabin', '3-4BR', 'Group 1']",53.33,,,381.0,1,
90.0,hostaway,-83.475753,,,2,1857.48,1-4BR Cabins / House,Sevierville,,61.92,110.970096,0,150.0,1,0,2023-08-04,,182772,4,"Jessica Jarboe 4159 (SCounty) -- Mountain Mist - Secluded Cabin, MTN View, Hot Tub!",2026-09-05T05:29:36,35.767477,,True,2024-05-23,"['1-2BR Cabin', 'Group 2', 'HA1', 'Junior', 'Katie', 'NotKnox', 'Safely', 'SCounty', 'BlessedCleaningTyler', '3-4BR', 'Blake', 'Group 3', 'Kyle']",56.67,,1-2 Bedroom Cabins,150.0,1,
70.0,hostaway,-84.0311888,,,1,530.82,Knox All listing,Knoxville,,17.69,65.04293200000001,6,100.0,1,0,2023-11-17,,187612,6,Justin Bailey 6829 (KCounty) -- Airplane Filling Station -Unique Stay in Knoxville,2026-09-01T16:07:44,36.007492,,True,2024-05-23,"['1-2BR Cabin', 'EasyBNBAmanda', 'Group 3', 'HA2', 'KCounty', 'Regina', 'Safely', 'KnoxStaytion', 'SCounty', '3-4BR', 'Kyle', 'NotKnox', '1BR']",20.0,,Knox 1-2BR,97.0,1,
80.0,hostaway,-83.5130287,,,3,1096.1,1-4BR Cabins / House,Gatlinburg,,36.54,112.64377200000001,0,110.0,1,0,2023-09-02,,191700,0,"Porter Landreth 616 (GAT) -- Top-Floor Condo | Fireplace, Pool & Balcony Views",2026-08-20T21:24:18,35.7052164,,True,2024-05-23,"['3-4BR', 'GAT', 'Group 2', 'Katie', 'NotKnox', 'Safely', 'Summer', 'TendwellCleaning', 'Key', 'FleurishAlicia', 'SCounty', 'HA3', '1-2BR Cabin', 'Group 1', 'HA1']",36.67,,3-4 Bedrooms,106.0,1,
150.0,hostaway,-83.5847293,,,5,1131.86,5-6 Bedrooms,Sevierville,,37.73,226.05026400000003,2,270.0,1,0,2023-11-07,,194974,5,"Candace Morton 1276 (SCity) -- Mountain Breeze - Private Pool, Hot Tub & Games!",2026-09-02T18:46:37,35.8428759,,True,2024-05-23,"['5-6BR', 'Group 1', 'HA1', 'NotKnox', 'Safely', 'SCity', 'Summer', 'TendwellCleaning', '1-2BR Cabin', '3-4BR', 'Kyle', 'SCounty', 'MagicleanAnya']",16.67,,,298.0,1,
140.0,hostaway,-83.5299034,,,3,5876.0,1-4BR Cabins / House,Gatlinburg,,195.87,171.745259,0,370.0,1,0,2023-09-28,,195316,0,"Stephanie Bowersock 658 (SCounty) -- Moonshiners Hideout - Hot Tub, Game Room & Pool!",2026-08-23T15:40:17,35.7228338,,True,2024-05-23,"['Group 1', 'HA1', 'Key', 'Lily', 'NotKnox', 'Safely', 'SCounty', 'TendwellCleaning', 'FleurishAlicia', '3-4BR', '1-2BR Cabin', 'High 3-4BR']",66.67,,3-4 Bedrooms,370.0,1,
140.0,hostaway,-83.5915431,,,4,5672.56,1-4BR Cabins / House,Sevierville,,189.09,182.566709,4,350.0,1,0,2023-12-01,,202530,7,"Sridhar Kodati 2951 (SCounty) -- Mountain View Manor - Pool, Hot Tub & Game Room!",2026-08-31T14:40:39,35.758499,,True,2024-05-23,"['Group 1', 'HA1', 'NotKnox', 'Safely', 'SCounty', 'Summer', 'TendwellCleaning', 'BlessedCleaningTyler', '3-4BR', '1-2BR Cabin', 'Low 3-4BR']",56.67,,3-4 Bedrooms,349.0,1,
100.0,hostaway,-83.6654839,,,4,4150.33,1-4BR Cabins / House,Sevierville,,138.34,162.499365,0,220.0,1,0,2024-02-16,,219208,0,"Doug Poll 740 (SCounty) -- Private Escape: Firepit, Hot Tub, Pets OK<20lbs",2026-09-02T23:11:16,35.8361898,,True,2024-05-23,"['Group 2', 'HA1', 'NotKnox', 'Safely', 'SCounty', 'Summer', 'TendwellCleaning', 'BlessedCleaningTyler', '3-4BR', '1-2BR Cabin', 'NewWatch']",70.0,,3-4 Bedrooms,210.0,1,
95.0,hostaway,-83.5338171,,,1,3855.67,1-4BR Cabins / House,Pigeon Forge,,128.52,102.516832,0,190.0,1,0,2024-01-13,,221975,0,JP Davanzo 327 (SCounty) -- Dream on the Stream -HotTub+PoolTable+FirePit+MORE,2026-08-27T14:29:09,35.760422,,True,2024-05-23,"['1-2BR Cabin', 'Group 2', 'HA1', 'Katie', 'NotKnox', 'Safely', 'SCounty', 'TendwellCleaning', 'OglesCleaningTrenton', 'Summer', '3-4BR', 'Kyle']",73.33,,1-2 Bedroom Cabins,194.0,1,
120.0,hostaway,-83.5678641,,,4,2425.79,1-4 BR with MINIMUM REQUESTS,Pigeon Forge,,80.86,173.738384,0,240.0,1,0,2024-02-16,,228083,0,"Lionel Li 1113 (SCounty) -- 4-Story Cozy Cabin w/Hot Tub+Arcade, Pet Friendly!",2026-08-26T20:27:47,35.7661114,,True,2024-05-23,"['Pet', 'min rate']",43.33,,,200.0,1,
75.0,hostaway,-83.5380212,,,2,1620.63,1-4BR Cabins / House,Pigeon Forge,,54.02,90.30548800000001,0,105.0,1,0,2024-02-15,,231192,3,"Roger Bell 3729 (PF) -- Papa Bear's Hideaway -Stunning Views, Theme Park",2026-09-05T13:57:41,35.7925538,,True,2024-05-23,"['1-2BR Cabin', 'Group 2', 'Katie', 'NORMAL', 'NotKnox', 'PF', 'Safely', 'BlessedCleaningTyler', 'SCounty', 'HA3', '1-2BR Condo', '3-4BR', 'Kyle', 'NewWatch']",50.0,,1-2 Bedroom Cabins,103.0,1,
204.0,hostaway,-83.6030871,,,5,7661.67,5-6 Bedrooms,Sevierville,,283.77,220.32578100000003,3,480.0,1,3,2024-02-17,,231216,5,Walt Ward 2414 (SCounty) -- Wayward Travelers Lodge-HotTub+Theater+Arcade+MORE,2026-09-03T21:55:13,35.7457103,,True,2024-05-23,"['5-6BR', 'Group 2', 'HA1', 'NotKnox', 'OglesCleaningTrenton', 'Safely', 'SCounty', 'Summer', '1-2BR Cabin', '3-4BR', 'NewWatch']",70.37,,,468.0,1,
80.0,hostaway,-83.3928443,,,2,1006.22,1-4BR Cabins / House,Sevierville,,33.54,86.128035,0,130.0,1,0,2024-02-16,,232744,0,Matthew Long 1363 (JC) -- Chalet Amelia: A Stunning Lakeside Retreat with Hot Tub & Game Room!,2026-09-05T16:57:56,35.9347255,,True,2024-05-23,"['1-2BR Cabin', 'Group 1', 'HA1', 'JC', 'NotKnox', 'Safely', 'Summer', 'BlessedCleaningTyler', 'SCounty', '3-4BR', 'NewWatch']",33.33,,1-2 Bedroom Cabins,129.0,1,
105.0,hostaway,-83.5809702,,,4,2912.08,1-4BR Cabins / House,Pigeon Forge,,97.07,139.41377100000003,0,210.0,1,0,2024-04-06,,244186,0,Rohan Thakker 653 (PF) -- 5 Mins to Pigeon Forge Strip w/Porch Swing & Grill,2026-08-23T19:49:20,35.7893566,,True,2024-05-23,"['Group 2', 'HA1', 'Katie', 'NotKnox', 'Pet', 'PF', 'TendwellCleaning', 'BlessedCleaningTyler', 'Safely', '3-4BR', 'SCounty', '1-2BR Cabin', 'Summer']",56.67,,3-4 Bedrooms,202.0,1,
90.0,hostaway,-83.6330353,,,2,1270.86,1-4BR Cabins / House,Sevierville,,42.36,109.73355000000002,3,160.0,1,3,2024-04-26,,257347,3,"Sandra Pernavaite 1617 (SCounty) -- Allure Woods: View, HotTub, Outdoor Dining & Games",2026-09-05T00:00:35,35.8149448,,True,2024-05-23,"['1-2BR Cabin', 'Group 2', 'HA1', 'Katie', 'NotKnox', 'Safely', 'SCounty', 'BlessedCleaningTyler', 'Summer', '3-4BR', 'Kyle']",33.33,,1-2 Bedroom Cabins,155.0,1,
80.0,hostaway,-83.599304,,,2,3917.19,1-4BR Cabins / House,Pigeon Forge,,130.57,113.96539000000001,4,180.0,1,0,2024-07-05,,268281,4,"Megan Waymire 3770 (SCounty) -- Ravens Hollow - Private Pool, Hot Tub, & Games!",2026-09-02T15:03:18,35.732781,,True,2024-05-23,"['1-2BR Cabin', 'Group 2', 'HA5', 'Katie', 'NORMAL', 'NotKnox', 'Safely', 'SCounty', 'BlessedCleaningTyler', '3-4BR', 'Kyle']",80.0,,1-2 Bedroom Cabins,180.0,1,
100.0,hostaway,-83.5821045,,,3,3646.48,1-4BR Cabins / House,Pigeon Forge,,121.55,112.07041800000002,3,250.0,1,3,2024-06-07,,276205,3,Anthony Simoncini 2852 (PF) -- Private Indoor Pool Cabin w/ Game Room & Hot Tub!,2026-09-06T03:09:54,35.7969547,,True,2024-05-31,"['3-4BR', 'Group 2', 'HA5', 'NotKnox', 'PF', 'Regina', 'Safely', 'BlessedCleaningTyler', 'SCounty', '1-2BR Cabin', 'Kyle']",70.0,,3-4 Bedrooms,269.0,1,
95.0,hostaway,-83.8134074,,,3,2111.84,1-4BR Cabins / House,Townsend,,100.56,106.17644,0,200.0,1,0,2024-06-12,,276567,3,Mike Lillie 536 (BC) -- Townsend Gem: Retreat with Hot Tub & Fire Pit,2026-08-31T18:19:55,35.6643339,,True,2024-06-05,"['3-4BR', 'BC', 'Group 2', 'HA2', 'Safely', 'Summer', 'BlessedCleaningTyler', 'KnoxStaytion', 'SCounty', '1-2BR Cabin', 'NotKnox']",71.43,,3-4 Bedrooms,170.0,1,
95.0,hostaway,-83.51434,,,3,3463.02,1-4BR Cabins / House,Sevierville,,115.43,130.8226,5,195.0,1,0,2024-07-11,,277224,5,"Megan Helms 1469 (SCounty) -- Helms Hollow: Theater, Hot Tub, & Fire Pit!",2026-09-01T00:42:18,35.8064633,,True,2024-06-14,"['Group 2', 'HA2', 'Lily', 'NORMAL', 'NotKnox', 'Safely', 'SCounty', 'BlessedCleaningTyler', '3-4BR', '1-2BR Cabin', 'Kyle']",66.67,,3-4 Bedrooms,186.0,1,
90.0,hostaway,-83.5698165,,,3,2244.3,1-4BR Cabins / House,Pigeon Forge,,86.32,117.67865,3,165.0,1,3,2024-09-12,,278500,3,"Nora Merriman 757 (PF) -- Moose Tracks Lodge: Hot Tub, Arcade & Pet Friendly!",2026-09-05T17:48:17,35.7847136,,True,2024-06-27,"['Group 2', 'HA2', 'Lily', 'NORMAL', 'NotKnox', 'PF', 'Safely', 'BlessedCleaningTyler', '3-4BR', 'SCounty', '1-2BR Cabin']",61.54,,3-4 Bedrooms,165.0,1,
100.0,hostaway,-83.7116733,,,4,1878.3,1-4BR Cabins / House,Sevierville,,62.61,158.17463999999998,0,170.0,1,0,2024-06-28,,281864,0,"Misty Mcintyre 2729 (SCounty) -- Buck Board Lodge w/ Hot Tub, Fire Pit & Game Room!",2026-08-01T22:30:57,35.7328496,,True,2024-06-19,"['Group 2', 'HA2', 'Lily', 'NORMAL', 'NotKnox', 'Safely', 'SCounty', 'BlessedCleaningTyler', '3-4BR', '1-2BR Cabin', 'TendwellCleaning']",56.67,,3-4 Bedrooms,162.0,1,
68.0,hostaway,-83.919061,,,1,3859.27,Knox All listing,Knoxville,,128.64,121.22363,6,140.0,1,6,2024-08-22,,287651,8,Megan Hatcher 222-205 (KCity) -- Dolly's Downtown Loft - Knoxville!,2026-09-04T22:32:15,35.9716485,,True,2024-08-20,"['1-2BR Condo', 'Group 3', 'HA2', 'KCity', 'Regina', 'Safely', 'TurnoverProDonnita', 'KnoxStaytion', 'SCounty', '1-2BR Cabin', '3-4BR', 'Group 2', 'Kyle', '1BR']",36.67,,Knox 1-2BR,137.0,1,
79.0,hostaway,-83.919061,,,1,2182.19,Knox All listing,Knoxville,,72.74,121.22363,0,120.0,1,0,2024-08-23,,287653,3,Lindsey Hatcher 222-206 (KCity) -- Scenic City Loft in Downtown Knoxville!,2026-08-31T19:12:31,35.9716485,,True,2024-08-19,"['1-2BR Condo', 'Group 2', 'HA2', 'KCity', 'Regina', 'Safely', 'TurnoverProDonnita', 'KnoxStaytion', 'SCounty', '1-2BR Cabin', '3-4BR', 'Kyle', '1BR']",16.67,,Knox 1-2BR,117.0,1,
100.0,hostaway,-83.5531737,,,4,2276.05,1-4BR Cabins / House,Gatlinburg,,75.87,121.18669200000001,4,210.0,1,0,2024-08-03,,291806,4,"Lucy McCandless 1125 (GAT) -- RidgeView - Games, Fireplace & Pool!",2026-09-01T13:54:21,35.7086589,,True,2024-07-26,"['3-4BR', 'GAT', 'Group 2', 'HA2', 'Lily', 'NORMAL', 'NotKnox', 'Safely', 'TendwellCleaning', 'FleurishAlicia', 'SCounty', '1-2BR Cabin', 'Kyle']",73.33,,3-4 Bedrooms,201.0,1,
105.0,hostaway,-83.755304,,,4,3533.15,1-4BR Cabins / House,Townsend,,153.62,147.032265,3,260.0,1,3,2024-08-11,,291913,3,"Nathan Sukhia 843 (BC) -- Firefly Ridge: MTN View, Hot Tub, Theater, GAMES!",2026-09-04T22:29:14,35.660358,,True,2024-08-01,"['3-4BR', 'BC', 'Group 2', 'HA2', 'MaidTooPerfection', 'Pet', 'Safely', 'Summer', 'KnoxStaytion', 'SCounty', '1-2BR Cabin', 'Kyle', 'NotKnox', 'TendwellCleaning', 'MaidTooPerfectionJessica']",65.22,,3-4 Bedrooms,254.0,1,
299.0,hostaway,-83.59836,,,4,3229.06,1-4 BR with MINIMUM REQUESTS,Sevierville,,107.64,174.544974,0,330.0,1,0,2024-09-12,,291926,0,"Justin Goodbread 2670 (SCounty) -- Elevation Escape: Pool, Hot Tub, Theater, Games!",2026-08-06T19:03:14,35.7622172,,True,2024-08-27,"['Group 1', 'HA5', 'NotKnox', 'Pet', 'Safely', 'SCounty', 'Summer', 'TendwellCleaning', 'BlessedCleaningTyler', '3-4BR', '1-2BR Cabin', 'min rate']",33.33,,,326.0,1,
60.0,hostaway,-83.5646653,,,1,761.18,1-4BR Cabins / House,Sevierville,,25.37,96.790785,4,85.0,1,0,2024-12-26,,291937,10,Dan and Melissa Hanlon 131-1 (SCity) -- Cedar's Condo - Modern Downtown Escape,2026-09-01T08:17:31,35.8654746,,True,2024-11-20,"['Group 3', 'HA2', 'Junior', 'Lily', 'NotKnox', 'Safely', 'SCity', 'BlessedCleaningTyler', '3-4BR', '1-2BR Cabin', '1-2BR Condo', 'KnoxStaytion', 'SCounty', 'Summer']",33.33,,1-2 Bedroom Condos,84.0,1,
75.0,hostaway,-83.5646653,,,2,981.65,1-4BR Cabins / House,Sevierville,,32.72,63.57435600000001,3,90.0,1,0,2025-03-14,,294839,3,Dan and Melissa Hanlon 131-2 (SCity) -- Cedar Peak Condo - Downtown Sevierville,2026-08-31T16:10:07,35.8654746,,True,2025-02-11,"['1-2BR Condo', 'Group 3', 'HA1', 'Junior', 'Lily', 'Safely', 'SCity', 'BlessedCleaningTyler', '1-2BR Cabin', '3-4BR', 'NotKnox', 'SCounty', 'Summer']",36.67,,1-2 Bedroom Condos,88.0,1,
210.0,hostaway,-83.61647,,,6,3448.55,5-6 Bedrooms,Sevierville,,114.95,227.53356800000003,0,380.0,1,0,2024-08-30,,299676,0,"Porter Landreth 2316 (SCounty) -- Bear Paddle w/ Pool, Hot Tub, Game Room & Theater!",2026-09-06T01:14:20,35.7597279,,True,2024-08-22,"['5-6BR', 'Group 1', 'HA5', 'NotKnox', 'Safely', 'SCounty', 'Summer', 'BlessedCleaningTyler', '1-2BR Cabin', '3-4BR', 'Blake']",30.0,,,397.0,1,
105.0,hostaway,-83.4488069,,,4,2898.8,1-4BR Cabins / House,Gatlinburg,,96.63,147.35625000000002,0,280.0,1,0,2024-10-11,,308118,0,"Sean Gagnon 411 (GAT) -- Bigfoots Hideout: Hot Tub, LifeSize Games, Theater",2026-08-23T16:27:04,35.744081,,True,2024-10-02,"['GAT', 'Group 1', 'HA5', 'NotKnox', 'Safely', 'Summer', 'TendwellCleaning', 'BlessedCleaningTyler', '3-4BR', 'SCounty', '1-2BR Cabin', 'Kyle']",60.0,,3-4 Bedrooms,,1,
214.0,hostaway,-83.6413025,,,6,4429.32,5-6 Bedrooms,Sevierville,,170.36,300.9584,2,450.0,1,0,2024-10-18,,311934,2,"Amit Chowdhary 770 (SCounty) -- Pet Friendly w/ Indoor Pool, Hot Tub & Theater!",2026-09-04T01:34:37,35.8444253,,True,2024-10-10,"['5-6BR', 'Group 1', 'HA1', 'NotKnox', 'Pet', 'Safely', 'SCounty', 'Summer', 'TendwellCleaning', 'BlessedCleaningTyler', '1-2BR Cabin', '3-4BR', 'Kyle']",57.69,,,456.0,1,
250.0,hostaway,-83.551969,,,3,0.0,1-4 BR with MINIMUM REQUESTS,Gatlinburg,,0.0,103.58456000000001,0,250.0,1,0,2024-10-14,,312679,0,"Jace and Katty Eichorn 1525 (GAT) -- Magnificent View: Hot Tub, Arcade Games & Theater!",2026-08-24T17:33:16,35.702295,,True,2024-10-10,"['3-4BR', 'GAT', 'Group 1', 'HA1', 'NotKnox', 'Safely', 'Summer', 'TendwellCleaning', 'FleurishAlicia', 'SCounty', '1-2BR Cabin', 'min rate']",0.0,,,261.0,1,
95.0,hostaway,-83.4808639,,,3,3367.94,1-4BR Cabins / House,Gatlinburg,,112.26,126.66672000000003,4,180.0,1,0,2024-11-01,,318372,4,"Jason Whitehead 659 (GAT) -- Bears Corner w/ Hot Tub, Arcade & Community Pool!",2026-09-04T13:00:41,35.7393504,,True,2024-10-25,"['GAT', 'Group 2', 'HA1', 'Katie', 'NORMAL', 'NotKnox', 'Safely', 'TendwellCleaning', 'BlessedCleaningTyler', '3-4BR', 'SCounty', '1-2BR Cabin', 'Kyle']",80.0,,3-4 Bedrooms,181.0,1,
100.0,hostaway,-83.4871667,,,2,3957.79,1-4 BR with MINIMUM REQUESTS,Gatlinburg,,131.93,116.861269,0,155.0,1,0,2024-12-06,,318443,0,"Abhi Kulkarni 824 (GAT) -- Birchwood Bliss: MTN View, Hot Tub & Outdoor Lounge",2026-08-31T18:36:02,35.7438295,,True,2024-10-23,"['1-2BR Cabin', 'GAT', 'Group 2', 'HA1', 'NotKnox', 'Pet', 'Regina', 'Safely', 'BlessedCleaningTyler', 'SCounty', 'HA2', '3-4BR', 'Kyle', 'NORMAL']",100.0,,1-2 Bedroom Cabins,156.0,1,
110.0,hostaway,-83.5901742,,,4,3366.97,1-4BR Cabins / House,Sevierville,,112.23,179.969166,7,250.0,1,0,2024-11-15,,320089,7,"Chad McDaniel 3012 (SCounty) -- Mountain Haven: Hot Tub, Pool, Arcade,Theater Room",2026-09-04T17:28:06,35.7604897,,True,2024-10-24,"['Group 1', 'HA1', 'NotKnox', 'Safely', 'SCounty', 'Summer', 'BlessedCleaningTyler', '3-4BR', '1-2BR Cabin', 'Kyle']",63.33,,3-4 Bedrooms,257.0,1,
110.0,hostaway,-84.2347669,,,4,2529.12,Knox All listing,Knoxville,,84.3,158.23502000000002,0,230.0,1,0,2024-11-22,,322142,0,"Kathleen Atkins 2417 (KCounty) -- Cozy Cabin in the Woods w/ Playroom, Deck & Lounge",2026-08-30T18:24:09,35.9191401,,True,2024-11-07,"['Group 2', 'HA2', 'KCity', 'Regina', 'Safely', 'SCounty', 'TurnoverProDonnita', 'KnoxStaytion', '3-4BR', '1-2BR Cabin', 'KCounty', 'Kyle', '4BR']",50.0,,Knox 3-4BR,225.0,1,
95.0,hostaway,-83.6097624,,,3,1850.13,1-4BR Cabins / House,Sevierville,,68.52,99.62544,0,160.0,1,0,2024-11-22,,322586,4,"Chris Scarth 1091 (SCounty) -- Highland Haven w/ Hot Tub, Grill & Pool!",2026-08-25T16:47:11,35.8501857,,True,2024-11-08,"['Group 2', 'HA1', 'Lily', 'NORMAL', 'NotKnox', 'Safely', 'SCounty', 'BlessedCleaningTyler', '3-4BR', '1-2BR Cabin']",55.56,,3-4 Bedrooms,152.0,1,
98.0,hostaway,-83.9165233,,,2,5026.32,Knox All listing,Knoxville,,167.54,142.251081,2,172.0,1,0,2024-12-11,,322672,4,Jeanine Roddy 2940 (KCity) -- Modern Cityscape - Walk to Campus & Downtown Knox,2026-09-01T17:30:26,35.9535875,,True,2024-11-22,"['1-2BR Condo', 'Group 2', 'HA2', 'KCity', 'Regina', 'Safely', 'TurnoverProDonnita', 'KnoxStaytion', 'SCounty', '1-2BR Cabin', '3-4BR', 'Kyle', '2BR']",23.33,,Knox 1-2BR,171.0,1,
95.0,hostaway,-83.5485269,,,2,2088.0,1-4 BR with MINIMUM REQUESTS,Gatlinburg,,74.57,107.67120000000001,0,210.0,1,0,2024-12-30,,330381,0,Angela Newell 1428 (GAT) -- Heights Retreat - Mountain Views & Hot Tub!,2026-08-13T13:53:55,35.7062137,,True,2024-12-10,"['Regina', 'Safely', 'BlessedCleaningTyler', 'SCounty', '1-2BR Condo', '3-4BR', 'Kyle', 'min rate']",46.43,,,202.0,1,
160.0,hostaway,-83.4879988,,,5,3579.08,5-6 Bedrooms,Gatlinburg,,119.3,176.850626,0,335.0,1,0,2025-02-28,,331435,2,"Paul Leamon 1120 (GAT) -- Hillbilly Hilton: Hot Tub, Game Room, MTN View!",2026-09-02T19:33:06,35.7433628,,True,2024-12-11,"['5-6BR', 'GAT', 'Group 2', 'HA1', 'NotKnox', 'Safely', 'Summer', 'BlessedCleaningTyler', 'SCounty', '1-2BR Cabin', '3-4BR']",43.33,,,349.0,1,
78.0,hostaway,-83.8028271,,,2,2408.14,1-4BR Cabins / House,Townsend,,80.27,94.656232,0,120.0,1,0,2024-12-26,,332092,0,Renee Carter 123 (BC) -- Peaceful Heights with Cozy Decks & a Smart TV!,2026-08-30T23:49:30,35.6753436,,True,2024-12-10,"['1-2BR Cabin', 'BCounty', 'Group 2', 'HA1', 'Katie', 'NORMAL', 'NotKnox', 'Safely', 'TendwellCleaning', 'SCounty', '3-4BR', 'BC', 'Kyle', 'MaidTooPerfectionJessica']",70.0,,1-2 Bedroom Cabins,119.0,1,
70.0,hostaway,-83.5375605,,,2,1627.76,1-4BR Cabins / House,Pigeon Forge,,54.26,88.551243,5,130.0,1,5,2025-03-12,,336439,5,Nicole Allison 3690 (PF) -- Cozy Smoky Mountain Escape w/ Private Deck & Community Pool,2026-09-05T17:04:32,35.7922091,,True,2025-02-19,"['1-2BR Cabin', 'GAT', 'Group 3', 'HA1', 'Junior', 'Lily', 'NotKnox', 'Safely', 'BlessedCleaningTyler', 'SCounty', '3-4BR', 'Pet', 'PF']",60.0,,1-2 Bedroom Cabins,125.0,1,
90.0,hostaway,-83.632794,,,3,976.6,1-4BR Cabins / House,Sevierville,,32.55,114.94616,0,130.0,1,0,2025-02-14,,336450,0,"Chris Montagna 2104 (SCounty) -- Peaky Woods Cabin - Hot Tub, Game Room,  MTN Views",2026-08-31T03:22:10,35.9009342,,True,2025-01-02,"['Group 2', 'HA1', 'Katie', 'NotKnox', 'Pet', 'Safely', 'SCounty', 'BlessedCleaningTyler', '3-4BR', 'Summer', '1-2BR Cabin', 'Kyle']",30.0,,3-4 Bedrooms,131.0,1,
119.0,hostaway,-83.5108064,,,3,1858.98,1-4 BR with MINIMUM REQUESTS,Sevierville,,61.97,93.33420800000002,0,160.0,1,0,2025-01-16,,343231,0,"Kachi Nwabuko 2087 (SCounty) -- Galaxy Splash: Hot Tub, Pool, Theater, & MTN Views",2026-08-24T02:15:40,35.9239995,,True,2025-01-01,"['Group 2', 'HA1', 'Katie', 'NORMAL', 'NotKnox', 'Safely', 'SCounty', 'TendwellCleaning', 'OglesCleaningTrenton', '3-4BR', '1-2BR Cabin', 'Kyle']",63.33,,3-4 Bedrooms,198.0,1,
105.0,hostaway,-83.9181175,,,3,2800.77,Knox All listing,Knoxville,,93.36,150.66399600000003,3,200.0,1,3,2025-01-27,,349115,6,Alex Cameron 1502 (KCity) -- Knoxville Charm Cottage: 5.2 miles to Market Square,2026-09-05T04:31:03,35.9083341,,True,2025-01-19,"['Group 3', 'HA2', 'KCity', 'Regina', 'TurnoverProDonnita', 'KnoxStaytion', '3-4BR', 'SCounty', '1-2BR Cabin', 'Group 2', 'Kyle', '3BR']",26.67,,Knox 3-4BR,201.0,1,
100.0,hostaway,-83.5188848,,,2,3436.18,1-4BR Cabins / House,Sevierville,,114.54,119.95575000000001,0,165.0,1,0,2025-03-16,,349839,0,"Daniel Shepherd 2005 (SCounty) -- Valley View Cabin: View, Hot Tub, Fireplace, Grill",2026-08-13T04:28:33,35.7920743,,True,2025-01-17,"['1-2BR Cabin', 'Group 2', 'HA1', 'NotKnox', 'Safely', 'SCounty', 'Summer', 'BlessedCleaningTyler', 'HA3', '3-4BR']",86.67,,1-2 Bedroom Cabins,165.0,1,
95.0,hostaway,-83.6503589,,,3,2056.58,1-4BR Cabins / House,Sevierville,,68.55,125.05742499999998,0,180.0,1,0,2025-02-14,,349853,0,"Walter Franey 2170 (SCounty) -- Big Blue Mist w/ Hot Tub, Grill, Fireplace & GAMES",2026-09-01T14:41:27,35.7957236,,True,2025-01-20,"['1-2BR Cabin', 'Group 1', 'HA1', 'NotKnox', 'Safely', 'SCounty', 'Summer', 'TendwellCleaning', 'BlessedCleaningTyler', '3-4BR', 'Group 2']",50.0,,3-4 Bedrooms,169.0,1,
90.0,hostaway,-83.5808103,,,3,1497.43,1-4BR Cabins / House,Pigeon Forge,,49.91,102.22554000000001,0,170.0,1,0,2025-03-09,,351688,2,"Josh Cowan 2683 (PF) -- Valley Heights w/ Hot Tub, Life Suze Games, Lounge",2026-08-31T17:27:22,35.7995896,,True,2025-02-11,"['3-4BR', 'Group 2', 'HA1', 'Katie', 'NotKnox', 'PF', 'Safely', 'TendwellCleaning', 'FleurishAlicia', 'Summer', 'SCounty', '1-2BR Cabin', 'Kyle']",43.33,,3-4 Bedrooms,167.0,1,
460.0,hostaway,-83.5506212,,,8,0.0,Cabins/Houses (7+ Bedrooms),Pigeon Forge,,0.0,204.44697,0,800.0,1,0,2025-03-26,,353223,0,"Dylan Robinson Combo 3742/3746 (PF) -- Splendid 2Cabins, Sleeps 28! Pool, Hot Tub & More!",2026-08-27T23:58:46,35.7781922,,True,2025-01-24,"['5-6BR', '7+BR', 'Group 1', 'HA4', 'NotKnox', 'PF', 'Safely', 'Summer', 'BlessedCleaningTyler', 'SCounty', '1-2BR Cabin', '3-4BR']",0.0,,,860.0,1,
70.0,hostaway,-83.4824517,,,1,2063.01,1-4BR Cabins / House,Sevierville,,68.77,65.277049,4,110.0,1,0,2025-03-06,,356560,7,"Laurie Keenan 2587 (SCounty) -- Whiskey Stone - Hot Tub, Fireplace, Grill & Arcade",2026-08-31T16:43:24,35.9258294,,True,2025-02-19,"['1-2BR Cabin', 'Group 2', 'HA1', 'NotKnox', 'Regina', 'Safely', 'SCounty', 'TendwellCleaning', 'BlessedCleaningTyler', '3-4BR', 'Kyle']",70.0,,1-2 Bedroom Cabins,109.0,1,
75.0,hostaway,-83.4822955,,,2,863.61,1-4BR Cabins / House,Sevierville,,28.79,72.986406,8,110.0,1,8,2025-03-13,,356571,8,"Laurie Keenan 2589 (SCounty) -- Whiskey Barrel w/ Hot Tub, Arcade Game & Fire Pit!",2026-09-04T17:08:35,35.9258315,,True,2025-02-11,"['1-2BR Cabin', 'Group 2', 'HA1', 'NotKnox', 'Regina', 'Safely', 'SCounty', 'TendwellCleaning', 'BlessedCleaningTyler', '3-4BR', 'Kyle']",43.33,,1-2 Bedroom Cabins,112.0,1,
85.0,hostaway,-83.5519819,,,2,2472.83,1-4BR Cabins / House,Gatlinburg,,82.43,95.921595,2,135.0,1,0,2025-02-28,,356573,7,"Stephen Obeng 1580 (GAT) -- Wanderers Retreat: Hot Tub, Multicade, Grill, MORE",2026-08-31T02:45:17,35.7002828,,True,2025-02-13,"['GAT', 'Group 2', 'Safely', 'Summer', 'TendwellCleaning', 'SCounty', 'HA3', '1-2BR Cabin', '3-4BR', 'BlessedCleaningTyler', 'HA1', 'Kyle', 'NotKnox']",86.67,,1-2 Bedroom Cabins,131.0,1,
105.0,hostaway,-83.5796177,,,3,4173.97,1-4BR Cabins / House,Pigeon Forge,,139.13,111.116245,0,265.0,1,0,2025-03-07,,357048,3,"Shaun Halberstadt 417 (PF) -- Twilight Mist Getaway | Pool, Hot Tub + Game Room!",2026-08-24T20:48:19,35.7963508,,True,2025-03-04,"['3-4BR', 'Group 1', 'HA1', 'NotKnox', 'PF', 'Safely', 'Summer', 'BlessedCleaningTyler', 'SCounty', '1-2BR Cabin']",83.33,,3-4 Bedrooms,264.0,1,
95.0,hostaway,-83.6283831,,,3,2525.73,1-4BR Cabins / House,Sevierville,,84.19,116.27924999999999,5,140.0,1,5,2025-03-13,,363185,9,"Sanjay Arukala 1728 (SCounty) -- Bear Paw Hideaway: Hot Tub, Theater & Multicade!",2026-09-05T22:19:12,35.8096119,,True,2025-02-27,"['Group 2', 'HA1', 'Katie', 'NORMAL', 'NotKnox', 'Safely', 'SCounty', 'TendwellCleaning', 'OglesCleaningTrenton', '3-4BR', '1-2BR Cabin']",73.33,,3-4 Bedrooms,146.0,1,
150.0,hostaway,-83.5461634,,,5,2242.91,5-6 Bedrooms,Sevierville,,74.76,241.26004,0,210.0,1,0,2025-04-11,,366679,5,"Kim Mills 1654 (SCity) -- Grey Wood Lodge | Hot Tub, Fireplace & Games!",2026-09-06T14:36:07,35.8546786,,True,2025-03-07,"['5-6BR', 'Group 1', 'HA1', 'NotKnox', 'Pet', 'SCity', 'Summer', 'BlessedCleaningTyler', '3-4BR', 'SCounty', '1-2BR Cabin', 'Kyle']",46.67,,,209.0,1,
90.0,hostaway,-83.5693025,,,2,2992.68,1-4BR Cabins / House,Pigeon Forge,,99.76,88.85566800000001,1,160.0,1,1,2025-04-04,,366682,1,"Kim Mills 2222 (PF) -- Beary Cottage | Hot Tub, Grill & Arcade Games!",2026-09-05T17:06:20,35.8150229,,True,2025-03-07,"['1-2BR Cabin', 'Group 1', 'HA1', 'NotKnox', 'Pet', 'PF', 'Summer', 'BlessedCleaningTyler', 'SCounty', '3-4BR', 'Kyle']",76.67,,1-2 Bedroom Cabins,160.0,1,
129.0,hostaway,-83.66007233,,,5,740.1,5-6 Bedrooms,Pigeon Forge,,24.67,214.1759,0,270.0,1,0,2025-05-23,,367540,0,"Graham Brown 3940 (SCounty) -- MTN View, Game Room, & Hot Tub!",2026-08-18T17:30:03,35.70415878,,True,2025-03-05,"['5-6BR', 'Group 2', 'HA1', 'Katie', 'NotKnox', 'Safely', 'SCounty', 'TendwellCleaning', 'BlessedCleaningTyler', 'Summer', '1-2BR Cabin', '3-4BR', 'Kyle']",10.0,,,290.0,1,
100.0,hostaway,-83.7202355,,,4,0.0,1-4BR Cabins / House,Townsend,,0.0,146.459505,0,155.0,1,0,2025-03-14,,367835,0,"Cristina Turcan 8540 (BC) -- The Skinners Cabin: Hot Tub, Fireplace & Grill!",2026-07-01T20:59:07,35.6717372,,True,2025-03-06,"['3-4BR', 'BC', 'Group 2', 'HA1', 'NotKnox', 'Regina', 'Safely', 'TendwellCleaning', 'SCounty', '1-2BR Cabin', 'Kyle', 'MaidTooPerfectionJessica', 'EasyBNBAmanda']",0.0,,3-4 Bedrooms,155.0,1,
95.0,hostaway,-83.502251,,,3,2679.39,1-4BR Cabins / House,Sevierville,,89.31,122.67827299999999,3,160.0,1,3,2025-03-27,,367983,3,"Erica Sadler 1625 (SCounty) -- Bear Claw Hideaway | View, Hot Tub, LifeSize Gamesb",2026-09-06T15:13:51,35.7927701,,True,2025-03-06,"['Group 2', 'HA1', 'Lily', 'NORMAL', 'NotKnox', 'Pet', 'Safely', 'SCounty', 'BlessedCleaningTyler', '3-4BR', '1-2BR Cabin', 'MagicleanAnya']",66.67,,3-4 Bedrooms,167.0,1,
350.0,hostaway,-83.6043556,,,7,1113.3,Cabins/Houses (7+ Bedrooms),Sevierville,,37.11,405.357973,0,580.0,1,0,2025-03-30,,367999,3,"Luning Wang 1056 (SCounty) -- Grand Theatre Lodge: View, Hot Tub, Pool, Pet-friendly & GAMES!",2026-08-30T19:26:31,35.7795995,,True,2025-03-11,"['7+BR', 'Group 1', 'HA1', 'NotKnox', 'Safely', 'SCounty', 'Summer', 'BlessedCleaningTyler', '1-2BR Cabin', '3-4BR', 'Kyle']",10.0,,,577.0,1,
90.0,hostaway,-83.5026824,,,2,1980.09,1-4BR Cabins / House,Sevierville,,66.0,104.04155400000002,0,145.0,1,0,2025-06-13,,370119,0,"Kylie Willis 914 (SCounty) -- Blue Mist Lodge: Hot Tub, Outdoor Lounge, MORE",2026-09-04T19:20:27,35.7561229,,True,2025-03-12,"['1-2BR Cabin', 'Group 2', 'HA1', 'Lily', 'Pet', 'Safely', 'SCounty', 'TendwellCleaning', 'BlessedCleaningTyler', 'NotKnox', 'Summer', '3-4BR', 'Group 1', 'Kyle']",56.67,,1-2 Bedroom Cabins,135.0,1,
65.0,hostaway,-83.6396275,,,1,2076.34,1-4BR Cabins / House,Sevierville,,69.21,107.459296,2,115.0,1,2,2025-03-28,,370142,2,Michael Hooper 2335 (SCounty) -- The Secret Nest | Hot Tub & Jacuzzi Tub + Pet Friendly!,2026-09-05T19:05:16,35.8046713,,True,2025-03-12,"['1-2BR Cabin', 'Group 3', 'HA1', 'NotKnox', 'Pet', 'Regina', 'Safely', 'SCounty', 'BlessedCleaningTyler', '3-4BR', 'Group 2', 'Kyle']",66.67,,1-2 Bedroom Cabins,115.0,1,
100.0,hostaway,-83.6564496,,,3,3717.76,1-4BR Cabins / House,Sevierville,,123.93,130.68037999999999,0,185.0,1,0,2025-03-17,,370390,0,"Walter Franey 3325 (SCounty) -- Big Blue Ridge | MTN Views, Hot Tub, Pool Table!",2026-09-06T11:33:05,35.7447704,,True,2025-03-12,"['1-2BR Cabin', 'Group 1', 'HA1', 'NotKnox', 'Safely', 'SCounty', 'Summer', 'TendwellCleaning', 'BlessedCleaningTyler', '3-4BR']",86.67,,3-4 Bedrooms,179.0,1,
89.0,hostaway,-83.9182493,,,2,4731.8,Knox All listing,Knoxville,,157.73,136.570214,0,140.0,1,0,2025-03-28,,370539,7,Mark Mobley 135-102 (KCity) -- The Quiet Old City Hideout,2026-08-27T13:01:32,35.9691899,,True,2025-03-12,"['1-2BR Condo', 'Group 2', 'HA2', 'KCity', 'MadersCleaningTeresa', 'Safely', 'Summer', 'KnoxStaytion', 'EasyBNBAmanda', 'SCounty', '1-2BR Cabin', '3-4BR', '2BR']",36.67,,Knox 1-2BR,139.0,1,
105.0,hostaway,-83.4613102,,,4,2982.98,1-4BR Cabins / House,Gatlinburg,,114.73,124.022535,0,220.0,1,0,2025-03-26,,370546,0,"Kristen Cannon 428 (GAT) -- Moody Mountain Lodge: MTN Views, Hot Tub, GameRoom",2026-09-03T15:50:19,35.73221,,True,2025-03-12,"['GAT', 'Group 2', 'HA1', 'NotKnox', 'Safely', 'Summer', 'TendwellCleaning', 'BlessedCleaningTyler', '3-4BR', 'SCounty', '1-2BR Cabin', 'Group 1', 'Kyle']",38.46,,3-4 Bedrooms,228.0,1,
90.0,hostaway,-83.4978355,,,2,3270.43,1-4BR Cabins / House,Sevierville,,109.01,110.103783,1,165.0,1,1,2025-04-24,,373559,8,"Cameron Penn 1750 (SCounty) -- Nature's Nest | MTN View, Hot Tub & Arcade Games!",2026-09-06T16:18:57,35.7770373,,True,2025-03-21,"['1-2BR Cabin', 'Group 2', 'HA1', 'NotKnox', 'Safely', 'SCounty', 'Summer', 'TendwellCleaning', 'BlessedCleaningTyler', '3-4BR']",80.0,,1-2 Bedroom Cabins,170.0,1,
140.0,hostaway,-83.493878,,,5,2146.9,5-6 Bedrooms,Gatlinburg,,71.56,195.764114,0,220.0,1,0,2025-04-11,,374398,2,"John Kirkman 510 (GAT) -- Secluded Escape | Views, Hot Tub, Outdoor Lounge!",2026-08-28T22:03:51,35.7328713,,True,2025-03-25,"['5-6BR', 'GAT', 'Group 2', 'HA1', 'Lily', 'NORMAL', 'NotKnox', 'Safely', 'TendwellCleaning', 'FleurishAlicia', 'SCounty', '1-2BR Cabin', '3-4BR', 'Kyle']",40.0,,,203.0,1,
90.0,hostaway,-83.6182988,,,2,2319.98,1-4BR Cabins / House,Sevierville,,77.33,117.952632,0,150.0,1,0,2025-05-22,,374404,3,"Dustin Francis 3213 (SCounty) -- Smoky Ridge Hideaway: Views, Hot Tub, Game Room!",2026-09-02T15:37:10,35.7617645,,True,2025-03-25,"['1-2BR Cabin', 'Group 2', 'HA1', 'Lily', 'NORMAL', 'NotKnox', 'Safely', 'SCounty', 'BlessedCleaningTyler', '3-4BR']",60.0,,1-2 Bedroom Cabins,161.0,1,
90.0,hostaway,-83.4650012,,,3,2129.96,1-4BR Cabins / House,Gatlinburg,,71.0,108.681356,2,140.0,1,2,2025-05-23,,374406,2,"Elizabeth Garcia 309 (GAT) -- Smoky Mountain Gem | MTN View, Hot Tub, Grill!",2026-09-04T20:47:43,35.7375929,,True,2025-03-25,"['GAT', 'Group 3', 'HA1', 'Junior', 'Lily', 'NotKnox', 'Safely', 'BlessedCleaningTyler', '3-4BR', 'SCounty', '1-2BR Cabin']",50.0,,3-4 Bedrooms,150.0,1,
210.0,hostaway,-83.5248028,,,5,6275.91,5-6 Bedrooms,Gatlinburg,,209.2,252.769526,0,480.0,1,0,2025-04-07,,375171,0,"Dylan Robinson 768 (SCounty) -- The Lookout at Chalet Village: Hot Tub, Games+MORE",2026-08-31T00:04:00,35.7217736,,True,2025-03-26,"['5-6BR', 'Group 1', 'HA4', 'NotKnox', 'Safely', 'SCounty', 'Summer', 'BlessedCleaningTyler', '3-4BR', '1-2BR Cabin']",46.67,,,474.0,1,
154.0,hostaway,-83.6220407,,,5,0.0,5-6 Bedrooms,Pigeon Forge,,0.0,206.443377,0,330.0,1,0,2025-05-23,,376033,0,"Van Mulkey 3136 (PF) -- Creekside Paradise: Hot Tub,Arcade Games,NEAR PF!",2026-01-24T23:43:04,35.7854924,,True,2025-04-01,"['5-6BR', 'Group 1', 'HA1', 'NotKnox', 'PF', 'Safely', 'Summer', 'TendwellCleaning', 'FleurishAlicia', 'SCounty', '1-2BR Cabin', '3-4BR']",0.0,,,330.0,1,
160.0,hostaway,-83.574986,,,3,972.3,1-4 BR with MINIMUM REQUESTS,Sevierville,,32.41,116.37361600000003,0,170.0,1,0,2025-05-09,,376933,0,"Glen Peterson 233 (SCounty) -- The Boujee Bear | MTN View, Hot Tub, Foosball!",2026-09-02T17:05:12,35.892608,,True,2025-04-01,"['1-2BR Cabin', 'Group 1', 'HA1', 'NotKnox', 'Safely', 'SCounty', 'Summer', 'BlessedCleaningTyler', '3-4BR', 'min LOS', 'min rate']",16.67,,,166.0,1,
180.0,hostaway,-83.40716,,,2,3409.2,1-4 BR with MINIMUM REQUESTS,Sevierville,,113.64,122.14385,0,230.0,1,0,2025-10-04,,376938,0,"Glen Peterson 5175 (SCounty) -- Multi-Level Getaway | Pool, Hot Tub and Fireplace",2026-09-05T13:20:14,35.7633044,,True,2025-04-01,"['1-2BR Cabin', 'Group 1', 'HA1', 'NotKnox', 'Safely', 'SCounty', 'Summer', '3-4BR', 'BlessedCleaningTyler', 'min LOS', 'min rate']",53.33,,,229.0,1,
120.0,hostaway,-83.3513232,,,2,366.0,1-4 BR with MINIMUM REQUESTS,Gatlinburg,,12.2,88.96090000000001,2,100.0,1,2,2025-05-23,,376944,2,Glen Peterson 3710 (GAT) -- Smoky Mountain Luxurious Serenity,2026-09-03T16:28:30,35.7642454,,True,2025-04-17,"['1-2BR Condo', 'GAT', 'Group 1', 'HA1', 'NotKnox', 'Safely', 'Summer', 'TendwellCleaning', 'FleurishAlicia', 'SCounty', '1-2BR Cabin', '3-4BR', 'min LOS', 'min rate']",6.67,,1-2 Bedroom Condos,96.0,1,
100.0,hostaway,-83.6167359,,,3,2851.28,1-4BR Cabins / House,Sevierville,,95.04,133.13768,0,175.0,1,0,2025-05-16,,378580,3,"Melissa Allen 3666 (SCounty) -- Smokies Cabin Life: View, Hot Tub, Grill, Game Room",2026-08-31T12:51:08,35.7285654,,True,2025-04-04,"['Group 2', 'HA1', 'Lily', 'NORMAL', 'NotKnox', 'Pet', 'Safely', 'SCounty', 'TendwellCleaning', 'FleurishAlicia', 'HA3', '1-2BR Cabin', '3-4BR']",56.67,,3-4 Bedrooms,175.0,1,
350.0,hostaway,-83.5724212,,,8,4650.34,Cabins/Houses (7+ Bedrooms),Pigeon Forge,,155.01,243.91788300000002,0,460.0,1,0,2025-05-10,,381205,0,"Geri Giddens 437 (PF) -- Enchanted Mountain Escape: Hot tub, Grill, Games!",2026-09-01T22:31:18,35.7913093,,True,2025-04-16,"['7+BR', 'Group 1', 'HA1', 'Key', 'Lily', 'NotKnox', 'PF', 'Safely', 'BlessedCleaningTyler', 'SCounty', '1-2BR Cabin', '3-4BR', 'OglesCleaningTrenton']",36.67,,,465.0,1,
105.0,hostaway,-83.4656481,,,4,2967.21,1-4BR Cabins / House,Gatlinburg,,98.91,129.95105600000002,4,280.0,1,4,2025-05-23,,382134,4,Michelle and Roncie Fernandes 1144 (GAT) -- Bearly Dreaming Elite Location Hot Tub & Game Room,2026-09-05T19:21:35,35.7429641,,True,2025-04-28,"['GAT', 'Group 1', 'HA1', 'Key', 'Lily', 'NotKnox', 'Safely', 'BlessedCleaningTyler', '3-4BR', 'SCounty', '1-2BR Cabin', 'Group 2', 'Kyle']",50.0,,3-4 Bedrooms,266.0,1,
85.0,hostaway,-83.5057527,,,2,1783.41,1-4BR Cabins / House,Sevierville,,61.5,118.773324,0,130.0,1,0,2025-05-22,,384346,7,"Digant Patel 1554 (SCounty) -- Mountain Mischief: Hot Tub, Games & Cozy Fireplace",2026-08-25T15:41:45,35.8087214,,True,2025-04-23,"['1-2BR Cabin', 'Group 2', 'HA1', 'Katie', 'NORMAL', 'NotKnox', 'Safely', 'SCounty', 'TendwellCleaning', 'BlessedCleaningTyler', '3-4BR', 'Kyle']",58.62,,1-2 Bedroom Cabins,129.0,1,
250.0,hostaway,-83.6210969,1900.0,,6,10684.05,Luxury Cabins/Houses (5-6 Bedrooms),Sevierville,,356.14,230.67564299999998,0,450.0,1,0,2025-05-15,,385793,0,"David Sussman 3759 (SCounty) -- Chalet Bellemont: View, Heated Swim Spa, Game Room",2026-08-20T01:30:16,35.7320488,,True,2025-04-29,"['5-6BR', 'Group 1', 'HA1', 'Jordan', 'NotKnox', 'Safely', 'SCounty', 'TendwellCleaning', 'BlessedCleaningTyler', 'HA3', '1-2BR Cabin', '3-4BR', 'Stillwater', 'Luxury']",83.33,,,450.0,1,
110.0,hostaway,-83.6672971,,,3,4570.21,1-4BR Cabins / House,Sevierville,,152.34,139.958295,1,240.0,1,0,2025-08-02,,385795,6,"Jill Bishop 2719 (SCounty) -- Sawmill Lodge: Hot Tub, Theater, Putt Putt & Views",2026-09-02T23:07:38,35.7782617,,True,2025-05-01,"['Group 2', 'HA1', 'Lily', 'NORMAL', 'NotKnox', 'Safely', 'SCounty', 'TendwellCleaning', 'BlessedCleaningTyler', '3-4BR', '1-2BR Cabin', 'scounty']",66.67,,3-4 Bedrooms,234.0,1,
105.0,hostaway,-83.3444933,,,4,4831.62,1-4BR Cabins / House,Gatlinburg,,161.05,140.84610300000003,0,280.0,1,0,2025-08-27,,385800,0,"Lowell Weiss 229 (GAT) -- The Smoky Bear: View, Hot Tub, Pool & MORE!",2026-08-30T19:25:20,35.7661701,,True,2025-05-01,"['3-4BR', 'Group 2', 'HA1', 'Lily', 'NotKnox', 'Safely', 'TendwellCleaning', 'BlessedCleaningTyler', 'GAT', 'HA4', 'NORMAL', 'SCounty', '1-2BR Cabin']",56.67,,3-4 Bedrooms,299.0,1,
85.0,hostaway,-83.5646653,,,3,0.0,1-4BR Cabins / House,Sevierville,,0.0,71.239214,0,110.0,1,0,2025-05-23,,385831,0,Dan and Melissa Hanlon Combo 1&2 (SCity) -- Cedar's Peak - Downtown 2 Condos,2026-07-22T17:36:11,35.8654746,,True,2025-05-02,"['FleurishAlicia', 'Group 2', 'HA1', 'NotKnox', 'Safely', 'SCity', 'BlessedCleaningTyler', '1-2BR Cabin', '3-4BR', 'HA2', 'Lily', 'SCounty']",0.0,,3-4 Bedrooms,108.0,1,
75.0,hostaway,-83.4297821,,,1,2028.99,1-4BR Cabins / House,Sevierville,,67.63,101.49459999999999,0,130.0,1,0,2025-06-06,,386891,3,"Jordan Sims 1467 (SCounty) -- Smoky Mountain Dove | Hot Tub, Firepit, Fireplace",2026-09-03T21:12:01,35.84112,,True,2025-05-01,"['1-2BR Cabin', 'Group 2', 'HA1', 'Lily', 'NotKnox', 'Safely', 'SCounty', 'BlessedCleaningTyler', '3-4BR']",63.33,,1-2 Bedroom Cabins,132.0,1,
90.0,hostaway,-83.681121,,,2,2494.03,1-4BR Cabins / House,Townsend,,83.13,114.81777899999999,2,170.0,1,0,2025-06-28,,386914,6,"Tara Rao 116 (BC) -- The Little Timber: Cozy, Hot Tub & Fireplace!",2026-09-02T19:10:38,35.695274,,True,2025-06-25,"['1-2BR Cabin', 'BC', 'Group 2', 'HA1', 'Lily', 'MaidTooPerfection', 'NORMAL', 'NotKnox', 'Safely', 'SCounty', '3-4BR', 'Summer', 'TendwellCleaning', 'MaidTooPerfectionJessica']",63.33,,1-2 Bedroom Cabins,160.0,1,
98.0,hostaway,-83.5298302,,,3,2080.19,1-4BR Cabins / House,Pigeon Forge,,69.34,115.35188000000001,3,180.0,1,3,2025-05-22,,387284,3,Ruth Heath 458 (PF) -- Cloudspire Chalet: Arcade Games & Outdoor Lounge!,2026-09-04T21:55:17,35.7767062,,True,2025-05-07,"['3-4BR', 'Group 2', 'HA1', 'Lily', 'NORMAL', 'Pet', 'PF', 'Safely', 'TendwellCleaning', 'BlessedCleaningTyler', 'SCounty', '1-2BR Cabin', 'NotKnox']",46.67,,3-4 Bedrooms,167.0,1,
110.0,hostaway,-83.4851291,,,2,1880.78,1-4 BR with MINIMUM REQUESTS,Sevierville,,62.69,73.468536,0,110.0,1,0,2025-06-12,,387295,0,"Kaley Eversgerd 933 (SCounty) -- Mountaintop RnR | Hot Tub, Roku TVs & Fireplace!",2026-08-18T21:18:11,35.9276675,,True,2025-05-07,"['1-2BR Cabin', 'Group 2', 'HA1', 'Lily', 'NORMAL', 'NotKnox', 'Safely', 'SCounty', 'TendwellCleaning', 'BlessedCleaningTyler', '3-4BR']",53.33,,1-2 Bedroom Cabins,108.0,1,
149.0,hostaway,-83.5768514,,,5,3982.77,5-6 Bedrooms,Pigeon Forge,,132.76,182.63057400000002,0,310.0,1,0,2025-06-17,,393217,0,Pooja Mehta 2933 (PF) -- Spacious Pet Friendly 5BR Retreat w/ Theater & Hot Tub,2026-08-30T15:42:55,35.7824715,,True,2025-05-23,"['5-6BR', 'Group 2', 'HA1', 'Katie', 'NORMAL', 'NotKnox', 'PF', 'Safely', 'TendwellCleaning', 'FleurishAlicia', 'SCounty', '1-2BR Cabin', '3-4BR', 'Kyle']",60.0,,,323.0,1,
120.0,hostaway,-83.6080869,,,1,2282.85,1-4 BR with MINIMUM REQUESTS,Sevierville,,76.09,92.87388000000001,0,140.0,1,0,2025-06-07,,393226,0,"Katrina Maloney 659 (SCounty) -- Rustic Retreat  Jacuzzi, Fireplaces & Views",2026-08-12T04:10:07,35.8491817,,True,2025-05-22,"['1-2BR Cabin', 'Group 2', 'HA1', 'Lily', 'NotKnox', 'Safely', 'SCounty', 'BlessedCleaningTyler', 'Summer', '3-4BR', 'min rate']",50.0,,,147.0,1,
95.0,hostaway,-83.4736032,,,3,2924.53,1-4BR Cabins / House,Sevierville,,100.85,93.97008400000001,0,180.0,1,0,2025-07-03,,393898,0,"Mark Urban 2123 (SCounty) -- Smoky Summit: Hot Tub, Games, Views, + Pets 50lbs>",2026-09-03T21:55:13,35.8917002,,True,2025-06-12,"['Group 2', 'HA1', 'NotKnox', 'Pet', 'Safely', 'SCounty', 'Summer', 'TendwellCleaning', '3-4BR', '1-2BR Cabin']",75.86,,3-4 Bedrooms,171.0,1,
100.0,hostaway,-83.5716253,,,3,2242.92,1-4BR Cabins / House,Sevierville,,80.1,117.987657,0,180.0,1,0,2025-05-24,,393926,0,"Andrew Crawford 1024 (SCity) -- Unbeatable Cabin-PetsAllowed,Hot Tub,Firepit,Games",2026-09-01T02:51:15,35.8924024,,True,2025-05-30,"['ElainyCleaner', 'Group 2', 'HA1', 'Lily', 'NotKnox', 'Pet', 'Safely', 'SCity', '3-4BR', '1-2BR Cabin', 'SCounty']",57.14,,3-4 Bedrooms,185.0,1,
140.0,hostaway,-83.4916056,1799.0,,3,7972.36,Luxury Cabins/Houses (3-4 Bedrooms),Gatlinburg,,265.75,138.96814400000002,0,400.0,1,0,2025-06-07,,394794,0,Candace Thompson 673 (GAT) -- Gatlinburg Splash-Theater-Pool,2026-09-04T22:03:55,35.720075,,True,2025-05-23,"['GAT', 'Group 1', 'HA6', 'Lily', 'NotKnox', 'Safely', 'TendwellCleaning', '3-4BR', 'HA3', 'SCounty', '1-2BR Cabin', 'Jordan', 'Stillwater']",86.67,,,393.0,1,
401.0,hostaway,-83.5248942,,,6,11304.5,Luxury Cabins/Houses (5-6 Bedrooms),Gatlinburg,,376.82,281.097468,0,800.0,1,0,2025-06-09,,394796,0,Candace Thompson 720 (SCounty) -- Great Smoky Getaway-Hot Tub-Pool,2026-09-05T15:14:33,35.7288411,,True,2025-05-23,"['5-6BR', 'Group 1', 'HA6', 'Jordan', 'NotKnox', 'Safely', 'SCounty', 'TendwellCleaning', 'Lily', 'HA3', '1-2BR Cabin', '3-4BR', 'Stillwater']",43.33,,,791.0,1,
120.0,hostaway,-83.5796383,,,3,2041.3,1-4 BR with MINIMUM REQUESTS,Pigeon Forge,,68.04,110.533461,0,165.0,1,0,2025-06-05,,396703,0,"Jason Hyre 568 (PF) -- Winding Down: Pet Friendly, Hot Tub, Games, and Near PF",2026-08-20T23:22:47,35.7955181,,True,2025-06-02,"['Group 2', 'HA1', 'Lily', 'NORMAL', 'NotKnox', 'PF', 'Safely', 'TendwellCleaning', '3-4BR', 'SCounty', '1-2BR Cabin', 'Pet', 'Summer', 'min rate']",50.0,,3-4 Bedrooms,165.0,1,
210.0,hostaway,-83.5261527,,,5,6783.44,5-6 Bedrooms,Gatlinburg,,226.11,247.880976,0,530.0,1,0,2025-07-18,,396708,3,Dylan Robinson 744 (SCounty) -- The Overlook at Chalet Village: Hot Tub+Games+MORE,2026-09-02T19:55:59,35.7212487,,True,2025-06-17,"['5-6BR', 'Group 1', 'HA4', 'NotKnox', 'Safely', 'SCounty', 'Summer', 'BlessedCleaningTyler', '3-4BR', '1-2BR Cabin', 'GAT']",46.67,,,541.0,1,
440.0,hostaway,-83.6045543,,,7,13167.09,Cabins/Houses (7+ Bedrooms),Sevierville,,438.9,233.59297499999997,0,730.0,1,0,2025-05-14,,398239,0,Lou and Elva Romano 2556 (SCounty) -- Mr Blue Skies - 7BR Sleeps 20 Views / Private Pool,2026-09-05T16:17:57,35.7464924,,True,2025-06-03,"['7+BR', 'Group 1', 'HA6', 'Key', 'Lily', 'NotKnox', 'Safely', 'SCounty', 'SS', 'TendwellCleaning', '1-2BR Cabin', '3-4BR']",56.67,,,720.0,1,
105.0,hostaway,-83.5341695,,,4,2265.5,1-4BR Cabins / House,Gatlinburg,,75.52,203.23787000000002,5,230.0,1,5,2025-05-08,,398775,5,Rachel Ewe 816 (GAT) -- Chalet Vista | Pool  Hot Tub  Game Room  Views,2026-09-05T17:15:21,35.7255291,,True,2025-06-06,"['GAT', 'Group 1', 'HA6', 'Key', 'Lily', 'NotKnox', 'Safely', 'SS', 'TendwellCleaning', '3-4BR', 'SCounty', '1-2BR Cabin']",36.67,,3-4 Bedrooms,233.0,1,
450.0,hostaway,-83.6426968,,,8,11108.6,Cabins/Houses (7+ Bedrooms),Sevierville,,370.29,324.345637,0,830.0,1,0,2024-11-22,,398789,0,Angela McIlveen 811 (SCounty) -- Best Area Views-Games/HotTub/Private Pool/PuttPutt,2026-08-29T19:27:01,35.8468011,,True,2025-06-06,"['7+BR', 'Group 1', 'HA6', 'Key', 'Lily', 'NotKnox', 'Safely', 'SCounty', 'SS', 'TendwellCleaning', '1-2BR Cabin', '3-4BR']",40.0,,,835.0,1,
209.0,hostaway,-83.5342298,,,5,5937.37,5-6 Bedrooms,Gatlinburg,,197.91,243.72205200000002,0,460.0,1,0,2025-05-17,,399869,4,"Taylor Mast 793 (GAT) -- Grand Vista Lodge | Pool, Hot Tub & Epic Views",2026-09-06T00:38:59,35.7246723,,True,2025-06-09,"['5-6BR', 'GAT', 'Group 1', 'HA6', 'Key', 'Lily', 'NotKnox', 'Safely', 'SS', 'TendwellCleaning', 'SCounty', '1-2BR Cabin', '3-4BR']",50.0,,,512.0,1,
290.0,hostaway,-83.3259508,,,6,7262.52,5-6 Bedrooms,Dandridge,,242.08,195.11305200000004,0,420.0,1,0,2025-07-18,,402604,0,Daryl Nelson 159 (JC) -- Blessed Getaway: Theater+LakeView+GAMES!,2026-08-11T01:07:17,35.9914089,,True,2025-06-13,"['5-6BR', 'Group 1', 'HA1', 'JC', 'Key', 'NotKnox', 'Safely', 'Summer', 'TendwellCleaning', 'Lily', 'SCounty', '1-2BR Cabin', '3-4BR']",50.0,,,452.0,1,
100.0,hostaway,-83.5514529,,,2,450.0,1-4 BR with MINIMUM REQUESTS,Gatlinburg,,15.0,84.984513,0,100.0,1,0,2025-07-12,,403310,4,Brandon Brown 207 (GAT) -- Stunning Mountain Views with Community Amenities!,2026-08-27T00:51:08,35.7123518,,True,2025-06-17,"['1-2BR Condo', 'GAT', 'Group 3', 'HA1', 'Junior', 'Lily', 'NotKnox', 'Safely', 'BlessedCleaningTyler', 'SCounty', '1-2BR Cabin', '3-4BR', 'Group 2', 'min rate']",13.33,,1-2 Bedroom Condos,97.0,1,
420.0,hostaway,-83.6483618,3000.0,,7,21791.08,Luxury Cabins/Houses (5-6 Bedrooms),Sevierville,,726.37,252.00088,1,1310.0,1,1,2025-07-14,,408382,1,Priya Dhawan 2534 (SCounty) -- Brand New~Luxury Lodge~Views~Pool~Golf Sim~Hot Tub,2026-09-04T01:37:58,35.75931113,,True,2025-07-02,"['7+BR', 'Group 1', 'HA6', 'NotKnox', 'Safely', 'SCounty', 'TendwellCleaning', 'Lily', 'HA3', '1-2BR Cabin', '3-4BR', 'Jordan', 'Stillwater']",80.0,,,1301.0,1,
100.0,hostaway,-83.5253334,,,3,3794.11,1-4BR Cabins / House,Gatlinburg,,126.47,173.60892,6,240.0,1,6,2025-09-23,,409413,6,Ramesh Kumar 772 (GAT) -- Bearfoot Ridge: Hot Tub | Game Room | MTN Views!,2026-09-05T21:02:07,35.7217578,,True,2025-07-03,"['3-4BR', 'GAT', 'Group 2', 'HA1', 'Katie', 'NotKnox', 'Safely', 'Summer', 'SCounty', '1-2BR Cabin', 'TendwellCleaning']",76.67,,3-4 Bedrooms,237.0,1,
230.0,hostaway,-83.3621175,,,6,2082.0,5-6 Bedrooms,Pittman Center,,74.36,216.198698,0,380.0,1,0,2025-08-08,,409426,0,"Nick Jacoby 440 (PCenter) -- The Treasure Of Tennessee: View, 2 Hot Tubs, Pool!",2026-09-05T14:00:50,35.7657392,,True,2025-07-04,"['5-6BR', 'Group 1', 'HA1', 'Key', 'Lily', 'NotKnox', 'PC', 'PCenter', 'Safely', 'TendwellCleaning', 'SCounty', '1-2BR Cabin', '3-4BR']",14.29,,,400.0,1,
90.0,hostaway,-83.9402568,,,3,1047.68,Knox All listing,Knoxville,,34.92,129.730601,0,133.0,1,0,2025-07-25,,411807,10,Matt Painter 2104 (KCity) -- Cozy Corner: Spacious Area & Outdoor Lounges!,2026-08-26T22:28:41,36.0274872,,True,2025-07-10,"['Group 3', 'HA2', 'KCity', 'MadersCleaningTeresa', 'Regina', 'Safely', 'KnoxStaytion', '3-4BR', 'SCounty', '1-2BR Cabin', 'Group 2']",33.33,,Knox 3-4BR,130.0,1,
75.0,hostaway,-83.9203424,,,1,3031.74,Knox All listing,Knoxville,,101.06,118.30712400000003,3,132.0,1,3,2026-06-26,,413965,3,Jenn Sackenheim 112-B3 (KCity) -- Stylish Loft on South Gay | Downtown Knoxville,2026-09-05T19:54:27,35.9685819,,True,2025-07-17,"['1-2BR Condo', 'Group 3', 'HA2', 'KCity', 'MadersCleaningTeresa', 'Safely', 'Blocked Calendar', 'SCounty', 'HA3', '1-2BR Cabin', '3-4BR']",23.33,,Knox 1-2BR,127.0,1,
85.0,hostaway,-83.552372,,,3,0.0,1-4BR Cabins / House,Gatlinburg,,0.0,92.22368399999999,0,125.0,1,0,2025-08-08,,415225,0,"Jeanine Patterson 1161 (GAT) -- Smoky Hearth Retreat: Pool, Hot Tub, Games & MORE!",2026-09-03T12:36:01,35.7080608,,True,2025-07-21,"['GAT', 'Group 2', 'HA1', 'Lily', 'NORMAL', 'NotKnox', 'Safely', 'TendwellCleaning', '3-4BR', 'SCounty', '1-2BR Cabin']",0.0,,3-4 Bedrooms,134.0,1,
100.0,hostaway,-83.4783731,,,1,3942.76,1-4BR Cabins / House,Sevierville,,131.43,106.866592,0,225.0,1,0,2025-08-29,,418398,0,Robin Lall 3931 (SCounty) -- HoneyscapeTreehouse:HotTub+IntimateGetaway,2026-08-24T16:55:17,35.7685145,,True,2025-07-31,"['1-2BR Cabin', 'Group 2', 'HA1', 'NotKnox', 'Safely', 'SCounty', 'Summer', '3-4BR', 'TendwellCleaning']",63.33,,1-2 Bedroom Cabins,215.0,1,
105.0,hostaway,-83.4541221,,,4,3292.77,1-4BR Cabins / House,Sevierville,,109.76,133.0056,0,210.0,1,0,2025-08-29,,422503,0,"Karen Wanamarta 3736 (SCounty) -- Dolly's Darling Cabin | Views, Hot Tub, Game Area!",2026-08-26T17:09:13,35.7992002,,True,2025-08-11,"['Group 2', 'HA1', 'Katie', 'NORMAL', 'NotKnox', 'Safely', 'SCounty', 'TendwellCleaning', '3-4BR', 'Lily', '1-2BR Cabin']",53.33,,3-4 Bedrooms,210.0,1,
100.0,hostaway,-83.4785741,,,3,2895.03,1-4BR Cabins / House,Sevierville,,96.5,118.439854,0,200.0,1,0,2025-09-11,,422587,6,"Jerry Pegram 2137 (SCounty) -- Secluded Cabin: Hot Tub, Fireplace, GameRoom, Pet Friendly",2026-09-03T15:24:35,35.7562879,,True,2025-08-12,"['Group 2', 'HA1', 'NotKnox', 'Safely', 'SCounty', 'TendwellCleaning', 'Summer', '3-4BR', '1-2BR Cabin', 'BlessedCleaningTyler']",66.67,,3-4 Bedrooms,215.0,1,
90.0,hostaway,-83.4408225,,,2,2669.15,1-4BR Cabins / House,Sevierville,,88.97,118.67979600000001,0,135.0,1,0,2025-10-08,,423924,0,"Patty Cloninger 2208 (SCounty) -- Peaceful Retreat: Hot Tub, Grill, Fireplace & MORE",2026-08-13T09:45:54,35.7748467,,True,2025-08-15,"['1-2BR Cabin', 'Group 2', 'HA1', 'Lily', 'NotKnox', 'Safely', 'SCounty', 'TendwellCleaning', 'NORMAL', '3-4BR']",76.67,,1-2 Bedroom Cabins,129.0,1,
250.0,hostaway,-83.9203924,,,2,4101.7,1-4 BR with MINIMUM REQUESTS,Knoxville,,178.33,136.59673500000002,0,196.0,1,0,2025-10-08,,423929,4,Patrick Lannon 210 (KCity) -- Highway Vintage | Boutique City Escape,2026-08-29T03:44:27,35.9689154,,True,2025-08-15,"['1-2BR Condo', 'Group 2', 'HA2', 'KCity', 'Regina', 'Safely', 'KnoxStaytion', 'SCounty', '1-2BR Cabin', '3-4BR']",34.78,,Knox 1-2BR,195.0,1,
149.0,hostaway,-83.645393,,,5,3071.86,5-6 Bedrooms,Sevierville,,102.4,237.64404400000004,2,285.0,1,2,2025-09-26,,431015,2,"Bob Surak 2010 (SCounty) -- Rustic Cove: Views, Hot Tub, Theater & Game Room!",2026-09-04T13:06:47,35.795989,,True,2025-09-08,"['5-6BR', 'Group 2', 'HA1', 'Lily', 'NORMAL', 'NotKnox', 'Safely', 'SCity', 'SCounty', 'BlessedCleaningTyler', '1-2BR Cabin', '3-4BR']",53.33,,,298.0,1,
110.0,hostaway,-83.9359484,,,4,5483.03,Knox All listing,Maryville,,182.77,146.78967200000002,7,235.0,1,0,2025-10-02,,431878,11,"Jeff Winberry 2627 (BC) -- White Lodge, 4BD, Sleeps 8 w/Fire Pit, Close to TYS",2026-09-02T16:21:09,35.7914264,,True,2025-09-16,"['3-4BR', 'BC', 'Group 3', 'HA1', 'NotKnox', 'Regina', 'Safely', 'SCounty', '1-2BR Cabin', 'Group 2', 'TurnoverProDonnita']",66.67,,Knox 3-4BR,225.0,1,
90.0,hostaway,-83.5200466,,,2,1943.28,1-4BR Cabins / House,Sevierville,,64.78,116.17874600000002,0,155.0,1,0,2025-11-27,,432526,0,"Daniel Shepherd 1931 (SCounty) -- Smokies Mountain Charm: Views, Hot Tub, Game Room!",2026-08-21T14:34:08,35.79202,,True,2025-09-12,"['1-2BR Cabin', 'Group 1', 'HA1', 'Safely', 'Summer', 'TendwellCleaning', 'SCounty', 'NotKnox', 'PF']",50.0,,1-2 Bedroom Cabins,158.0,1,
90.0,hostaway,-83.4601126,,,2,2644.71,1-4BR Cabins / House,Gatlinburg,,88.16,118.73467199999999,3,180.0,1,0,2025-10-02,,432546,6,Simon Shanco 1626 (GAT) -- Smoky Whispers: Hot Tub+PoolTable+Grill+PETS!,2026-08-31T18:34:06,35.7499754,,True,2025-09-12,"['1-2BR Condo', 'GAT', 'Group 2', 'HA1', 'NotKnox', 'Regina', 'Safely', 'SCounty', 'TendwellCleaning']",66.67,,1-2 Bedroom Condos,180.0,1,
105.0,hostaway,-83.6173635,,,2,0.0,1-4BR Cabins / House,Sevier County,,0.0,121.02478,0,200.0,1,0,,,432565,0,David Artuso 69 -- Smokies Ridge Cabin,,35.7594798,,True,2025-09-12,"['1-2BR Cabin', 'Blocked Calendar', 'HA1', 'Safely', 'Summer', 'SCounty', 'NotKnox']",0.0,,1-2 Bedroom Cabins,200.0,1,
90.0,hostaway,-83.4615444,,,3,1106.5,1-4BR Cabins / House,Sevierville,,36.88,99.22965,0,135.0,1,0,2025-10-24,,434009,3,"Bobby Nicely 1132 (SCounty) -- Fireside Lodge: Lake View, HotTub, Comm Pool+Games",2026-08-28T08:50:47,35.9182308,,True,2025-09-17,"['Group 2', 'HA1', 'Lily', 'NotKnox', 'Safely', 'SCounty', 'TendwellCleaning', '3-4BR', 'NORMAL', '1-2BR Cabin']",30.0,,3-4 Bedrooms,135.0,1,
95.0,hostaway,-83.6080475,,,3,4771.49,1-4BR Cabins / House,Sevierville,,159.05,144.87937,0,260.0,1,0,2025-11-07,,434010,0,"Mohan Thorat 2424 (SCounty) -- The Real McCoy | Epic Views, Hot Tub, Arcade!",2026-08-23T01:38:55,35.7496938,,True,2025-09-17,"['Group 2', 'HA1', 'Katie', 'NORMAL', 'NotKnox', 'Safely', 'SCounty', 'TendwellCleaning', 'SCity']",90.0,,3-4 Bedrooms,241.0,1,
115.0,hostaway,-83.9172369,,,2,3919.92,Knox All listing,Knoxville,,130.66,141.808725,2,150.0,1,2,2025-10-24,,434011,2,Janet Briel 316 (KCity) -- Cityscape Townhouse: Near Market Square & Downtown,2026-09-03T18:48:01,35.9536247,,True,2025-09-17,"['1-2BR Condo', 'Group 2', 'HA2', 'knoxville', 'Regina', 'Safely', 'TurnoverProDonnita', 'KnoxStaytion', '1-2BR Cabin', 'HA1', 'NotKnox', 'SCounty', 'KCity']",30.0,,Knox 1-2BR,148.0,1,
80.0,hostaway,-83.637899,,,2,2509.79,1-4BR Cabins / House,Sevierville,,83.66,111.19784200000001,1,120.0,1,0,2025-10-07,,436020,5,"Rick Norris 1712 (SCounty) -- Warm Modern Lodge: Hot Tub, Fireplace & Pacman!",2026-08-30T18:10:50,35.8053511,,True,2025-09-24,"['1-2BR Cabin', 'Group 2', 'HA1', 'NotKnox', 'Regina', 'Safely', 'SCounty']",76.67,,1-2 Bedroom Cabins,121.0,1,
90.0,hostaway,-83.6180054,,,3,1460.49,1-4BR Cabins / House,Sevierville,,48.68,140.24864,3,120.0,1,3,2025-10-24,,436992,3,"Juan Nunez 3272 (SCounty) -- Rustic RidgeView: Hot Tub, Grill, Foosball & More!",2026-09-04T13:27:04,35.7600477,,True,2025-09-29,"['Group 1', 'HA1', 'Katie', 'NotKnox', 'Safely', 'SCounty', 'TendwellCleaning', 'Regina', '3-4BR']",56.67,,3-4 Bedrooms,118.0,1,
95.0,hostaway,-83.5058243,,,3,2959.32,1-4BR Cabins / House,Sevierville,,98.64,128.450539,6,245.0,1,0,2025-10-08,,436996,6,"Lauren Dela Cruz 1550 (SCounty) -- Pitch Perfect: View, Hot Tub, Games, Pool & MORE",2026-09-02T22:49:04,35.8088893,,True,2025-09-29,"['Group 1', 'HA1', 'NotKnox', 'SCounty', 'Summer', 'Safely', '3-4BR']",60.0,,3-4 Bedrooms,244.0,1,
100.0,hostaway,-83.5904132,,,2,2965.73,1-4BR Cabins / House,Pigeon Forge,,98.86,89.44683,2,220.0,1,2,2025-10-09,,436999,2,"Lauren Dela Cruz 526 (PF) -- Bearly Behavin | Hot Tub, Pool, Arcade Game, MORE",2026-09-06T13:01:04,35.8018309,,True,2025-09-29,"['1-2BR Cabin', '3-4BR', 'Group 1', 'HA1', 'PF', 'Summer', 'TendwellCleaning', 'Safely', 'SCounty', 'NotKnox']",70.0,,1-2 Bedroom Cabins,224.0,1,
100.0,hostaway,-83.4176794,,,4,1231.17,1-4BR Cabins / House,Sevierville,,41.04,145.50354000000002,0,200.0,1,0,2025-10-23,,437003,0,"Krista Fontana 2779 (SCounty) -- Sleeps 10, HotTub, Game Room, Views, Pet Friendly",2026-08-11T14:02:51,35.8645118,,True,2025-09-29,"['Group 1', 'HA1', 'NotKnox', 'Safely', 'SCounty', 'Summer', 'TendwellCleaning', '3-4BR', 'HA3']",33.33,,3-4 Bedrooms,171.0,1,
95.0,hostaway,-83.2637655,,,3,349.8,1-4BR Cabins / House,3428 White Pine,,16.66,77.73925,0,145.0,1,0,2025-11-26,,444432,0,"Laurie Keenan 3428 (JC) -- Whiskey Cove: Lakefront, 2 Fireplaces, 2 FirePits",2026-09-03T20:14:05,36.0492404,,True,2025-10-20,"['3-4BR', 'Group 2', 'HA1', 'JC', 'NotKnox', 'Regina', 'TendwellCleaning', 'NORMAL', 'Safely']",9.52,,3-4 Bedrooms,133.0,1,
100.0,hostaway,-83.5262393,,,3,954.0,1-4BR Cabins / House,Sevierville,,31.8,105.4566,0,165.0,1,0,2026-02-13,,447892,0,"Patrick Hurd 1825 (SCounty) -- Sunshine Cottage: Hot Tub, Game Room, Grill, MORE!",2026-09-01T14:02:08,35.8217766,,True,2025-10-29,"['3-4BR', 'Group 2', 'HA1', 'Katie', 'Pet', 'SCounty', 'TendwellCleaning']",10.0,,3-4 Bedrooms,165.0,1,
90.0,hostaway,-83.4824517,,,3,0.0,1-4BR Cabins / House,Sevierville,,0.0,94.96739600000001,0,160.0,1,0,2025-12-24,,449759,0,"Laurie Keenan Combo 2587/2589 (SCounty) -- Whiskey Duo: 2 Cabins SidebySide, HotTubs, Firepit",2026-08-14T14:32:03,35.9258294,,True,2025-11-06,"['3-4BR', 'Group 2', 'HA1', 'NotKnox', 'Regina', 'Safely', 'SCounty', 'TendwellCleaning']",0.0,,3-4 Bedrooms,141.0,1,
95.0,hostaway,-83.6762372,,,3,501.73,1-4BR Cabins / House,Sevierville,,17.92,138.57314899999997,0,150.0,1,0,2025-12-12,,453233,0,"Sarah Pearce 2622 (SCounty) -- High Cotton | Epic Views, Hot Tub, & Pool Table!",2026-08-12T00:13:24,35.7253396,,True,2025-11-14,"['Group 2', 'HA1', 'Katie', 'NORMAL', 'NotKnox', 'BlessedCleaningTyler']",10.71,,3-4 Bedrooms,147.0,1,
80.0,hostaway,-83.4793228,,,2,736.73,1-4BR Cabins / House,Sevierville,,24.56,114.885321,4,130.0,1,4,2026-01-17,,454793,4,Siobhan Belgiovene 1820 (SCounty) -- Little Woods Cabin | Family-Friendly w/ Games!,2026-09-05T22:07:13,35.7545226,,True,2025-11-20,"['1-2BR Cabin', 'Group 3', 'HA4', 'Junior', 'Lily', 'NotKnox', 'SCounty', 'TendwellCleaning', 'HA1']",23.33,,1-2 Bedroom Cabins,113.0,1,
205.0,hostaway,-83.5663651,,,5,7230.23,5-6 Bedrooms,Pigeon Forge,,241.01,188.793315,0,420.0,1,0,2025-12-24,,454800,0,"Raman Gurai 1118 (PF) -- The Wedded Nest | Views, Huge, Hot Tub, Game Room!",2026-09-05T14:45:21,35.7663389,,True,2025-11-20,"['5-6BR', 'Group 1', 'HA4', 'NotKnox', 'PF', 'Summer', 'BlessedCleaningTyler', 'HA1']",46.67,,,424.0,1,
80.0,hostaway,-83.9181457,,,1,5115.39,Knox All listing,Knoxville,,170.51,121.15819400000002,0,140.0,1,0,2026-02-26,,457014,4,Lindsey Burch 110-B (KCity) -- The Luxe Loft | Knoxville,2026-09-05T01:45:07,35.9701306,,True,2025-11-24,"['1-2BR Condo', 'Group 1', 'HA2', 'KCity', 'MadersCleaningTeresa', 'Regina', 'KnoxStaytion']",66.67,,Knox 1-2BR,141.0,1,
90.0,hostaway,-83.9181139,,,2,5743.5,Knox All listing,Knoxville,,191.45,139.15755000000001,3,150.0,1,2,2026-02-13,,457025,3,Lindsey Burch 110-A (KCity) -- Old City Loft | Knoxville,2026-09-05T23:39:14,35.9695617,,True,2025-11-24,"['1-2BR Condo', 'Group 1', 'HA2', 'KCity', 'MadersCleaningTeresa', 'KnoxStaytion']",36.67,,Knox 1-2BR,148.0,1,
75.0,hostaway,-83.5596246,,,2,1625.53,1-4BR Cabins / House,Gatlinburg,,54.18,74.656816,0,110.0,1,0,2026-05-23,,458087,0,Eric Fleming 1260-6203 (GAT) -- Ski View LookOut: EPIC VIEWS! Community Amenities!,2026-08-25T22:10:22,35.7079418,,True,2026-01-19,"['1-2BR Condo', 'GAT', 'Group 2', 'HA1', 'Lily', 'NotKnox', 'TendwellCleaning']",60.0,,1-2 Bedroom Condos,115.0,1,
100.0,hostaway,-83.8131373,,,4,2155.07,1-4BR Cabins / House,Townsend,,71.84,149.33506400000002,16,160.0,1,14,2025-12-30,,461618,16,"Jeff Albaum 215 (BC) -- The WoodView Hideaway | Hot Tub, Game Room & MORE!",2026-09-05T15:03:51,35.6651154,,True,2025-12-04,"['3-4BR', 'BC', 'Group 2', 'HA4', 'NotKnox']",63.33,,3-4 Bedrooms,136.0,1,
110.0,hostaway,-83.4011362,,,3,5538.26,1-4BR Cabins / House,Sevierville,,184.61,114.461202,1,280.0,1,1,2026-01-08,,465438,5,"Annie Wang 904 (SCounty) -- Peak View Retreat | Spacious, Hot Tub, Game Room!",2026-09-05T14:05:57,35.8568769,,True,2025-12-15,"['3-4BR', 'Group 2', 'HA4', 'Lily', 'NotKnox', 'Safely', 'SCounty', 'TendwellCleaning']",83.33,,3-4 Bedrooms,273.0,1,
85.0,hostaway,-83.5385982,,,2,2102.37,1-4BR Cabins / House,Pigeon Forge,,70.08,89.25730800000001,10,200.0,1,3,2026-02-07,,465445,10,"Jake Cowley 745 (PF) -- Whisperwood Lodge | Hot Tub, Arcade, 2 Fireplace!",2026-09-06T15:59:14,35.7888317,,True,2025-12-15,"['1-2BR Cabin', 'Group 2', 'HA4', 'Lily', 'NotKnox', 'PF', 'Safely', 'TendwellCleaning']",56.67,,1-2 Bedroom Cabins,161.0,1,
105.0,hostaway,-83.6819857,,,4,4519.95,1-4BR Cabins / House,Townsend,,150.67,165.55239999999998,4,210.0,1,0,2026-02-13,,466115,4,"Duane Reeder 136 (BC) -- Above the Clouds | Views, Hot Tub, Grill, Games!",2026-08-30T13:38:28,35.6967157,,True,2025-12-15,"['3-4BR', 'BC', 'BCounty', 'Group 2', 'HA4', 'Katie', 'NotKnox', 'TendwellCleaning']",70.0,,1-2 Bedroom Cabins,210.0,1,
150.0,hostaway,-83.6580821,,,5,479.62,5-6 Bedrooms,Sevierville,,15.99,215.265744,3,200.0,1,3,2026-03-27,,467671,3,"Raju Kalidindi 2685 (SCounty) -- Serene Mountain Cabin | Hot Tub, 2Fireplace, Grill",2026-09-04T02:17:18,35.7279221,,True,2025-12-18,"['5-6BR', 'Group 2', 'HA4', 'Katie', 'NORMAL', 'NotKnox', 'SCounty', 'TendwellCleaning']",10.0,,,190.0,1,
800.0,hostaway,-83.6493401,2500.0,,2,3000.0,Luxury Cabins/Houses (3-4 Bedrooms),Sevierville,,100.0,119.94448400000002,2,1050.0,1,2,2026-01-17,,473137,2,Priya Dhawan 2534 - 2 (SCounty) -- Golf Sim+Pool+Hot tub+Games+Grill+Fireplace+More!,2026-09-03T14:29:22,35.7595091,,True,2026-01-06,[''],6.67,,,1092.0,1,
95.0,hostaway,-83.4926179,,,2,3112.34,1-4BR Cabins / House,Sevierville,,103.74,109.24276600000002,7,150.0,1,0,2026-02-13,,473513,7,"Sharon Holderman 1523 (SCounty) -- Eagle's Sky View | Peaceful, Cozy with Hot Tub!",2026-09-03T02:17:48,35.7549116,,True,2026-01-07,"['1-2BR Cabin', 'Group 2', 'HA4', 'NotKnox', 'TendwellCleaning']",86.67,,1-2 Bedroom Cabins,150.0,1,
90.0,hostaway,-83.5431407,,,2,2643.24,1-4BR Cabins / House,Gatlinburg,,97.9,110.34170199999998,0,140.0,1,0,2026-02-11,,473977,3,"Derek Trainer 1687 (GAT) -- Locklyn's Loft | Views, Hot Tub, Game Room & MORE!",2026-09-05T12:50:01,35.7034317,,True,2026-01-08,"['1-2BR Cabin', 'GAT', 'Group 2', 'HA4', 'NotKnox', 'Regina', 'TendwellCleaning', 'Lily']",85.19,,1-2 Bedroom Cabins,150.0,1,
230.0,hostaway,-83.5540915,,,5,8388.06,5-6 Bedrooms,Pigeon Forge,,279.6,173.342715,0,450.0,1,0,2026-02-12,,474437,0,"Rob Byun 2013 (PF) -- Smoky Dream Lodge: Heated Pool, Hot Tub & Games!",2026-09-03T15:48:43,35.8126953,,True,2026-01-09,"['5-6BR', 'Group 2', 'NORMAL', 'NotKnox', 'Pet', 'PF', 'Summer', 'TendwellCleaning', '3-4BR']",70.0,,,466.0,1,
95.0,hostaway,-83.4886286,,,3,2263.98,1-4BR Cabins / House,Gatlinburg,,75.47,141.46016000000003,0,170.0,1,0,2026-02-13,,475435,0,"Jason Barton 750 (GAT) -- Bear Point - The Meeting Place w/ Hot Tub, Games!",2026-08-21T17:12:03,35.7213727,,True,2026-01-12,"['GAT', 'Group 2', 'HA1', 'Katie', 'NotKnox', 'TendwellCleaning']",46.67,,3-4 Bedrooms,177.0,1,
110.0,hostaway,-83.6117489,,,3,3399.65,1-4BR Cabins / House,Sevierville,,113.32,102.86239499999999,0,200.0,1,0,2026-03-06,,478090,0,"Laura Earl 1117 (SCounty) -- Perfect Cabin in Paradise: Hot Tub, Pool, Games!",2026-08-14T11:32:12,35.8497313,,True,2026-01-20,"['3-4BR', 'Group 1', 'HA1', 'NotKnox', 'SCounty', 'Summer', 'TendwellCleaning']",66.67,,3-4 Bedrooms,210.0,1,
120.0,hostaway,-83.9199818,,,2,7669.72,Knox All listing,Knoxville,,255.66,140.878868,0,154.0,1,0,2026-02-28,,480709,4,Laura Gill 327-304 (KCity) -- Beautiful Condo Downtown Knox,2026-08-24T23:54:02,35.9672753,,True,2026-01-27,"['1-2BR Condo', 'Group 2', 'HA2', 'knoxville', 'MadersCleaningTeresa']",73.33,,Knox 1-2BR,159.0,1,
150.0,hostaway,-83.6356581,,,5,2086.26,5-6 Bedrooms,Pigeon Forge,,69.54,217.94917999999998,0,330.0,1,0,2026-08-27,,482838,14,"Troy Mowery 3452 (PF) -- Overwatch: HUGE Game Room, Hot Tub, FirePit, &More",2026-08-31T22:04:10,35.7208844,,True,2026-02-02,"['3-4BR', 'Group 2', 'NotKnox', 'Summer']",46.67,,,232.0,1,
100.0,hostaway,-83.4495469,,,3,2584.96,1-4BR Cabins / House,Sevierville,,86.17,113.98123,0,190.0,1,0,2026-03-14,,484286,0,"Su-Tang Lo 4005 (SCounty) -- Dolly's Outdoor Oasis - Hot Tub, Sauna & More!",2026-08-21T02:15:49,35.7984523,,True,2026-02-06,"['Group 2', 'HA1', 'Katie', 'NotKnox', 'SCounty', 'TendwellCleaning']",50.0,,3-4 Bedrooms,180.0,1,
100.0,hostaway,-83.6827621,,,3,3112.63,1-4BR Cabins / House,Townsend,,103.75,133.555986,0,230.0,1,0,2026-03-16,,484372,0,"Rebecca Eisenback 1152 (BC) -- Mountain Top Getaway: Hot Tub, Grill, Games & Pool",2026-08-03T23:57:15,35.6978959,,True,2026-02-06,"['3-4BR', 'BC', 'Group 2', 'HA1', 'NotKnox', 'Summer', 'TendwellCleaning']",66.67,,3-4 Bedrooms,224.0,1,
98.0,hostaway,-83.9198677,,,1,4223.58,Knox All listing,Knoxville,,140.79,121.78935600000001,0,160.0,1,0,2026-07-02,,484695,0,Megan Hatcher 255-202 (KCity) -- Gay Street Getaway | Prime Location in Knoxville,2026-08-27T19:43:17,35.9675744,,True,2026-02-16,"['Group 2', 'MadersCleaningTeresa']",26.67,,Knox 1-2BR,158.0,1,
100.0,hostaway,-83.9198677,,,2,9237.42,Knox All listing,Knoxville,,307.91,140.568012,4,150.0,1,3,2026-07-06,,484697,6,Lindsey Hatcher 255-200 (KCity) -- South Gay Skyline | Prime Location in Knoxville,2026-09-06T07:14:36,35.9675744,,True,2026-02-16,"['Group 2', 'MadersCleaningTeresa']",70.0,,Knox 1-2BR,146.0,1,
200.0,hostaway,-83.494833,,,6,4556.67,5-6 Bedrooms,Gatlinburg,,151.89,216.40536,0,370.0,1,0,2026-03-14,,485423,0,"Richard Wright 810 (GAT) -- Lookout Lodge: Views, Hot Tub, Games, 4 Fireplaces",2026-08-31T20:18:56,35.733605,,True,2026-02-09,"['5-6BR', 'GAT', 'Group 2', 'HA1', 'NORMAL', 'NotKnox', 'Summer', 'TendwellCleaning']",53.33,,,375.0,1,
100.0,hostaway,-83.6088597,,,3,3621.16,1-4BR Cabins / House,Sevierville,,120.71,110.50975000000001,0,180.0,1,0,2026-03-12,,485560,3,"Katie Smith 2880 (SCounty) -- Mountain Majesty: Views, Hot Tub, Games, Theater!",2026-08-24T22:58:41,35.8002745,,True,2026-02-09,"['Group 2', 'HA1', 'Lily', 'NORMAL', 'NotKnox', 'SCounty', 'TendwellCleaning']",76.67,,3-4 Bedrooms,182.0,1,
100.0,hostaway,-83.3733488,,,3,4420.02,1-4BR Cabins / House,Dandridge,,147.33,111.810776,3,200.0,1,3,2026-03-13,,485771,3,"Richard Nevels 3286 (JC) -- Hill Top Retreat - Lake, Sauna, Hot Tub, Mtn View!",2026-09-03T22:29:54,35.9329066,,True,2026-02-10,"['3-4BR', 'EliteCabinCare', 'Group 2', 'HA1', 'JC', 'NotKnox', 'Summer']",73.33,,3-4 Bedrooms,219.0,1,
90.0,hostaway,-83.6767847,,,2,4947.05,1-4BR Cabins / House,Sevierville,,164.9,128.61024,7,195.0,1,2,2026-02-14,,485969,9,"Nathan Frame 4530 (SCounty) -- Perfect Smokies Escape - Park View, Hot Tub & More",2026-09-06T01:15:02,35.7374703,,True,2026-02-10,"['1-2BR Cabin', 'Group 3', 'HA1', 'Katie', 'NotKnox', 'Pet', 'SCity', 'TendwellCleaning']",83.33,,1-2 Bedroom Cabins,195.0,1,
110.0,hostaway,-83.52268,,,4,3957.22,1-4BR Cabins / House,Sevierville,,131.91,140.655833,0,240.0,1,0,2026-03-11,,491160,2,"Travis Anders 1437 (SCounty) -- Smokies Twin Rock-Views, Game Room, Hot Tub& More!",2026-08-29T21:05:00,35.8101013,,True,2026-02-24,"['3-4BR', 'Group 2', 'HA1', 'Lily', 'NotKnox', 'SCounty', 'TendwellCleaning']",63.33,,3-4 Bedrooms,237.0,1,
88.0,hostaway,-83.3707542,,,2,2750.04,1-4BR Cabins / House,Sevierville,,91.67,104.693572,2,160.0,1,2,2026-05-17,,491167,2,"Teresa Wentz 4161 (SCounty) -- Dancing Bear - Views, Hot Tub, Grill, & Games!",2026-09-04T14:13:47,35.8031926,,True,2026-05-14,"['1-2BR Cabin', 'Group 2', 'HA1', 'Katie', 'NORMAL', 'NotKnox', 'SCounty', 'TendwellCleaning']",66.67,,1-2 Bedroom Cabins,151.0,1,
90.0,hostaway,-83.7972792,,,3,1903.64,1-4BR Cabins / House,Townsend,,63.45,108.47214,0,150.0,1,0,2026-03-26,,491503,0,Cale Hanie 6617 (BC) -- Townsend Charm: River View Historic Log Cabin!,2026-08-24T18:48:04,35.6977999,,True,2026-02-25,"['3-4BR', 'BC', 'Group 2', 'HA1', 'Katie', 'NotKnox', 'TendwellCleaning']",53.33,,3-4 Bedrooms,150.0,1,
100.0,hostaway,-83.5795963,,,3,4901.4,1-4BR Cabins / House,Pigeon Forge,,163.38,112.75828200000001,0,285.0,1,0,2026-04-03,,494261,0,"Billie Armstrong 2915 (PF) -- NEW Build - Smokies Haven w/ Hot Tub, Games, MORE",2026-08-25T21:38:35,35.7967278,,True,2026-03-05,"['Group 2', 'HA1', 'NotKnox', 'Pet', 'PF', 'TendwellCleaning']",93.33,,3-4 Bedrooms,294.0,1,
105.0,hostaway,-83.4520462,,,4,2169.97,1-4BR Cabins / House,Gatlinburg,,74.83,146.23768,0,220.0,1,0,2026-05-22,,494265,0,"Thom Capps 542 (GAT) -- Memory Maker Lodge:Hot Tub, Multicade, Grill, MORE",2026-09-01T11:58:15,35.74293,,True,2026-03-05,"['3-4BR', 'GAT', 'Group 2', 'HA1', 'Katie', 'NotKnox', 'TendwellCleaning']",41.38,,3-4 Bedrooms,212.0,1,
100.0,hostaway,-83.6078898,,,4,969.45,1-4BR Cabins / House,Sevierville,,32.32,154.55057000000002,0,200.0,1,0,2026-05-14,,494274,0,"Paul Ganev 1073 (SCounty) -- Picturesque MTN Escape: Hot Tub, Pool, Game Room!",2026-09-02T00:09:43,35.8503084,,True,2026-03-05,"['3-4BR', 'Group 2', 'HA1', 'Katie', 'NotKnox', 'SCounty', 'TendwellCleaning']",13.33,,3-4 Bedrooms,206.0,1,
130.0,hostaway,-83.7685332,,,5,2981.93,5-6 Bedrooms,Townsend,,99.4,201.761175,0,270.0,1,0,2026-05-15,,494307,0,"Heidi Schelton 247 (BC) -- Log Hollow | Hot Tub, Plenty of Games, Play Area!",2026-08-27T17:26:31,35.6701103,,True,2026-03-05,"['5-6BR', 'BC', 'Group 2', 'HA1', 'Katie', 'NotKnox', 'TendwellCleaning']",30.0,,,290.0,1,
85.0,hostaway,-83.5650484,,,2,2467.98,1-4BR Cabins / House,Gatlinburg,,82.27,77.007,0,150.0,1,0,2026-04-17,,494315,2,"Thom Capps 1386-114 (GAT) -- Tranquility Skies | MTN View, Sauna, Jacuzzi, MORE",2026-08-26T23:53:51,35.7053832,,True,2026-03-05,"['GAT', 'Group 2', 'HA1', 'Katie', 'NotKnox', 'TendwellCleaning']",73.33,,1-2 Bedroom Cabins,141.0,1,
210.0,hostaway,-83.5540061,,,6,7122.11,5-6 Bedrooms,Pigeon Forge,,237.4,190.72207800000004,2,380.0,1,0,2026-04-09,,494319,2,"Adam Pike 1071 (PF) -- Relaxing Cabin: Views, Hot Tub, Theater, Games!",2026-09-01T00:55:29,35.7953431,,True,2026-03-05,"['5-6BR', 'Group 2', 'HA1', 'Katie', 'NotKnox', 'PF', 'TendwellCleaning']",56.67,,,399.0,1,
95.0,hostaway,-83.6338736,,,3,2676.81,1-4BR Cabins / House,Sevierville,,89.23,120.54966,0,165.0,1,0,2026-04-07,,494328,11,"Hali Hoag 2140 (SCounty) -- Green Sky Lodge: Views, Hot Tub, Play Area & More!",2026-09-06T13:15:32,35.9030299,,True,2026-03-05,"['3-4BR', 'Group 2', 'HA1', 'NotKnox', 'SCounty', 'TendwellCleaning']",73.33,,3-4 Bedrooms,171.0,1,
90.0,hostaway,-83.6558021,,,2,2325.59,1-4BR Cabins / House,Sevierville,,77.52,125.968192,0,140.0,1,0,2026-05-14,,498061,6,"Amy Christopher 3303 (SCounty) -- Be Still: Hot Tub, Grill, Fireplace, Comm Pool!",2026-09-04T19:04:32,35.745498,,True,2026-03-17,"['1-2BR Cabin', 'Group 2', 'HA1', 'SCounty', 'Summer', 'TendwellCleaning']",70.0,,1-2 Bedroom Cabins,141.0,1,
120.0,hostaway,-83.4877537,,,4,3407.32,1-4BR Cabins / House,Sevierville,,131.05,134.444176,0,350.0,1,0,2026-03-25,,498421,0,"James Johnson 1250 (SCounty) -- Happy Hideaway | Hot Tub, Pool Table, Foosball & more!",2026-08-17T16:56:44,35.7749635,,True,2026-03-24,"['3-4BR', 'Group 2', 'HA1', 'NotKnox', 'Regina', 'SCounty', 'BlessedCleaningTyler']",69.23,,3-4 Bedrooms,355.0,1,
170.0,hostaway,-83.6220407,,,5,1599.89,5-6 Bedrooms,Pigeon Forge,,53.33,209.41038100000003,0,320.0,1,0,2026-03-14,,498422,0,"David Joyner 3136 (PF) -- Creekside Paradise w/ Game Room. Hot Tub, Fireplace!",2026-09-03T21:13:26,35.7854924,,True,2026-03-24,"['5-6BR', 'Group 1', 'HA1', 'PF', 'Summer', 'TendwellCleaning']",23.33,,,372.0,1,
65.0,hostaway,-83.2358057,,,1,919.62,1-4BR Cabins / House,Cosby,,30.65,57.039080000000006,0,80.0,1,0,2026-05-13,,500280,0,"Robert Miller 191 (Cocke County) -- Peaceful Cosby Retreat - Hot Tub, Grill, and More!",2026-08-20T02:03:26,35.7938716,,True,2026-03-24,"['1-2BR Cabin', 'Cocke County', 'Group 3', 'HA2', 'NotKnox', 'TendwellCleaning']",36.67,,1-2 Bedroom Cabins,80.0,1,
90.0,hostaway,-83.6136809,,,3,1078.45,1-4BR Cabins / House,Sevierville,,35.95,112.619004,0,110.0,1,0,2026-04-18,,502327,3,"Ricardo Robles 1254 (SCounty) -- Peaceful Nest: Hot Tub, Fireplace, Fire Pit & MORE",2026-09-05T14:00:18,35.8405376,,True,2026-03-31,"['3-4BR', 'Group 2', 'HA1', 'Lily', 'NotKnox', 'SCounty', 'TendwellCleaning']",33.33,,1-2 Bedroom Cabins,112.0,1,
97.0,hostaway,-83.5596246,,,3,2039.72,1-4BR Cabins / House,Gatlinburg,,67.99,88.778272,2,200.0,1,2,2026-05-21,,507465,2,Stephanie Keegan 1260-5307 (GAT) -- HighView Suites | Hot tub & Pool access!,2026-09-05T03:54:59,35.7079418,,True,2026-04-28,"['3-4BR', 'GAT', 'Group 2', 'HA1', 'Katie', 'NotKnox', 'TendwellCleaning']",53.33,,3-4 Bedrooms,180.0,1,
95.0,hostaway,-83.5596246,,,3,1434.57,1-4BR Cabins / House,Gatlinburg,,47.82,88.778272,0,145.0,1,0,2026-05-22,,507467,3,Stephanie Keegan 1260-1306 (GAT) -- Skyfield Suites | Hot tub & Pool Access,2026-09-03T22:30:43,35.7079418,,True,2026-04-28,"['3-4BR', 'GAT', 'Group 2', 'HA1', 'Katie', 'NotKnox', 'TendwellCleaning']",40.0,,3-4 Bedrooms,146.0,1,
80.0,hostaway,-83.6003623,,,2,2362.16,1-4BR Cabins / House,Sevierville,,78.74,117.51298000000001,2,130.0,1,2,2026-05-20,,511571,2,"David Maningding 3809 (SCounty) -- Hillside Happiness: GameRoom, Grill, Firepit, MORE",2026-09-05T23:28:15,35.7353271,,True,2026-04-21,"['1-2BR Cabin', 'Group 2', 'HA1', 'NotKnox', 'Regina', 'SCounty', 'TendwellCleaning', 'Lily']",76.67,,1-2 Bedroom Cabins,132.0,1,
110.0,hostaway,-83.6729911,,,3,0.0,1-4BR Cabins / House,Sevierville,,0.0,137.91813299999998,0,230.0,1,0,,,511593,0,Billie-Shaye Harper 2610 -- Ridgewood View,,35.7252136,,True,2026-04-21,"['3-4BR', 'Group 2', 'HA1', 'NotKnox']",0.0,,3-4 Bedrooms,230.0,1,
130.0,hostaway,-83.6487545,,,4,0.0,1-4BR Cabins / House,Sevierville,,0.0,171.03874800000003,0,320.0,1,0,2026-10-24,,512035,0,John Kuvshinikov 2948 -- Pine Peak: Panoramic Mountain Views & Easy Access,2026-09-03T15:17:34,35.7872726,,True,2026-04-23,"['Group 2', 'HA1']",0.0,,3-4 Bedrooms,322.0,1,
80.0,hostaway,-83.5099216,,,2,1383.56,1-4BR Cabins / House,Gatlinburg,,46.12,88.737493,4,135.0,1,4,2026-05-22,,512526,4,Mike Gunter 413-207 (GAT) -- Stylish 2025 Condo | Pool | Prime Downtown Spot,2026-09-05T18:27:47,35.7091641,,True,2026-04-24,"['1-2BR Condo', 'GAT', 'Group 1', 'HA1', 'Key', 'TendwellCleaning']",40.0,,1-2 Bedroom Condos,145.0,1,
75.0,hostaway,-83.4496411,,,1,393.63,1-4BR Cabins / House,Sevierville,,14.06,76.500326,0,110.0,1,0,2026-06-09,,512532,0,"Mike Gunter 2691-8 (SCounty) -- Twilight Meadow - Hot Tub, Patio and Views!",2026-08-10T17:56:31,35.9133045,,True,2026-04-24,"['1-2BR Cabin', 'Group 1', 'HA1', 'NotKnox', 'SCounty', 'TendwellCleaning']",10.71,,1-2 Bedroom Cabins,110.0,1,
80.0,hostaway,-83.480753,,,2,1126.99,1-4BR Cabins / House,Pigeon Forge,,37.57,84.072924,3,115.0,1,0,2026-06-18,,512799,3,"Izzy Ludwick 2084 (SCounty) -- New In-Law Apt: Hot Tub, Fireplace, & Workspace!",2026-09-01T02:57:21,35.8664102,,True,2026-04-24,"['1-2BR House', 'Group 3', 'HA1', 'SCounty', 'TendwellCleaning']",36.67,,1-2 Bedroom Cabins,114.0,1,
105.0,hostaway,-83.4877422,,,4,1942.69,1-4BR Cabins / House,Gatlinburg,,64.76,141.61416300000002,0,180.0,1,0,2026-06-11,,513522,3,"Byron Bradshaw 1016 (GAT) -- Cedar Ridge Haven | Hot Tub, Fireplace & More!",2026-09-03T00:09:49,35.7447378,,True,2026-04-27,"['3-4BR', 'GAT', 'Group 2', 'HA1', 'Katie', 'NotKnox', 'TendwellCleaning']",53.33,,3-4 Bedrooms,176.0,1,
160.0,hostaway,-83.6258693,,,5,3720.96,5-6 Bedrooms,Pigeon Forge,,124.03,216.49602000000004,0,320.0,1,0,2026-06-07,,515261,5,"Frank Spitznagel 1726 (PF) -- Smokies Luxe View: Hot Tub, Fireplaces, Games+MORE",2026-08-30T02:24:38,35.7839275,,True,2026-05-01,"['5-6BR', 'Group 2', 'HA1', 'NotKnox', 'PF', 'Regina', 'TendwellCleaning']",43.33,,,350.0,1,
95.0,hostaway,-83.4817933,,,2,2425.64,1-4BR Cabins / House,Sevierville,,86.63,121.487882,0,150.0,1,0,2026-05-22,,529779,0,Denny Johnson 2251-21 (SCounty) -- Adohi Lodge | Panoramic Views off the Deck!,2026-08-31T04:21:49,35.8026106,,True,2026-05-21,"['1-2BR House', 'Group 2', 'HA1', 'SCounty', 'TendwellCleaning']",57.14,,1-2 Bedroom Cabins,152.0,1,
130.0,hostaway,-83.5338628,,,3,3883.41,1-4BR Cabins / House,Gatlinburg,,129.45,164.97718,0,230.0,1,0,2026-06-21,,533028,0,Nanci Allen 917 (GAT) -- A Million Dollar View | The Ultimate Escape!,2026-09-05T03:22:48,35.7178654,,True,2026-05-18,"['3-4BR', 'GAT', 'Group 2', 'HA1', 'NotKnox', 'Regina']",66.67,,3-4 Bedrooms,230.0,1,
150.0,hostaway,-83.6252326,,,5,2139.0,5-6 Bedrooms,Sevier County,,89.13,229.620134,0,330.0,1,0,2026-06-25,,534577,5,Reis Perry 3240 (SCounty) -- Smoky Trails Retreat | Sleeps 16 + Lots of Games!,2026-09-06T04:12:46,35.9445391,,True,2026-05-19,"['Group 2', 'HA1', 'NORMAL', 'NotKnox', 'SCounty', 'TendwellCleaning', 'min rate']",20.83,,,339.0,1,
90.0,hostaway,-83.4969531,,,1,3038.62,1-4BR Cabins / House,Gatlinburg,,101.29,90.588393,2,170.0,1,0,2026-06-01,,535798,2,"David Moscarelli 536 (GAT) -- Whisk-A-Way - Hot Tub, Pool Table & Jacuzzi!",2026-08-30T05:21:59,35.7093402,,True,2026-05-20,"['1-2BR Cabin', 'GAT', 'Group 3', 'HA1', 'Junior', 'Katie', 'NotKnox', 'Group 2']",70.0,,1-2 Bedroom Cabins,157.0,1,
80.0,hostaway,-83.5869254,,,2,1184.26,1-4BR Cabins / House,Pigeon Forge,,39.48,80.350796,2,110.0,1,0,2026-06-19,,535863,7,John Haynes 625-2 (PF) -- Hearthstone Lodge | Family & Pet Friendly Home!,2026-09-01T19:22:49,35.811036,,True,2026-05-20,"['1-2BR House', 'Group 3', 'HA1', 'NotKnox', 'Pet', 'PF', 'Regina', 'Group 2']",46.67,,1-2 Bedroom Cabins,110.0,1,
89.0,hostaway,-83.5434231,,,2,1980.78,1-4BR Cabins / House,Pigeon Forge,,68.3,73.659534,0,140.0,1,0,2026-06-05,,538851,4,"Bradley Quillen 1144 (PF) -- Cozy Bear Den | Hot Tub, Games, Grill & MORE!",2026-09-04T17:25:39,35.8026746,,True,2026-05-22,"['1-2BR Cabin', 'Group 3', 'HA1', 'Katie', 'NotKnox', 'PF']",55.17,,1-2 Bedroom Cabins,142.0,1,
110.0,hostaway,-83.7575621,,,4,4540.12,1-4BR Cabins / House,Townsend,,151.34,148.295364,0,300.0,1,0,2026-07-01,,538875,4,"Ryan Pack 802 (BC) -- Fox Hollow | Views, Hot Tub, Game Room, Play Area!",2026-08-26T05:42:44,35.6583062,,True,2026-05-25,"['3-4BR', 'Group 2', 'HA1']",63.33,,3-4 Bedrooms,270.0,1,
95.0,hostaway,-83.4956929,,,2,4003.0,1-4BR Cabins / House,Sevierville,,133.43,99.143112,4,145.0,1,0,2026-06-10,,541842,10,Christina Kittle 1908 (SCounty) -- Creekfront Pet Friendly & Perfect for the Family!,2026-09-05T18:17:35,35.834262,,True,2026-05-25,"['1-2BR Cabin', 'Group 3', 'HA1', 'NotKnox', 'Pet', 'Regina', 'SCounty', 'TendwellCleaning']",100.0,,1-2 Bedroom Cabins,155.0,1,
100.0,hostaway,-83.6179614,,,4,1852.5,1-4BR Cabins / House,Sevierville,,61.75,164.43840799999998,0,210.0,1,0,2026-07-01,,552312,0,"Kevin Parrish 3836 (SCounty) -- Firefly Cove: Hot Tub, Zip Line, Theater, & More!",2026-09-03T14:34:53,35.7272107,,True,2026-06-15,"['3-4BR', 'Group 2', 'HA1', 'NotKnox', 'SCounty', 'TendwellCleaning']",36.67,,3-4 Bedrooms,216.0,1,
150.0,hostaway,-83.5783957,,,5,2375.0,5-6 Bedrooms,Pigeon Forge,,87.96,183.879408,0,310.0,1,0,2026-07-23,,552342,0,Philip Graves 857 (PF) -- Mountain High | Spacious+Hot Tub+Game Room+More!,2026-09-02T12:32:44,35.781938,,True,2026-07-16,"['5-6BR', 'Group 2', 'HA1', 'NotKnox']",37.04,,,320.0,1,
120.0,hostaway,-83.5413948,,,5,2869.75,5-6 Bedrooms,Pigeon Forge,,95.66,185.934045,0,320.0,1,0,2026-08-16,,553789,0,Kumar Sanam 576-4 (PF) -- Dollywood Retreat | Cozy Home w/ Plenty of Games!,2026-08-20T03:22:25,35.7879761,,True,2026-06-03,['3-4BR'],60.0,,,327.0,1,
105.0,hostaway,-83.7202355,,,4,2023.96,1-4BR Cabins / House,Townsend,,69.79,148.102327,4,220.0,1,2,2026-07-24,,555142,4,"Antonio Michaelis 8540 (BC) -- The Skinners Cabin: Hot Tub, Fireplace & Grill!",2026-09-05T23:16:19,35.6717372,,True,2026-07-20,[''],48.28,,3-4 Bedrooms,238.0,1,
110.0,hostaway,-83.616263,,,3,4174.34,1-4BR Cabins / House,Sevierville,,139.14,141.46656,6,230.0,1,0,2026-07-03,,556488,6,"Jennifer Prompanya 2412 (SCounty) -- Grand Splash Cabin | Hot Tub, Pool, View, GAMES!",2026-09-04T18:08:44,35.7608556,,True,2026-07-03,['TendwellCleaning'],70.0,,3-4 Bedrooms,242.0,1,
120.0,hostaway,-83.5502283,,,4,4290.08,1-4BR Cabins / House,Pigeon Forge,,158.89,145.75155,0,370.0,1,0,2026-06-01,,558401,5,"Vosa Ayisire 3741 (PF) -- Rustic Elegance: Pool, Game Room & Deck",2026-08-28T19:13:19,35.7784303,,True,2026-06-10,"['3-4BR', 'Group 1', 'HA1', 'NotKnox', 'PF']",59.26,,3-4 Bedrooms,361.0,1,
140.0,hostaway,-83.6163152,,,6,2266.4,5-6 Bedrooms,Pigeon Forge,,75.55,235.43031999999997,10,430.0,1,0,2026-09-04,,558422,10,"Senthilkumar Davudkadirkamasundram 3725 (PF) -- Make Lasting Memories: Pool, Hot Tub, Games & MORE",2026-09-05T16:45:18,35.7560145,,True,2026-08-31,['TendwellCleaning'],33.33,,,,1,
110.0,hostaway,-83.4564853,,,3,3784.6,1-4BR Cabins / House,Gatlinburg,,126.15,108.857424,6,240.0,1,0,2026-07-02,,560527,11,"Colin and Susan Tigwell 621 (GAT) -- The Spirit Bear Lodge | Hot Tub, Game Room, Grill!",2026-09-01T14:09:42,35.7367483,,True,2026-06-23,"['3-4BR', 'GAT', 'Group 2', 'HA1', 'NotKnox']",70.0,,3-4 Bedrooms,240.0,1,
100.0,hostaway,-83.4690399,,,3,770.0,1-4BR Cabins / House,Sevierville,,25.67,98.41870200000001,0,180.0,1,0,2026-07-25,,563252,0,"Petra Dunn 976 (SCounty) -- Lakeside Haven: Boat Dock, Ramp, Games, & MORE!",2026-09-05T20:06:01,35.9186807,,True,2026-07-20,[''],10.0,,3-4 Bedrooms,200.0,1,
120.0,hostaway,-83.6185763,,,4,3045.78,1-4BR Cabins / House,Sevierville,,101.53,158.064514,0,300.0,1,0,2026-09-05,,567651,6,"Kelly Armsworth 3634 (SCounty) -- High Smokies Lodge - Game Room, Hot Tub and more!",2026-09-02T04:30:32,35.7128047,,True,2026-08-03,[''],50.0,,3-4 Bedrooms,300.0,1,
140.0,hostaway,-83.3356718,,,6,753.66,5-6 Bedrooms,Gatlinburg,,25.12,206.993943,0,350.0,1,0,2026-09-05,,567670,2,"Kelly Armsworth 511 (GAT) -- King of Mountain | Views, Hot Tub, Grill, Games!",2026-08-28T21:35:55,35.767614,,True,2026-08-18,[''],6.67,,,400.0,1,
80.0,hostaway,-83.9225009,,,1,3054.4,Knox All listing,Knoxville,,101.81,122.25899399999999,0,145.0,1,0,2026-08-14,,568787,0,Gary Koontz 255-205 (KCity) -- City Lights in South Gay | Knoxville,2026-08-27T11:24:25,35.967547,,True,2026-08-13,[''],30.0,,Knox 1-2BR,141.0,1,
95.0,hostaway,-83.6600195,,,2,0.0,1-4BR Cabins / House,Sevierville,,0.0,111.20540599999998,0,174.0,1,0,,,569032,0,"Jason Riordan 3825 (SCounty) -- Endless Views - Game Room, Arcade, Hot Tub!",,35.6993145,,True,2026-08-17,[''],0.0,,1-2 Bedroom Cabins,,1,
130.0,hostaway,-83.5404502,,,3,0.0,1-4BR Cabins / House,Sevierville,,0.0,124.94392400000001,0,190.0,1,0,,,569066,0,Jeff Keithley 371 -- The Tiny Retreat,2026-08-10T16:29:39,35.7719551,,True,2026-09-04,[''],0.0,,3-4 Bedrooms,,1,
85.0,hostaway,-83.6351547,,,2,216.0,1-4BR Cabins / House,Sevierville,,7.2,110.54394,0,125.0,1,0,2026-08-07,,569708,2,Mike Householder 1646 (SCounty) -- Heavenly Mountain View | Peaceful Cabin Escape,2026-08-28T22:09:28,35.8036129,,True,2026-07-22,[''],6.67,,1-2 Bedroom Cabins,124.0,1,
85.0,hostaway,-83.3329729,,,2,951.66,1-4BR Cabins / House,Gatlinburg,,33.99,96.03348300000002,8,135.0,1,8,2026-09-04,,572718,11,Karin Calimano 3815-18 (GAT) -- Mountain View Loft | Cozy Single-Level Retreat,2026-09-05T22:20:29,35.7631972,,True,2026-07-30,[''],39.29,,1-2 Bedroom Cabins,132.0,1,
100.0,hostaway,-83.435964,,,3,1758.4,1-4BR Cabins / House,Sevierville,,58.61,121.79193000000001,4,180.0,1,4,2026-08-07,,573027,4,"Grant Chamberlain 3613 (SCounty) -- Endless MTN Escape: Spacious, Hot Tub, MORE GAMES!",2026-09-03T11:15:36,35.7876272,,True,2026-07-29,[''],43.33,,3-4 Bedrooms,197.0,1,
95.0,hostaway,-83.5541941,,,2,0.0,1-4BR Cabins / House,Gatlinburg,,0.0,89.52925400000002,0,134.0,1,0,,,573344,0,Gil Rivera 1235-602 (GAT) -- Smoky Laurel Cottage - Mountain Views & Fireplace!,,35.7054997,,True,2026-09-01,[''],0.0,,1-2 Bedroom Cabins,,1,
85.0,hostaway,-83.4566574,,,2,1011.2,1-4BR Cabins / House,Sevierville,,42.13,106.094604,5,150.0,1,3,2026-07-30,,573790,10,"James Nipper 3029-3 (SCounty) -- Little Bear Getaway: Hot Tub, Games, Grill, MORE!",2026-09-05T15:55:17,35.8055783,,True,2026-07-27,[''],41.67,,1-2 Bedroom Cabins,156.0,1,
90.0,hostaway,-83.4568001,,,2,0.0,1-4BR Cabins / House,Gatlinburg,,0.0,99.49450000000002,0,143.0,1,0,,,575028,0,"Manish Birla 660 (Gat) -- Morning Hill Haven - Hot Tub, Fireplace and More!",,35.7381262,,True,2026-08-07,[''],0.0,,1-2 Bedroom Cabins,143.0,1,
130.0,hostaway,-83.5506544,,,4,5988.16,1-4BR Cabins / House,Pigeon Forge,,199.61,146.3424,0,360.0,1,0,2026-07-29,,575034,3,"Walt Rountree 3738 (PF) -- Serene MTN Cabin: Indoor Pool, Hot Tub, & Game Room!",2026-08-28T03:25:21,35.7784311,,True,2026-08-03,[''],76.67,,3-4 Bedrooms,360.0,1,
100.0,hostaway,-83.5413948,,,4,1314.2,1-4BR Cabins / House,Pigeon Forge,,43.81,145.82708399999999,0,205.0,1,0,2026-08-13,,575897,0,"Samyuktha Ravi 576-8 (PF) -- Smokies Modern Cabin | Fireplace, Fire Pit, Games!",2026-09-05T13:36:43,35.7879761,,True,2026-08-10,[''],23.33,,3-4 Bedrooms,205.0,1,
98.0,hostaway,-83.5442684,,,3,583.0,1-4BR Cabins / House,Gatlinburg,,19.43,109.183147,0,180.0,1,0,2026-09-04,,575958,0,"Jessee Cook 921 (GAT) -- Smoky Wood Haven - Hot Tub, Game Room, Fireplace!",2026-08-24T01:39:12,35.7111806,,True,2026-08-10,[''],10.0,,3-4 Bedrooms,180.0,1,
90.0,hostaway,-83.5596246,,,2,584.8,1-4BR Cabins / House,Gatlinburg,,19.49,74.162674,0,120.0,1,0,2026-09-04,,577224,2,Jamie Gittemeier 1260-5203 (GAT) -- Cloudline Condo | Gatlinburg | Fireplace & Pools!,2026-08-29T02:48:16,35.7079418,,True,2026-08-05,[''],20.0,,1-2 Bedroom Condos,118.0,1,
140.0,hostaway,-83.5708348,,,5,3549.6,5-6 Bedrooms,Pigeon Forge,,118.32,186.311668,5,320.0,1,0,2026-08-27,,577271,5,"Danae Downing 620 (PF) -- American Charm | Hot Tub, Game Room, & Fireplace!",2026-09-02T23:14:32,35.7849679,,True,2026-08-05,[''],53.33,,,316.0,1,
140.0,hostaway,-83.6665687,,,6,3772.5,5-6 Bedrooms,Sevierville,,125.75,214.816833,0,380.0,1,0,2026-09-04,,577276,7,"Danae Downing 2620 (SCounty) -- Wild Turkey | Sleeps 18! Views, Hot Tub, & MORE!",2026-09-01T22:53:08,35.730648,,True,2026-08-11,[''],33.33,,,380.0,1,
85.0,hostaway,-83.5609015,,,1,578.4,1-4BR Cabins / House,Sevierville,,19.28,90.990991,6,124.0,1,3,2026-09-04,,579517,6,"Greg Drury 1619-14 (SCounty) -- Rustic A-Frame Charm | Hot Tub, Pool Table, Grill!",2026-09-06T02:54:32,35.8285374,,True,2026-08-27,[''],20.0,,1-2 Bedroom Cabins,,1,
90.0,hostaway,-83.9198677,,,1,4643.0,Knox All listing,Knoxville,,154.77,121.78935600000001,2,140.0,1,0,2026-08-22,,580232,6,Denny Koontz 255-203 (KCity) -- The Downtown Escape | Knoxville,2026-09-02T16:12:42,35.9675744,,True,2026-08-14,[''],30.0,,Knox 1-2BR,140.0,1,
105.0,hostaway,-83.5645351,,,2,5542.49,1-4BR Cabins / House,Pigeon Forge,,184.75,83.43793099999999,0,250.0,1,0,2020-01-10,,78819,0,"Seann Gloss 459 (PF) -- Splash of Moonshine - Heated Indoor Pool, Hot Tub, Arcade/Game Room",2026-08-24T15:45:34,35.8109321,,True,2024-05-23,"['1-2BR Cabin', 'Group 1', 'HA1', 'NotKnox', 'PF', 'Safely', 'Summer', 'BlessedCleaningTyler', 'Lily', 'Group 2', 'Pet', 'SCounty', '3-4BR', 'Kyle', 'PrivateIndoorPool', '2BDR', 'hottub', '8guest', 'indoor pool', 'Key']",93.33,,1-2 Bedroom Cabins,240.0,1,
80.0,hostaway,-83.77100372,,,2,3159.4,1-4BR Cabins / House,Townsend,,105.31,94.856912,0,130.0,1,0,2020-09-24,,79561,0,Julie Michala 338-101 (BC) -- Modern Cades Cove Condo w/ Community Pool,2026-09-01T02:01:44,35.67789841,,True,2024-05-23,"['1-2BR Condo', 'BC', 'Group 3', 'HA1', 'Junior', 'Katie', 'NotKnox', 'Safely', 'BlessedCleaningTyler', 'SCounty', '1-2BR Cabin', '3-4BR', 'Blake', 'Kyle', 'Townsend Condo', 'townsend', '2BDR', 'Community outdoor pool', '6guest']",83.33,,1-2 Bedroom Condos,128.0,1,
90.0,hostaway,-83.7696991,,,2,2726.1,1-4 BR with MINIMUM REQUESTS,Townsend,,90.87,94.91548800000001,0,130.0,1,0,2021-02-26,,82620,0,Chad Williams 326-104 (BC) -- Gorgeous Cades Cove Condo with Community Pool!,2026-08-31T00:10:34,35.67789841,,True,2024-05-23,['min rate'],76.67,,1-2 Bedroom Condos,127.0,1,
90.0,hostaway,-83.76959991,,,2,1583.25,1-4 BR with MINIMUM REQUESTS,Townsend,,60.89,95.150952,2,130.0,1,0,2021-02-25,,82621,5,Chad Williams 223-202 (BC) -- Elegant Cades Cove Condo with Community Pool!,2026-08-31T04:20:55,35.67649841,,True,2024-05-23,"['1-2BR Condo', 'BC', 'Group 2', 'HA1', 'Katie', 'NotKnox', 'Safely', 'BlessedCleaningTyler', 'NORMAL', 'SCounty', '1-2BR Cabin', '3-4BR', 'Andrew', 'Group 1', 'Townsend Condo', 'townsend', 'community outdoor pool', '4guest', '2BDR', 'Key', 'min rate']",57.69,,1-2 Bedroom Condos,130.0,1,
90.0,hostaway,-83.54090118,,,3,2700.65,1-4BR Cabins / House,Gatlinburg,,90.02,114.04806,2,160.0,1,0,2021-04-02,,83165,9,"Josef Wankerl 1030 (GAT) -- Bear View Chalet - Hot tub, Near Ober!",2026-09-04T18:14:19,35.70709991,,True,2024-05-23,"['GAT', 'Group 2', 'HA1', 'Katie', 'NORMAL', 'NotKnox', 'Safely', 'TendwellCleaning', 'BlessedCleaningTyler', '3-4BR', 'SCounty', '1-2BR Cabin', 'Blake', 'Kyle', 'Gat', '10guest', '3BDR', 'hottub', 'view', 'Community Pool', 'Normal', 'Low 3-4BR']",73.33,,3-4 Bedrooms,156.0,1,
85.0,hostaway,-83.63510132,,,2,3395.94,1-4BR Cabins / House,Sevierville,,113.2,107.630656,0,150.0,1,0,2021-05-01,,84093,7,"Chuane Li 1483 (SCounty) -- Bear Claw Cove - Hot Tub, Fireplace, View",2026-08-30T16:53:20,35.83670044,,True,2024-05-23,"['1-2BR Cabin', 'Group 2', 'HA1', 'Katie', 'NotKnox', 'Pet', 'Safely', 'BlessedCleaningTyler', 'SCounty', '3-4BR', 'Scounty', '2BDR', 'hottub', 'OnB- 4/26/21', '8guest', 'Normal']",73.33,,1-2 Bedroom Cabins,150.0,1,
97.0,hostaway,-83.91999817,,,2,6386.37,Knox All listing,Knoxville,,212.88,140.58374,1,220.0,1,0,2020-05-01,,84248,4,Carl Chadwell 116-206 (KCity) -- Historic Sterchi Loft on Gay St,2026-09-02T12:53:49,35.96849823,,True,2024-05-23,"['1-2BR Condo', 'EasyBNBAmanda', 'Group 3', 'HA2', 'KCity', 'Regina', 'Safely', 'KnoxStaytion', 'SCounty', '1-2BR Cabin', '3-4BR', 'Group 1', 'Kyle', 'NotKnox', 'Knox', '2BDR', '8Guest', 'Key']",26.67,,Knox 1-2BR,217.0,1,
100.0,hostaway,-83.9197998,,,2,6454.14,Knox All listing,Knoxville,,215.14,140.59392,4,225.0,1,3,2020-05-02,,84250,10,Dylan Robinson 116-203 (KCity) -- City Loft w/ View of Gay St,2026-09-03T16:48:49,35.9681015,,True,2024-05-23,"['1-2BR Condo', 'EasyBNBAmanda', 'Group 2', 'HA1', 'KCity', 'Safely', 'Summer', 'KnoxStaytion', 'SCounty', '1-2BR Cabin', '3-4BR', 'Group 1', 'HA2', 'Kyle', 'NotKnox', 'Knox', '2BDR', '8Guest', 'Key']",56.67,,Knox 1-2BR,225.0,1,
89.0,hostaway,-83.9158004,,,3,5655.07,Knox All listing,Knoxville,,188.5,143.010282,3,129.0,1,0,2020-05-27,,84251,7,Dylan Robinson 3115 (KCity) -- 1940's Bungalow near Downtown & UT Campus,2026-09-01T18:48:29,36.0049709,,True,2024-05-23,"['EasyBNBAmanda', 'Group 2', 'HA2', 'KCity', 'Safely', 'Summer', 'KnoxStaytion', 'SCounty', '1-2BR Cabin', '3-4BR', 'Group 1', 'HA3', 'Kyle', 'NotKnox', 'Knox', '3BDR', '9Guest', 'Key']",46.67,,Knox 3-4BR,132.0,1,
80.0,hostaway,-83.91999817,,,1,807.8,Knox All listing,Knoxville,,31.07,121.32810899999998,6,135.0,1,3,2020-05-21,,84252,10,Kirk Kelso 116-102 (KCity) -- Modern Downtown Loft - 1 mile to UT,2026-09-03T12:00:15,35.96849823,,True,2024-05-23,"['1-2BR Condo', 'EasyBNBAmanda', 'Group 2', 'HA2', 'KCity', 'Regina', 'Safely', 'KnoxStaytion', 'Group 3', 'SCounty', '1-2BR Cabin', '3-4BR', 'Kyle', 'NotKnox', 'Knox', '1BDR', '6Guest', 'Junior']",38.46,,Knox 1-2BR,132.0,1,
100.0,hostaway,-83.91999817,,,2,5602.06,Knox All listing,Knoxville,,186.74,140.58374,5,185.0,1,0,2020-05-11,,84254,5,Dylan Robinson 116-106 (KCity) -- Modern Loft w/ View,2026-08-31T23:28:56,35.96849823,,True,2024-05-23,"['1-2BR Condo', 'EasyBNBAmanda', 'Group 2', 'HA2', 'KCity', 'Safely', 'Summer', 'KnoxStaytion', 'SCounty', '1-2BR Cabin', '3-4BR', 'Group 1', 'Kyle', 'NotKnox', 'Knox', '2BDR', '7Guest', 'Key']",36.67,,Knox 1-2BR,182.0,1,
105.0,hostaway,-83.91999817,,,3,9837.56,Knox All listing,Knoxville,,327.92,153.54318,8,255.0,1,5,2020-05-10,,84255,8,Brad Johnson 116-207 (KCity) -- Sunny Sterchi Loft w/ view,2026-09-05T20:08:48,35.96860123,,True,2024-05-23,"['EasyBNBAmanda', 'Group 3', 'HA2', 'KCity', 'Regina', 'Safely', 'KnoxStaytion', '3-4BR', 'SCounty', '1-2BR Cabin', 'Group 2', 'Kyle', 'NotKnox', 'Knox', '3BDR', '8Guest', 'Normal']",56.67,,Knox 3-4BR,266.0,1,
85.0,hostaway,-83.91999817,,,1,4547.24,Knox All listing,Knoxville,,151.57,121.32810899999998,2,140.0,1,0,2020-06-01,,84257,2,Dylan Robinson 116-204 (KCity) -- Sunny Loft w/ View of Gay St,2026-09-01T01:39:56,35.96849823,,True,2024-05-23,"['1-2BR Condo', 'EasyBNBAmanda', 'Group 2', 'HA2', 'KCity', 'Safely', 'Summer', 'KnoxStaytion', 'SCounty', '1-2BR Cabin', '3-4BR', 'Group 1', 'Kyle', 'NotKnox', 'Knox', '1BDR', '6Guest', 'Key']",20.0,,Knox 1-2BR,139.0,1,
120.0,hostaway,-83.92169952,,,4,11183.83,Knox All listing,Knoxville,,372.79,162.092385,2,270.0,1,0,2021-03-20,,84259,2,Spike & Nadim 507 (KCity) -- Historic 1900's Townhome with a Modern Flair,2026-09-03T10:21:05,35.97389984,,True,2024-05-23,"['EasyBNBAmanda', 'Group 1', 'HA2', 'KCity', 'Regina', 'Safely', 'KnoxStaytion', '3-4BR', 'SCounty', '1-2BR Cabin', 'Group 2', 'Kyle', 'NotKnox', 'Knox', '4BDR', '9Guest', 'Key']",50.0,,Knox 3-4BR,271.0,1,
85.0,hostaway,-83.91999817,,,1,126.0,Knox All listing,Knoxville,,6.63,121.32810899999998,0,150.0,1,0,2020-05-02,,84261,0,Sandra Hill 116-101 (KCity) -- Cozy Downtown Loft,2026-09-03T02:09:20,35.96849823,,True,2024-05-23,"['1-2BR Condo', 'EasyBNBAmanda', 'Group 3', 'HA2', 'KCity', 'Regina', 'Safely', 'KnoxStaytion', 'SCounty', '1-2BR Cabin', '3-4BR', 'Kyle', 'NotKnox', 'Knox', '1BDR', '6Guest', 'Junior']",10.53,,Knox 1-2BR,146.0,1,
90.0,hostaway,-83.6257019,,,2,2498.02,1-4BR Cabins / House,Sevierville,,83.27,98.034496,0,140.0,1,0,2021-05-03,,84290,1,Michael Rohwer 2455 (SCounty) -- Cabin in the Woods w/ Hot Tub,2026-08-29T04:14:17,35.79750061,,True,2024-05-23,"['1-2BR Cabin', 'Group 3', 'HA1', 'Junior', 'Katie', 'NotKnox', 'Safely', 'SCounty', 'BlessedCleaningTyler', '3-4BR', 'Kyle', 'PF', '1BDR', '4guest', 'Hottub', 'Pooltable', 'OB 4/28/21']",70.0,,1-2 Bedroom Cabins,140.0,1,
85.0,hostaway,-83.63710022,,,1,642.75,1-4BR Cabins / House,Sevierville,,21.43,106.176173,0,120.0,1,0,2021-06-07,,85745,0,David Holland 1645 (SCounty) -- Romantic Mountain Shanty - Hot Tub & Fireplace,2026-09-02T22:59:51,35.80619812,,True,2024-05-23,"['1-2BR Cabin', 'Group 3', 'HA1', 'Katie', 'NotKnox', 'Safely', 'SCounty', 'BlessedCleaningTyler', 'Summer', '3-4BR', 'Blake', 'PF', '1BDR', '2Guest', 'hottub', 'OB6/10/21', 'Junior']",20.0,,1-2 Bedroom Cabins,120.0,1,
90.0,hostaway,-83.53769684,,,2,3286.33,1-4BR Cabins / House,Pigeon Forge,,109.54,87.581856,0,160.0,1,0,2021-07-02,,86231,4,Philip Graves 527 (PF) -- Bearly Out of Bounds w/ Fire Pit,2026-08-26T13:52:59,35.78319931,,True,2024-05-23,"['1-2BR Cabin', 'Group 2', 'HA1', 'Katie', 'NORMAL', 'NotKnox', 'PF', 'Safely', 'BlessedCleaningTyler', 'SCounty', '3-4BR', 'Andrew', '2BDR', '4guest', 'OB6/22/21', 'Normal']",83.33,,1-2 Bedroom Cabins,157.0,1,
105.0,hostaway,-83.52410126,,,3,6137.68,1-4BR Cabins / House,Sevierville,,204.59,120.45331000000002,5,250.0,1,5,2021-07-01,,86393,5,"Leigh Anne Chong 2021 (SCounty) -- Peaks of Blue - View, Hot Tub, Theater Room!",2026-09-03T14:35:57,35.81019974,,True,2024-05-23,"['Group 2', 'HA1', 'NotKnox', 'Safely', 'SCounty', 'Summer', 'TendwellCleaning', 'BlessedCleaningTyler', '3-4BR', '1-2BR Cabin', 'PF', '3BDR', '10guest', 'theatre', 'gameroom', 'hottub', 'OB6/24/21', 'Normal', 'Low 3-4BR']",80.0,,3-4 Bedrooms,235.0,1,
85.0,hostaway,-83.58609772,,,2,0.0,1-4BR Cabins / House,Sevierville,,0.0,121.61765000000001,0,130.0,1,0,2021-09-10,,89008,0,"Brad Spurgin 1410 (SCounty) -- Papa Bear - Private w/ Hot Tub, Pool Table, & View",2026-07-04T16:33:59,35.75989914,,True,2024-05-23,"['1-2BR Cabin', 'Group 3', 'HA1', 'Pet', 'Regina', 'Safely', 'SCounty', 'BlessedCleaningTyler', '3-4BR', 'NotKnox', 'Summer', 'PF', '2BDR', '6Guest', 'hottub', 'OB8/24/21', 'Junior']",0.0,,1-2 Bedroom Cabins,140.0,1,
80.0,hostaway,-83.53990173,,,1,1373.53,1-4BR Cabins / House,Pigeon Forge,,45.78,87.3477,12,150.0,1,4,2021-10-01,,90024,12,"Donnie Rath 748 (PF) -- Stairway to Heaven - Hot Tub, Pool, Prime Location!",2026-09-06T00:30:33,35.78839874,,True,2024-05-23,"['1-2BR Cabin', 'Group 2', 'HA1', 'Junior', 'Katie', 'NotKnox', 'Pet', 'Safely', 'BlessedCleaningTyler', 'SCounty', '3-4BR', 'Blake', 'Group 3', 'Kyle', 'PF', '1BDR', '4Guest', 'Hottub', 'OB9/15/21', 'Community Pool', 'Community GameRoom']",40.0,,1-2 Bedroom Cabins,140.0,1,
100.0,hostaway,-83.66349792,,,4,2084.22,1-4BR Cabins / House,Sevierville,,69.47,161.86609199999998,0,170.0,1,0,2021-09-24,,90093,0,Leo Shum 4150 (SCounty) -- Copper Top - Stunning Views,2026-09-05T12:57:42,35.69869995,,True,2024-05-23,"['Group 1', 'HA1', 'NotKnox', 'Safely', 'SCounty', 'Summer', 'BlessedCleaningTyler', '3-4BR', '1-2BR Cabin', 'Andrew', 'Townsend', '4BDR', '14guest', 'hottub', 'indoor pool', 'View', 'Theater', 'OB-9/17/21', 'gameroom', 'Top', 'Low 3-4BR']",46.67,,3-4 Bedrooms,148.0,1,
105.0,hostaway,-83.66359711,,,4,3997.32,1-4BR Cabins / House,Sevierville,,133.24,161.68682399999997,4,270.0,1,4,2021-09-24,,90258,4,"Wah Shum 4160 (SCounty) -- Million Dollar View - Hot Tub, and Sauna!",2026-09-04T04:40:19,35.69779968,,True,2024-05-23,"['Group 1', 'HA1', 'NotKnox', 'Safely', 'SCounty', 'Summer', 'BlessedCleaningTyler', '3-4BR', '1-2BR Cabin', 'Andrew', 'Townsend', '4BDR', '14 Guest', 'Hottub', 'Indoor Pool', 'Gameroom', 'Theatre', 'Sauna', 'OB 9/22/21', 'Top', 'Low 3-4BR']",63.33,,3-4 Bedrooms,258.0,1,
80.0,hostaway,-83.59519958,,,1,2695.8,1-4BR Cabins / House,Sevierville,,89.86,85.257782,3,145.0,1,2,2021-10-13,,90666,8,"Stephen Su 641 (SCounty) -- Sweet Dreams - Romantic, Hot Tub",2026-09-06T01:39:57,35.80220032,,True,2024-05-23,"['1-2BR Cabin', 'Group 2', 'HA1', 'NotKnox', 'Safely', 'SCounty', 'Summer', 'BlessedCleaningTyler', 'Lily', '3-4BR', 'PF', '1BDR', '2Guest', 'Pool Table', 'hottub', 'OB10/1/21', 'Normal']",83.33,,1-2 Bedroom Cabins,123.0,1,
90.0,hostaway,-83.59480286,,,1,2833.24,1-4BR Cabins / House,Sevierville,,94.44,85.268632,0,140.0,1,0,2021-10-08,,90930,7,"Stephen Su 637 (SCounty) -- Peekaboo - Hot Tub, Pool Table, and Jacuzzi!",2026-09-03T22:47:46,35.80189896,,True,2024-05-23,"['1-2BR Cabin', 'Group 2', 'HA1', 'NotKnox', 'Safely', 'SCounty', 'Summer', 'BlessedCleaningTyler', 'Lily', '3-4BR', 'PF', '1BDR', '2Guest', 'Pool Table', 'hottub', 'OB10/1/21', 'Normal']",76.67,,1-2 Bedroom Cabins,140.0,1,
70.0,hostaway,-83.76059723,,,2,1971.23,1-4BR Cabins / House,Townsend,,65.71,96.00339199999999,0,140.0,1,0,2021-10-22,,91281,0,Lisa Collier 333 (BC) -- Beary Relaxing Cabin - Rustic w/ Outdoor Patio!,2026-09-04T15:14:10,35.66790009,,True,2024-05-23,"['1-2BR Cabin', 'BC', 'Group 3', 'HA1', 'Junior', 'Katie', 'NotKnox', 'Safely', 'BlessedCleaningTyler', 'SCounty', '3-4BR', 'Andrew', 'Group 1', 'HA3', 'Townsend', '2BDR', '4guest', 'OB10/15/21', 'Key']",66.67,,1-2 Bedroom Cabins,117.0,1,
119.0,hostaway,-83.68489838,,,5,2306.89,5-6 Bedrooms,Sevierville,,76.9,225.37560000000002,8,270.0,1,0,2021-11-23,,92158,10,Ashley May 2935 (SCounty) -- Endless Mountain Views - Hot Tub & Fireplace!,2026-09-05T13:36:54,35.73809814,,True,2024-05-23,"['5-6BR', 'Group 1', 'HA1', 'NotKnox', 'Safely', 'SCounty', 'Summer', 'BlessedCleaningTyler', '1-2BR Cabin', '3-4BR', 'WearsValley', '5BDR', '14Guest', 'gameroom', 'views', 'OB 11/1/21', 'Key']",46.67,,,275.0,1,
85.0,hostaway,-83.60829926,,,3,1522.12,1-4BR Cabins / House,Sevierville,,56.37,108.453264,0,125.0,1,0,2021-12-03,,92981,4,Mike Martin 2939 (SCounty) -- Front-Row Smoky Mountain Views - Chef's Kitchen,2026-08-29T22:48:43,35.79499817,,True,2024-05-23,"['Group 3', 'HA1', 'Junior', 'Katie', 'NotKnox', 'Safely', 'SCounty', 'BlessedCleaningTyler', '3-4BR', '1-2BR Cabin', 'PF', '3BDR', '7Guest', 'OB11/10/21', 'Low 3-4BR']",40.74,,3-4 Bedrooms,122.0,1,
105.0,hostaway,-83.51329803,,,4,2957.76,1-4BR Cabins / House,Gatlinburg,,98.59,200.85168400000003,0,175.0,1,0,2021-12-19,,93319,3,"Brian Hopp 649 (GAT) -- City Hideaway - Hot Tub, Fireplace, Grill",2026-09-01T01:03:18,35.72340012,,True,2024-05-23,"['GAT', 'Group 3', 'Katie', 'NotKnox', 'Pet', 'Safely', 'BlessedCleaningTyler', '3-4BR', 'SCounty', 'HA3', '1-2BR Cabin', 'Group 2', 'Kyle', '14Guest', 'OB11/16/21', 'hottub', '4BDR', 'Normal', 'Low 3-4BR']",63.33,,3-4 Bedrooms,174.0,1,
90.0,hostaway,-83.75849915,,,3,2786.0,1-4BR Cabins / House,Townsend,,92.87,110.250476,2,135.0,1,2,2021-11-23,,93532,4,Brian Hopp 7646 (BC) -- Evergreen Getaway - Fire Pit and Wood Fireplace!,2026-09-04T22:37:04,35.67520142,,True,2024-05-23,"['BC', 'Group 2', 'HA1', 'Junior', 'Katie', 'NotKnox', 'Pet', 'TendwellCleaning', 'BlessedCleaningTyler', '3-4BR', 'SCounty', 'HA3', '1-2BR Cabin', 'Kyle', 'Townsend', '3BDR', '6Guest', 'OB 11/18/21', 'Normal', 'High 3-4BR']",80.0,,3-4 Bedrooms,129.0,1,
130.0,hostaway,-83.53050232,,,4,6308.85,1-4BR Cabins / House,Gatlinburg,,210.3,215.74483000000004,4,300.0,1,0,2021-12-08,,94762,8,"Cheryl Draper 723 (SCounty) -- Sky Ridge - Mt View, WC Accessible, & Swim Spa!",2026-08-31T23:25:27,35.72200012,,True,2024-05-23,"['Group 1', 'HA1', 'NotKnox', 'Safely', 'SCounty', 'Summer', 'BlessedCleaningTyler', '3-4BR', '1-2BR Cabin', 'Gat', '4BDR', '12Guest', 'View', 'hottub', 'games', 'Swim_Spa', 'OB12812', 'Top', 'High 3-4BR']",70.0,,3-4 Bedrooms,300.0,1,
80.0,hostaway,-83.91999817,,,1,3638.61,Knox All listing,Knoxville,,121.29,121.32810899999998,9,165.0,1,5,2021-12-24,,95208,9,Leigh Burch 116-108 (KCity) -- Sterchi Lofts Getaway - Downtown Knoxville,2026-09-06T14:25:59,35.96849823,,True,2024-05-23,"['1-2BR Condo', 'EasyBNBAmanda', 'Group 2', 'HA2', 'KCity', 'Regina', 'Safely', 'KnoxStaytion', 'SCounty', '1-2BR Cabin', '3-4BR', 'Kyle', 'leigh', 'NotKnox', 'Knox', '1BDR', '8Guest', 'Normal']",43.33,,Knox 1-2BR,163.0,1,
88.0,hostaway,-83.91790009,,,2,4862.22,Knox All listing,Knoxville,,162.07,138.47614199999998,0,140.0,1,0,2021-12-24,,95211,2,Karim Boghani 118-4 (KCity) -- Unique Old City Loft - Minutes from Market Square,2026-08-28T17:00:28,35.97079849,,True,2024-05-23,"['EasyBNBAmanda', 'Group 1', 'KCity', 'Regina', 'Safely', 'KnoxStaytion', 'SCounty', 'HA3', '1-2BR Cabin', '1-2BR Condo', '3-4BR', 'Group 2', 'Kyle', 'NotKnox', 'Knox', '2BDR', '8Guest', 'Normal']",16.67,,Knox 1-2BR,137.0,1,
98.0,hostaway,-83.91799927,,,3,6527.48,Knox All listing,Knoxville,,217.58,152.168993,0,175.0,1,0,2021-12-26,,95292,0,Karim Boghani 112-3 (KCity) -- Elegant Old City Loft - Downtown,2026-08-17T02:10:15,35.97069931,,True,2024-05-23,"['EasyBNBAmanda', 'Group 1', 'KCity', 'Regina', 'Safely', 'KnoxStaytion', '3-4BR', 'SCounty', 'HA3', '1-2BR Cabin', 'Group 2', 'Kyle', 'NotKnox', 'Knox', '3BDR', '8Guest', 'Normal']",20.0,,Knox 3-4BR,172.0,1,
89.0,hostaway,-83.91790009,,,2,3223.93,Knox All listing,Knoxville,,107.46,138.47614199999998,11,140.0,1,1,2022-03-17,,95305,11,Karim Boghani 118-2 (KCity) -- Spacious Old City Loft,2026-09-05T00:18:37,35.97079849,,True,2024-05-23,"['1-2BR Condo', 'EasyBNBAmanda', 'Group 1', 'HA2', 'KCity', 'Regina', 'Safely', 'KnoxStaytion', 'SCounty', '1-2BR Cabin', '3-4BR', 'Group 2', 'Kyle', 'NotKnox', 'Knox', '2BDR', '8Guest', 'Normal']",36.67,,Knox 1-2BR,130.0,1,
89.0,hostaway,-83.91790009,,,1,1413.36,Knox All listing,Knoxville,,47.11,121.15819400000002,3,150.0,1,0,2021-12-24,,95422,3,Karim Boghani 118-1 (KCity) -- Modern Old City Loft - Downtown Knoxville,2026-09-01T02:37:00,35.97079849,,True,2024-05-23,"['1-2BR Condo', 'EasyBNBAmanda', 'Group 1', 'HA2', 'KCity', 'Regina', 'Safely', 'KnoxStaytion', 'SCounty', '1-2BR Cabin', '3-4BR', 'Group 2', 'Kyle', 'NotKnox', 'Knox', '1BDR', '6Guest', 'Normal']",10.0,,Knox 1-2BR,150.0,1,
90.0,hostaway,-83.91790009,,,2,5004.4,Knox All listing,Knoxville,,166.81,138.47614199999998,0,195.0,1,0,2021-12-24,,95464,0,Karim Boghani 118-3 (KCity) -- Heart of the Old City - Minutes from Market Square,2026-08-14T14:56:15,35.97079849,,True,2024-05-23,"['1-2BR Condo', 'EasyBNBAmanda', 'Group 1', 'HA2', 'KCity', 'Regina', 'Safely', 'KnoxStaytion', 'SCounty', '1-2BR Cabin', '3-4BR', 'Group 2', 'Kyle', 'NotKnox', 'Knox', '2BDR', '10Guest', 'Normal']",13.33,,Knox 1-2BR,192.0,1,
119.0,hostaway,-83.76989746,,,2,1616.62,1-4 BR with MINIMUM REQUESTS,Townsend,,53.89,94.91548800000001,0,130.0,1,0,2022-01-15,,96375,0,Donnie Riddle 223-203 (BC) -- Abrams Retreat at Cades Cove w/ Mountain Views!,2026-09-04T17:08:38,35.67660141,,True,2024-05-23,"['1-2BR Condo', 'BC', 'Group 2', 'HA1', 'Junior', 'Katie', 'Safely', 'BlessedCleaningTyler', 'SCounty', '1-2BR Cabin', '3-4BR', 'Blake', 'Group 3', 'Kyle', 'NotKnox', 'Townsend Condo', 'Townsend', '2BDR', '6Guest', 'Community outdoor pool', 'OB1/2/22', 'min rate', 'min LOS']",36.67,,1-2 Bedroom Condos,128.0,1,
105.0,hostaway,-83.67469788,,,3,2628.0,1-4BR Cabins / House,Sevierville,,87.6,136.7514,0,235.0,1,0,2022-01-15,,96720,0,"Brendan Smith 4386 (SCounty) -- BellaYani-Pet Friendly, Hot Tub, Views, Games",2026-09-05T01:18:50,35.73329926,,True,2024-05-23,"['Group 2', 'HA1', 'NotKnox', 'Pet', 'Safely', 'SCounty', 'Summer', 'TendwellCleaning', 'BlessedCleaningTyler', '3-4BR', '1-2BR Cabin', 'Wears Valley', '3BDR', '12 Guest', 'hottub', 'jacuzzi', 'gameroom', 'OB1/4/22', 'Normal', 'Med 3-4BR']",46.67,,3-4 Bedrooms,245.0,1,
